engine_id,flight_id,t_s,engine_hours_h,seq,altitude_m,oat_c,ambient_pressure_kpa,throttle_pct,engine_load_pct,map_kpa,rpm,cht_1_c,cht_2_c,cht_3_c,cht_4_c,egt_1_c,egt_2_c,egt_3_c,egt_4_c,coolant_temp_c,oil_temp_c,oil_pressure_bar,fuel_flow_lph,fuel_pressure_bar,vib_rms_g,vib_1x_g,vib_high_g,vib_kurtosis,battery_voltage_v,alternator_current_a,injection_timing_deg,fault_class,fault_severity,time_to_failure_s,health_index_true
E001,T1-0000,0.0,259.88035,0,0.0,15.053,101.325,92.0,89.946,94.255,5279.802,106.994,108.515,111.01,111.366,800.992,800.597,796.559,800.234,89.728,112.759,3.782,20.31,3.031,0.737,0.371,0.242,2.958,14.182,10.777,22.774,NORMAL,0.0,-1.0,100.0
E001,T1-0000,1.0,259.88063,1,13.484,14.965,101.163,92.0,89.802,94.056,5282.29,107.434,108.791,110.974,111.75,799.904,800.62,796.086,804.376,89.835,112.754,3.782,20.277,3.04,0.727,0.377,0.243,2.945,14.189,11.251,22.784,NORMAL,0.0,-1.0,100.0
E001,T1-0000,2.0,259.8809,2,26.969,14.877,101.001,92.0,89.659,93.945,5281.754,107.51,108.878,111.087,111.857,798.919,799.118,792.841,803.347,89.681,112.81,3.784,20.235,3.041,0.736,0.371,0.245,3.015,14.179,11.217,22.788,NORMAL,0.0,-1.0,100.0
E001,T1-0000,3.0,259.88118,3,40.453,14.79,100.84,92.0,89.515,93.686,5282.91,107.419,108.463,111.471,111.833,796.487,796.672,793.197,799.274,89.663,112.761,3.786,20.199,3.067,0.75,0.365,0.243,3.018,14.199,11.234,22.794,NORMAL,0.0,-1.0,100.0
E001,T1-0000,4.0,259.88146,4,53.937,14.702,100.679,92.0,89.372,93.623,5277.055,107.099,108.971,111.451,112.22,799.977,795.33,796.006,798.268,89.739,112.839,3.787,20.14,3.034,0.782,0.37,0.246,3.041,14.226,11.083,22.787,NORMAL,0.0,-1.0,100.0
E001,T1-0000,5.0,259.88174,5,67.421,14.615,100.518,92.0,89.229,93.469,5276.18,107.238,108.762,111.532,112.564,798.433,796.747,796.557,800.683,89.784,112.803,3.787,20.098,3.067,0.763,0.382,0.242,3.046,14.213,11.104,22.79,NORMAL,0.0,-1.0,100.0
E001,T1-0000,6.0,259.88202,6,80.906,14.527,100.357,92.0,89.087,93.276,5271.831,106.769,108.668,111.577,111.856,799.844,795.867,798.741,798.951,89.793,112.806,3.785,20.044,3.038,0.761,0.375,0.24,3.061,14.213,10.989,22.785,NORMAL,0.0,-1.0,100.0
E001,T1-0000,7.0,259.88229,7,94.39,14.439,100.196,92.0,88.944,93.09,5273.144,107.214,109.055,111.218,111.959,800.551,795.129,797.575,796.149,89.858,112.777,3.783,20.009,3.071,0.768,0.377,0.239,3.036,14.206,11.013,22.792,NORMAL,0.0,-1.0,100.0
E001,T1-0000,8.0,259.88257,8,107.874,14.352,100.036,92.0,88.802,93.02,5270.792,106.23,108.372,110.586,112.315,799.684,798.433,798.142,796.685,89.902,112.815,3.78,19.962,3.088,0.755,0.37,0.243,3.05,14.211,11.052,22.791,NORMAL,0.0,-1.0,100.0
E001,T1-0000,9.0,259.88285,9,121.359,14.264,99.876,92.0,88.659,92.885,5270.458,106.415,108.307,110.521,112.294,798.077,797.307,797.821,793.727,89.808,112.694,3.78,19.921,3.063,0.744,0.383,0.246,3.031,14.216,11.325,22.794,NORMAL,0.0,-1.0,100.0
E001,T1-0000,10.0,259.88313,10,134.843,14.176,99.716,92.0,88.517,92.788,5263.733,106.769,108.246,110.456,111.586,795.445,797.672,797.21,796.184,89.818,112.761,3.779,19.861,3.061,0.733,0.38,0.247,2.999,14.188,11.466,22.784,NORMAL,0.0,-1.0,100.0
E001,T1-0000,11.0,259.8834,11,148.327,14.089,99.556,92.0,88.376,92.579,5261.03,107.028,108.044,109.962,111.431,794.164,797.26,796.822,797.268,89.642,112.698,3.771,19.814,3.044,0.76,0.373,0.248,3.012,14.253,10.916,22.783,NORMAL,0.0,-1.0,100.0
E001,T1-0000,12.0,259.88368,12,161.811,14.001,99.396,92.0,88.234,92.397,5258.335,106.564,108.139,109.79,111.589,795.65,795.889,795.471,795.884,89.663,112.592,3.781,19.766,3.043,0.761,0.37,0.245,3.037,14.202,11.18,22.781,NORMAL,0.0,-1.0,100.0
E001,T1-0000,13.0,259.88396,13,175.296,13.913,99.237,92.0,88.092,92.247,5263.42,106.394,108.456,109.551,111.829,797.651,796.422,793.075,795.52,89.702,112.647,3.779,19.743,3.054,0.749,0.37,0.243,3.013,14.237,11.009,22.793,NORMAL,0.0,-1.0,100.0
E001,T1-0000,14.0,259.88424,14,188.78,13.826,99.078,92.0,87.951,92.144,5257.158,106.266,108.63,109.169,111.745,797.472,798.577,797.542,794.128,89.76,112.751,3.774,19.685,3.035,0.752,0.368,0.247,3.034,14.154,11.246,22.784,NORMAL,0.0,-1.0,100.0
E001,T1-0000,15.0,259.88452,15,202.264,13.738,98.919,92.0,87.81,91.942,5259.095,105.976,108.196,108.705,111.33,795.593,798.065,795.407,793.736,89.707,112.635,3.779,19.653,3.023,0.772,0.375,0.247,3.029,14.183,11.361,22.791,NORMAL,0.0,-1.0,100.0
E001,T1-0000,16.0,259.88479,16,215.748,13.65,98.76,92.0,87.669,91.781,5258.362,106.06,107.804,108.485,110.626,795.681,794.663,796.461,796.21,89.606,112.617,3.777,19.612,3.053,0.754,0.369,0.253,2.993,14.214,11.017,22.792,NORMAL,0.0,-1.0,100.0
E001,T1-0000,17.0,259.88507,17,229.233,13.563,98.601,92.0,87.528,91.667,5253.528,105.965,108.237,108.631,111.616,797.343,796.579,796.316,796.515,89.412,112.545,3.774,19.559,3.037,0.74,0.367,0.252,2.993,14.218,11.227,22.785,NORMAL,0.0,-1.0,100.0
E001,T1-0000,18.0,259.88535,18,242.717,13.475,98.443,92.0,87.388,91.553,5255.016,105.655,108.421,107.93,111.678,796.359,796.481,797.578,793.821,89.236,112.648,3.779,19.526,3.075,0.728,0.366,0.254,3.003,14.2,11.362,22.791,NORMAL,0.0,-1.0,100.0
E001,T1-0000,19.0,259.88563,19,256.201,13.387,98.285,92.0,87.247,91.367,5253.868,105.986,108.357,107.469,110.949,795.966,796.678,798.59,795.425,89.306,112.6,3.781,19.485,3.042,0.731,0.363,0.252,3.017,14.2,11.318,22.791,NORMAL,0.0,-1.0,100.0
E001,T1-0000,20.0,259.8859,20,269.686,13.3,98.127,92.0,87.107,91.216,5246.379,106.054,108.342,107.146,110.656,799.315,795.672,796.979,794.058,89.314,112.705,3.777,19.423,3.037,0.721,0.365,0.253,3.008,14.203,11.267,22.779,NORMAL,0.0,-1.0,100.0
E001,T1-0000,21.0,259.88618,21,283.17,13.212,97.969,92.0,86.967,91.142,5243.315,105.954,107.912,107.062,110.43,797.26,796.963,797.15,797.02,89.189,112.672,3.769,19.375,3.052,0.718,0.36,0.253,3.017,14.227,11.321,22.775,NORMAL,0.0,-1.0,100.0
E001,T1-0000,22.0,259.88646,22,296.654,13.125,97.812,92.0,86.827,90.959,5244.587,106.108,107.561,107.261,110.693,795.809,795.806,794.698,798.795,89.215,112.547,3.768,19.342,3.057,0.756,0.363,0.25,3.077,14.227,11.03,22.78,NORMAL,0.0,-1.0,100.0
E001,T1-0000,23.0,259.88674,23,310.138,13.037,97.654,92.0,86.688,90.762,5245.489,106.09,107.456,107.504,110.903,798.906,796.263,793.163,797.777,89.099,112.499,3.769,19.307,3.057,0.755,0.359,0.25,3.088,14.202,11.386,22.784,NORMAL,0.0,-1.0,100.0
E001,T1-0000,24.0,259.88702,24,323.623,12.949,97.497,92.0,86.548,90.606,5242.594,106.339,108.083,108.006,111.157,802.729,797.763,795.934,798.52,89.024,112.482,3.774,19.26,3.053,0.741,0.357,0.251,3.031,14.175,11.328,22.78,NORMAL,0.0,-1.0,100.0
E001,T1-0000,25.0,259.88729,25,337.107,12.862,97.34,92.0,86.409,90.482,5239.385,106.248,108.092,108.36,111.161,802.696,798.273,796.994,797.449,89.02,112.535,3.769,19.213,3.033,0.74,0.357,0.253,2.987,14.184,11.274,22.776,NORMAL,0.0,-1.0,100.0
E001,T1-0000,26.0,259.88757,26,350.591,12.774,97.184,92.0,86.27,90.403,5238.408,106.71,108.062,107.822,111.631,800.375,797.683,796.239,798.253,88.957,112.506,3.776,19.173,3.052,0.735,0.358,0.254,2.995,14.226,10.937,22.776,NORMAL,0.0,-1.0,100.0
E001,T1-0000,27.0,259.88785,27,364.076,12.686,97.027,92.0,86.131,90.161,5241.128,107.322,108.087,107.756,111.32,800.591,796.572,797.3,796.718,89.054,112.44,3.774,19.144,3.051,0.744,0.357,0.25,2.966,14.191,11.171,22.783,NORMAL,0.0,-1.0,100.0
E001,T1-0000,28.0,259.88813,28,377.56,12.599,96.871,92.0,85.992,90.05,5236.646,107.683,108.09,107.352,111.326,798.607,798.05,799.965,794.774,88.9,112.431,3.771,19.092,3.049,0.733,0.363,0.252,3.008,14.211,11.383,22.776,NORMAL,0.0,-1.0,100.0
E001,T1-0000,29.0,259.8884,29,391.044,12.511,96.715,92.0,85.853,89.948,5237.237,107.619,107.861,107.6,111.493,798.41,798.774,798.407,794.919,88.841,112.399,3.78,19.057,3.035,0.753,0.36,0.251,3.089,14.199,11.361,22.779,NORMAL,0.0,-1.0,100.0
E001,T1-0000,30.0,259.88868,30,404.528,12.423,96.559,92.0,85.715,89.813,5235.12,107.648,108.217,107.506,110.601,797.789,799.864,795.051,796.116,89.049,112.307,3.772,19.014,3.042,0.768,0.364,0.248,3.081,14.195,11.077,22.777,NORMAL,0.0,-1.0,100.0
E001,T1-0000,31.0,259.88896,31,418.013,12.336,96.403,92.0,85.577,89.645,5235.787,106.711,107.694,107.199,110.684,799.231,800.753,796.53,796.02,88.916,112.363,3.771,18.979,3.034,0.786,0.36,0.247,3.072,14.199,11.158,22.779,NORMAL,0.0,-1.0,100.0
E001,T1-0000,32.0,259.88924,32,431.497,12.248,96.248,92.0,85.439,89.534,5233.287,106.673,107.261,107.232,110.547,798.811,797.737,796.328,795.809,88.824,112.293,3.771,18.934,3.063,0.77,0.359,0.244,3.031,14.211,11.282,22.776,NORMAL,0.0,-1.0,100.0
E001,T1-0000,33.0,259.88952,33,444.981,12.16,96.092,92.0,85.301,89.37,5234.859,106.718,107.334,107.316,110.388,799.122,796.486,794.262,794.845,88.746,112.224,3.776,18.902,3.044,0.754,0.357,0.246,3.072,14.211,11.284,22.781,NORMAL,0.0,-1.0,100.0
E001,T1-0000,34.0,259.88979,34,458.466,12.073,95.937,92.0,85.163,89.165,5232.016,106.758,107.041,108.51,110.108,799.767,794.289,795.661,793.102,88.858,112.254,3.774,18.856,3.024,0.767,0.364,0.246,3.058,14.204,11.692,22.777,NORMAL,0.0,-1.0,100.0
E001,T1-0000,35.0,259.89007,35,471.95,11.985,95.782,92.0,85.026,89.052,5228.106,106.515,106.553,109.095,110.261,797.22,795.03,793.213,795.854,88.908,112.174,3.771,18.807,3.045,0.749,0.364,0.244,3.05,14.195,11.497,22.771,NORMAL,0.0,-1.0,100.0
E001,T1-0000,36.0,259.89035,36,485.434,11.897,95.628,92.0,84.889,88.938,5224.276,106.672,106.725,108.751,110.296,797.723,795.466,793.053,794.466,88.98,112.176,3.77,18.759,3.03,0.761,0.368,0.242,3.031,14.211,11.346,22.765,NORMAL,0.0,-1.0,100.0
E001,T1-0000,37.0,259.89063,37,498.918,11.81,95.473,92.0,84.751,88.807,5228.426,106.875,106.934,108.895,110.531,794.877,795.753,790.916,791.539,88.814,112.222,3.779,18.735,3.055,0.757,0.371,0.241,3.041,14.183,11.707,22.774,NORMAL,0.0,-1.0,100.0
E001,T1-0000,38.0,259.8909,38,512.403,11.722,95.319,92.0,84.614,88.64,5228.464,107.133,107.242,109.164,110.21,795.459,794.395,791.386,792.513,88.865,112.21,3.78,18.699,3.039,0.752,0.373,0.24,3.033,14.173,11.375,22.775,NORMAL,0.0,-1.0,100.0
E001,T1-0000,39.0,259.89118,39,525.887,11.635,95.165,92.0,84.478,88.526,5226.085,106.87,106.867,109.154,109.969,797.15,793.976,793.089,793.474,88.715,112.066,3.776,18.655,3.053,0.737,0.372,0.24,3.004,14.206,11.388,22.772,NORMAL,0.0,-1.0,100.0
E001,T1-0000,40.0,259.89146,40,539.371,11.547,95.011,92.0,84.341,88.3,5222.984,106.937,107.051,109.978,109.903,795.544,795.082,793.364,794.661,88.815,112.095,3.783,18.609,3.052,0.742,0.368,0.238,3.028,14.217,11.79,22.768,NORMAL,0.0,-1.0,100.0
E001,T1-0000,41.0,259.89174,41,552.855,11.459,94.857,92.0,84.205,88.226,5214.686,106.846,106.655,110.088,109.76,797.777,793.873,795.233,795.369,88.776,112.217,3.774,18.548,3.06,0.75,0.364,0.241,2.992,14.23,11.287,22.753,NORMAL,0.0,-1.0,100.0
E001,T1-0000,42.0,259.89202,42,566.34,11.372,94.704,92.0,84.068,88.058,5211.804,106.623,106.919,110.312,109.348,797.755,794.652,796.644,795.713,88.829,111.995,3.767,18.503,3.07,0.735,0.36,0.239,2.986,14.184,11.684,22.749,NORMAL,0.0,-1.0,100.0
E001,T1-0000,43.0,259.89229,43,579.824,11.284,94.551,92.0,83.932,88.028,5213.556,106.661,107.205,110.078,108.877,796.417,792.173,798.116,798.942,88.752,112.17,3.767,18.472,3.067,0.747,0.361,0.241,2.992,14.192,11.616,22.753,NORMAL,0.0,-1.0,100.0
E001,T1-0000,44.0,259.89257,44,593.308,11.196,94.398,92.0,83.797,87.83,5202.782,106.278,107.216,110.597,108.348,794.497,788.895,797.027,797.47,88.725,111.967,3.761,18.403,3.069,0.736,0.361,0.239,3.036,14.164,11.747,22.734,NORMAL,0.0,-1.0,100.0
E001,T1-0000,45.0,259.89285,45,606.793,11.109,94.245,92.0,83.661,87.546,5207.476,106.184,107.285,110.435,109.136,795.363,790.365,796.456,798.319,88.585,112.018,3.767,18.382,3.06,0.736,0.361,0.239,3.044,14.214,11.691,22.744,NORMAL,0.0,-1.0,100.0
E001,T1-0000,46.0,259.89313,46,620.277,11.021,94.092,92.0,83.525,87.458,5211.078,105.526,106.95,110.532,108.558,795.772,789.752,796.845,795.808,88.687,111.888,3.757,18.358,3.043,0.732,0.36,0.242,3.001,14.223,11.706,22.752,NORMAL,0.0,-1.0,100.0
E001,T1-0000,47.0,259.8934,47,633.761,10.933,93.94,92.0,83.39,87.297,5208.608,105.264,106.399,110.467,108.839,793.257,788.91,796.874,793.777,88.576,111.937,3.77,18.315,3.039,0.75,0.363,0.239,2.942,14.214,11.48,22.748,NORMAL,0.0,-1.0,100.0
E001,T1-0000,48.0,259.89368,48,647.245,10.846,93.787,92.0,83.255,87.107,5201.16,105.028,106.562,110.353,109.357,793.409,789.504,796.542,793.506,88.437,111.838,3.768,18.257,3.062,0.736,0.363,0.245,2.927,14.216,11.787,22.735,NORMAL,0.0,-1.0,100.0
E001,T1-0000,49.0,259.89396,49,660.73,10.758,93.635,92.0,83.12,86.972,5204.55,104.826,106.447,110.47,109.04,796.011,793.126,797.009,793.717,88.693,111.922,3.765,18.232,3.053,0.738,0.358,0.241,2.942,14.187,11.616,22.742,NORMAL,0.0,-1.0,100.0
E001,T1-0000,50.0,259.89424,50,674.214,10.67,93.483,92.0,82.985,86.902,5202.818,104.836,106.02,110.164,109.339,793.135,792.156,794.254,792.014,88.51,111.843,3.764,18.191,3.045,0.741,0.362,0.24,2.947,14.203,12.053,22.74,NORMAL,0.0,-1.0,100.0
E001,T1-0000,51.0,259.89452,51,687.698,10.583,93.332,92.0,82.85,86.819,5196.144,104.761,105.015,109.896,109.028,793.454,793.25,795.589,793.81,88.608,111.733,3.772,18.136,3.064,0.751,0.36,0.241,3.014,14.202,11.484,22.728,NORMAL,0.0,-1.0,100.0
E001,T1-0000,52.0,259.89479,52,701.183,10.495,93.18,92.0,82.716,86.68,5191.228,105.212,104.735,109.687,108.844,790.86,793.582,795.289,790.928,88.499,111.692,3.766,18.085,3.049,0.74,0.359,0.238,3.014,14.201,11.721,22.72,NORMAL,0.0,-1.0,100.0
E001,T1-0000,53.0,259.89507,53,714.667,10.407,93.029,92.0,82.582,86.503,5194.371,105.167,105.176,109.196,108.376,787.523,792.407,795.062,791.246,88.589,111.7,3.769,18.06,3.037,0.739,0.358,0.244,3.015,14.244,11.531,22.727,NORMAL,0.0,-1.0,100.0
E001,T1-0000,54.0,259.89535,54,728.151,10.32,92.878,92.0,82.448,86.251,5190.486,105.024,105.441,109.731,108.596,787.765,790.539,795.309,792.862,88.466,111.727,3.768,18.013,3.054,0.738,0.357,0.243,2.989,14.183,11.885,22.72,NORMAL,0.0,-1.0,100.0
E001,T1-0000,55.0,259.89563,55,741.635,10.232,92.727,92.0,82.314,86.177,5189.024,104.788,105.224,110.128,108.566,790.309,793.641,796.748,793.127,88.289,111.616,3.762,17.974,3.053,0.736,0.356,0.241,2.993,14.18,11.551,22.718,NORMAL,0.0,-1.0,100.0
E001,T1-0000,56.0,259.8959,56,755.12,10.145,92.576,92.0,82.18,86.123,5188.99,104.703,105.461,109.45,108.481,791.645,791.815,795.009,792.815,88.489,111.786,3.763,17.939,3.049,0.738,0.356,0.241,2.979,14.216,11.847,22.719,NORMAL,0.0,-1.0,100.0
E001,T1-0000,57.0,259.89618,57,768.604,10.057,92.426,92.0,82.046,85.884,5192.467,104.862,105.813,109.294,108.882,791.016,793.084,794.776,790.065,88.423,111.661,3.77,17.915,3.057,0.752,0.355,0.24,2.971,14.221,11.655,22.726,NORMAL,0.0,-1.0,100.0
E001,T1-0000,58.0,259.89646,58,782.088,9.969,92.276,92.0,81.913,85.778,5188.281,104.501,105.688,109.193,108.908,791.77,790.131,794.18,790.792,88.425,111.546,3.771,17.868,3.068,0.746,0.358,0.24,2.993,14.19,11.902,22.719,NORMAL,0.0,-1.0,100.0
E001,T1-0000,59.0,259.89674,59,795.573,9.882,92.126,92.0,81.78,85.656,5181.46,104.674,105.108,109.341,108.613,792.063,791.386,791.847,789.907,88.501,111.539,3.762,17.813,3.036,0.763,0.361,0.241,2.961,14.206,11.906,22.707,NORMAL,0.0,-1.0,100.0
E001,T1-0000,60.0,259.89702,60,809.057,9.794,91.976,92.0,81.647,85.541,5185.975,104.901,105.482,109.769,107.755,790.847,793.226,791.458,791.417,88.405,111.516,3.765,17.792,3.038,0.746,0.371,0.24,3.0,14.217,11.719,22.716,NORMAL,0.0,-1.0,100.0
E001,T1-0000,61.0,259.89729,61,822.541,9.706,91.826,92.0,81.514,85.408,5177.766,104.961,106.038,109.35,107.776,790.099,794.472,788.653,792.92,88.406,111.476,3.766,17.733,3.047,0.763,0.366,0.248,3.082,14.184,11.915,22.702,NORMAL,0.0,-1.0,100.0
E001,T1-0000,62.0,259.89757,62,836.025,9.619,91.677,92.0,81.381,85.227,5176.326,105.128,106.097,109.554,108.322,788.752,792.344,787.817,788.887,88.389,111.375,3.763,17.694,3.043,0.751,0.367,0.244,3.095,14.213,11.936,22.7,NORMAL,0.0,-1.0,100.0
E001,T1-0000,63.0,259.89785,63,849.51,9.531,91.527,92.0,81.249,85.07,5177.2,104.499,105.71,109.672,108.17,790.756,791.234,789.614,788.655,88.457,111.458,3.754,17.663,3.063,0.744,0.361,0.244,3.094,14.198,11.564,22.702,NORMAL,0.0,-1.0,100.0
E001,T1-0000,64.0,259.89813,64,862.994,9.443,91.378,92.0,81.116,84.958,5178.259,104.481,105.618,109.604,107.888,789.254,789.635,792.128,789.795,88.474,111.338,3.766,17.632,3.036,0.769,0.363,0.243,3.018,14.208,11.953,22.705,NORMAL,0.0,-1.0,100.0
E001,T1-0000,65.0,259.8984,65,876.478,9.356,91.229,92.0,80.984,84.853,5176.324,104.479,105.021,109.423,107.868,787.951,789.736,793.06,791.36,88.325,111.332,3.764,17.592,3.05,0.751,0.36,0.242,3.031,14.211,11.936,22.702,NORMAL,0.0,-1.0,100.0
E001,T1-0000,66.0,259.89868,66,889.963,9.268,91.081,92.0,80.852,84.695,5171.766,104.773,105.505,109.623,108.129,790.634,788.465,790.434,792.546,88.354,111.394,3.762,17.545,3.077,0.738,0.356,0.242,3.053,14.244,11.743,22.694,NORMAL,0.0,-1.0,100.0
E001,T1-0000,67.0,259.89896,67,903.447,9.18,90.932,92.0,80.72,84.589,5171.683,104.913,105.142,109.688,108.356,791.643,786.427,787.918,791.19,88.274,111.283,3.769,17.511,3.053,0.73,0.356,0.241,3.062,14.202,11.659,22.694,NORMAL,0.0,-1.0,100.0
E001,T1-0000,68.0,259.89924,68,916.931,9.093,90.784,92.0,80.589,84.374,5171.21,104.511,105.44,109.569,108.304,792.08,788.377,789.745,789.78,88.355,111.397,3.763,17.476,3.039,0.734,0.362,0.239,3.027,14.178,11.945,22.694,NORMAL,0.0,-1.0,100.0
E001,T1-0000,69.0,259.89952,69,930.415,9.005,90.636,92.0,80.457,84.27,5167.387,104.353,105.283,109.383,108.716,785.674,792.797,790.542,788.758,88.376,111.25,3.763,17.43,3.053,0.766,0.362,0.238,3.019,14.219,12.168,22.688,NORMAL,0.0,-1.0,100.0
E001,T1-0000,70.0,259.89979,70,943.9,8.917,90.488,92.0,80.326,84.191,5168.578,104.805,105.575,109.516,108.96,788.167,793.155,789.637,786.908,88.296,111.188,3.768,17.4,3.066,0.75,0.358,0.236,2.977,14.215,12.098,22.691,NORMAL,0.0,-1.0,100.0
E001,T1-0000,71.0,259.90007,71,957.384,8.83,90.34,92.0,80.195,83.947,5166.163,104.579,105.704,109.133,108.799,787.362,793.77,792.072,786.645,88.319,111.211,3.767,17.36,3.04,0.743,0.354,0.236,2.958,14.151,11.941,22.687,NORMAL,0.0,-1.0,100.0
E001,T1-0000,72.0,259.90035,72,970.868,8.742,90.193,92.0,80.064,83.899,5160.144,104.901,105.839,109.474,108.455,786.925,791.221,789.331,786.721,88.312,111.073,3.753,17.308,3.062,0.738,0.359,0.238,2.982,14.211,12.067,22.676,NORMAL,0.0,-1.0,100.0
E001,T1-0000,73.0,259.90063,73,984.352,8.655,90.045,92.0,79.933,83.69,5164.185,104.986,105.534,108.694,108.125,787.794,791.024,790.421,789.687,88.264,111.072,3.771,17.287,3.052,0.735,0.358,0.238,3.016,14.195,11.964,22.684,NORMAL,0.0,-1.0,100.0
E001,T1-0000,74.0,259.9009,74,997.837,8.567,89.898,92.0,79.802,83.647,5158.481,105.587,105.964,109.218,107.446,785.857,790.96,792.002,789.419,88.271,111.125,3.769,17.236,3.023,0.733,0.354,0.238,3.038,14.197,11.984,22.674,NORMAL,0.0,-1.0,100.0
E001,T1-0000,75.0,259.90118,75,1011.321,8.479,89.751,92.0,79.672,83.491,5156.578,105.671,105.437,109.038,107.248,785.826,792.362,789.324,790.592,88.383,110.991,3.766,17.198,3.025,0.754,0.369,0.236,3.04,14.207,12.187,22.671,NORMAL,0.0,-1.0,100.0
E001,T1-0000,76.0,259.90146,76,1024.805,8.392,89.604,92.0,79.542,83.255,5157.172,105.746,105.248,109.387,107.318,786.158,792.747,789.936,789.796,88.422,111.054,3.764,17.166,3.042,0.764,0.364,0.243,3.104,14.178,12.131,22.673,NORMAL,0.0,-1.0,100.0
E001,T1-0000,77.0,259.90174,77,1038.29,8.304,89.458,92.0,79.412,83.182,5158.065,105.687,105.074,109.446,107.681,786.023,789.52,790.401,788.292,88.26,110.962,3.765,17.136,3.047,0.744,0.367,0.242,3.096,14.237,11.893,22.675,NORMAL,0.0,-1.0,100.0
E001,T1-0000,78.0,259.90202,78,1051.774,8.216,89.312,92.0,79.282,83.029,5154.385,106.063,104.971,109.181,107.579,784.201,790.877,786.981,789.787,88.294,110.89,3.756,17.092,3.032,0.745,0.365,0.245,3.002,14.23,11.891,22.669,NORMAL,0.0,-1.0,100.0
E001,T1-0000,79.0,259.90229,79,1065.258,8.129,89.165,92.0,79.152,82.986,5154.746,105.607,105.624,109.067,107.34,784.825,788.048,786.884,789.808,88.239,111.123,3.765,17.06,3.06,0.733,0.365,0.242,3.007,14.212,12.119,22.67,NORMAL,0.0,-1.0,100.0
E001,T1-0000,80.0,259.90257,80,1078.742,8.041,89.019,92.0,79.022,82.748,5149.779,105.449,105.526,109.381,107.153,785.375,786.759,783.998,786.432,88.229,110.828,3.768,17.013,3.064,0.744,0.363,0.24,3.033,14.193,12.002,22.661,NORMAL,0.0,-1.0,100.0
E001,T1-0000,81.0,259.90285,81,1092.227,7.953,88.874,92.0,78.893,82.681,5152.983,105.557,105.391,109.566,106.974,788.028,785.196,785.359,787.057,88.316,110.826,3.764,16.99,3.057,0.73,0.36,0.245,3.026,14.215,12.175,22.668,NORMAL,0.0,-1.0,100.0
E001,T1-0000,82.0,259.90313,82,1105.711,7.866,88.728,92.0,78.764,82.504,5149.642,105.443,105.716,108.949,106.702,787.809,786.658,787.113,782.909,88.227,110.737,3.753,16.948,3.052,0.724,0.356,0.244,3.047,14.187,12.078,22.662,NORMAL,0.0,-1.0,100.0
E001,T1-0000,83.0,259.9034,83,1119.195,7.778,88.583,92.0,78.635,82.359,5145.738,105.583,105.811,109.185,106.956,786.555,783.962,786.378,784.057,88.26,110.818,3.763,16.904,3.03,0.734,0.354,0.243,3.067,14.167,12.235,22.655,NORMAL,0.0,-1.0,100.0
E001,T1-0000,84.0,259.90368,84,1132.68,7.69,88.438,92.0,78.506,82.339,5140.549,105.505,105.878,108.885,107.241,786.039,782.758,788.614,783.658,88.155,110.723,3.765,16.856,3.042,0.727,0.358,0.244,3.048,14.169,12.159,22.646,NORMAL,0.0,-1.0,100.0
E001,T1-0000,85.0,259.90396,85,1146.164,7.603,88.293,92.0,78.377,82.038,5139.353,105.409,105.867,109.153,107.241,786.2,781.452,787.13,783.547,88.216,110.624,3.761,16.82,3.037,0.738,0.355,0.25,3.046,14.211,11.888,22.644,NORMAL,0.0,-1.0,100.0
E001,T1-0000,86.0,259.90424,86,1159.648,7.515,88.148,92.0,78.249,81.924,5139.037,105.681,105.633,108.966,107.355,785.035,779.491,788.449,781.043,88.349,110.664,3.758,16.787,3.055,0.747,0.353,0.248,3.073,14.232,12.307,22.644,NORMAL,0.0,-1.0,100.0
E001,T1-0000,87.0,259.90452,87,1173.132,7.427,88.003,92.0,78.12,81.916,5135.651,105.931,105.719,108.682,106.888,781.593,781.291,786.079,779.291,88.164,110.646,3.759,16.744,3.054,0.734,0.354,0.245,3.101,14.189,12.137,22.638,NORMAL,0.0,-1.0,100.0
E001,T1-0000,88.0,259.90479,88,1186.617,7.34,87.859,92.0,77.992,81.707,5137.51,106.017,105.448,108.786,107.359,786.71,780.067,782.867,778.073,88.158,110.585,3.762,16.718,3.047,0.733,0.355,0.245,3.125,14.17,12.215,22.643,NORMAL,0.0,-1.0,100.0
E001,T1-0000,89.0,259.90507,89,1200.101,7.252,87.714,92.0,77.864,81.56,5135.348,105.457,105.552,108.7,107.381,787.374,778.623,784.846,779.078,88.232,110.519,3.758,16.68,3.056,0.727,0.352,0.248,3.069,14.185,12.13,22.639,NORMAL,0.0,-1.0,100.0
E001,T1-0000,90.0,259.90535,90,1213.585,7.164,87.57,92.0,77.736,81.486,5137.22,105.128,105.327,108.563,107.267,785.908,780.272,784.158,780.871,88.226,110.532,3.762,16.653,3.041,0.743,0.357,0.249,3.048,14.168,12.086,22.643,NORMAL,0.0,-1.0,100.0
E001,T1-0000,91.0,259.90563,91,1227.07,7.077,87.427,92.0,77.608,81.352,5130.232,104.921,105.288,108.677,107.225,786.023,784.835,783.598,779.445,88.36,110.647,3.764,16.601,3.053,0.752,0.359,0.245,3.023,14.202,12.221,22.63,NORMAL,0.0,-1.0,100.0
E001,T1-0000,92.0,259.9059,92,1240.554,6.989,87.283,92.0,77.481,81.211,5126.983,105.214,105.872,108.221,107.111,783.972,784.868,782.924,781.532,88.269,110.519,3.765,16.559,3.083,0.754,0.358,0.241,3.016,14.209,12.189,22.625,NORMAL,0.0,-1.0,100.0
E001,T1-0000,93.0,259.90618,93,1254.038,6.902,87.139,92.0,77.354,81.014,5124.388,104.698,106.252,108.333,107.004,781.985,787.402,782.192,780.464,88.13,110.644,3.765,16.52,3.045,0.765,0.356,0.244,2.96,14.221,12.251,22.62,NORMAL,0.0,-1.0,100.0
E001,T1-0000,94.0,259.90646,94,1267.522,6.814,86.996,92.0,77.226,80.854,5119.45,104.35,106.807,108.258,107.185,783.381,786.266,783.597,780.199,88.127,110.584,3.76,16.474,3.026,0.787,0.353,0.248,2.914,14.197,12.367,22.612,NORMAL,0.0,-1.0,100.0
E001,T1-0000,95.0,259.90674,95,1281.007,6.726,86.853,92.0,77.099,80.781,5114.274,103.891,106.29,108.525,106.802,781.965,785.151,780.939,780.587,88.122,110.296,3.756,16.427,3.029,0.762,0.353,0.245,2.964,14.223,12.397,22.602,NORMAL,0.0,-1.0,100.0
E001,T1-0000,96.0,259.90702,96,1294.491,6.639,86.71,92.0,76.973,80.555,5113.824,103.989,106.1,108.259,106.211,781.511,787.763,784.438,780.579,88.049,110.342,3.756,16.394,3.045,0.75,0.351,0.246,2.9,14.223,12.289,22.602,NORMAL,0.0,-1.0,100.0
E001,T1-0000,97.0,259.90729,97,1307.975,6.551,86.568,92.0,76.846,80.54,5116.982,104.117,105.305,108.18,105.673,780.229,788.234,781.77,779.941,88.073,110.387,3.758,16.373,3.046,0.751,0.351,0.243,2.902,14.164,12.242,22.608,NORMAL,0.0,-1.0,100.0
E001,T1-0000,98.0,259.90757,98,1321.459,6.463,86.425,92.0,76.719,80.354,5114.914,104.736,105.813,107.747,106.071,781.365,785.143,783.196,777.807,88.217,110.444,3.754,16.335,3.058,0.742,0.348,0.241,2.91,14.192,12.328,22.605,NORMAL,0.0,-1.0,100.0
E001,T1-0000,99.0,259.90785,99,1334.944,6.376,86.283,92.0,76.593,80.213,5112.359,104.642,105.624,107.835,106.129,779.837,785.001,780.696,779.362,88.105,110.275,3.753,16.297,3.055,0.74,0.346,0.238,2.908,14.187,12.107,22.601,NORMAL,0.0,-1.0,100.0
E001,T1-0000,100.0,259.90813,100,1348.428,6.288,86.141,92.0,76.467,80.103,5111.023,104.133,105.353,108.087,106.511,780.001,784.801,780.349,777.531,88.144,110.362,3.757,16.262,3.068,0.729,0.35,0.237,2.921,14.204,12.499,22.599,NORMAL,0.0,-1.0,100.0
E001,T1-0000,101.0,259.9084,101,1361.912,6.2,85.999,92.0,76.341,79.938,5106.475,103.865,105.124,108.632,105.863,779.375,785.002,777.518,778.0,88.125,110.15,3.76,16.217,3.033,0.759,0.353,0.238,2.928,14.175,12.44,22.591,NORMAL,0.0,-1.0,100.0
E001,T1-0000,102.0,259.90868,102,1375.397,6.113,85.857,92.0,76.215,79.846,5103.663,103.622,105.784,108.863,105.591,778.01,784.591,779.888,776.793,88.175,110.165,3.756,16.178,3.065,0.741,0.349,0.237,3.0,14.186,12.246,22.586,NORMAL,0.0,-1.0,100.0
E001,T1-0000,103.0,259.90896,103,1388.881,6.025,85.715,92.0,76.089,79.621,5105.471,103.46,104.865,108.982,105.729,780.007,783.266,780.122,777.057,88.053,110.204,3.755,16.152,3.058,0.733,0.355,0.238,3.0,14.199,12.258,22.59,NORMAL,0.0,-1.0,100.0
E001,T1-0000,104.0,259.90924,104,1402.365,5.937,85.574,92.0,75.964,79.699,5108.495,103.183,104.987,109.651,106.019,779.632,782.503,779.4,778.519,88.281,110.238,3.762,16.13,3.049,0.722,0.357,0.24,3.046,14.173,12.41,22.596,NORMAL,0.0,-1.0,100.0
E001,T1-0000,105.0,259.90952,105,1415.849,5.85,85.433,92.0,75.839,79.369,5101.139,103.395,105.054,109.492,105.624,781.494,781.18,781.098,781.455,88.213,110.24,3.757,16.078,3.05,0.723,0.356,0.241,3.062,14.179,12.463,22.583,NORMAL,0.0,-1.0,100.0
E001,T1-0000,106.0,259.90979,106,1429.334,5.762,85.292,92.0,75.713,79.334,5101.507,103.506,104.685,109.294,105.261,780.414,780.747,779.826,778.692,88.303,110.038,3.763,16.048,3.054,0.73,0.354,0.247,3.025,14.179,12.303,22.584,NORMAL,0.0,-1.0,100.0
E001,T1-0000,107.0,259.91007,107,1442.818,5.674,85.151,92.0,75.588,79.34,5101.139,103.691,104.72,109.595,104.793,780.117,778.923,779.021,779.382,88.324,110.024,3.759,16.017,3.061,0.731,0.353,0.246,3.004,14.194,12.461,22.584,NORMAL,0.0,-1.0,100.0
E001,T1-0000,108.0,259.91035,108,1456.302,5.587,85.01,92.0,75.464,79.105,5096.761,103.888,104.229,108.663,105.338,779.801,778.883,778.352,777.337,88.221,110.083,3.755,15.973,3.062,0.738,0.358,0.245,3.039,14.187,12.319,22.576,NORMAL,0.0,-1.0,100.0
E001,T1-0000,109.0,259.91063,109,1469.787,5.499,84.87,92.0,75.339,78.882,5096.84,103.928,104.751,108.732,105.705,779.243,776.805,775.561,775.598,88.383,109.979,3.757,15.943,3.048,0.729,0.359,0.249,3.014,14.238,12.375,22.576,NORMAL,0.0,-1.0,100.0
E001,T1-0000,110.0,259.9109,110,1483.271,5.412,84.73,92.0,75.214,78.762,5093.265,103.588,104.894,108.918,105.322,779.151,777.595,776.012,776.525,88.354,110.051,3.753,15.902,3.027,0.721,0.367,0.247,3.03,14.218,12.246,22.57,NORMAL,0.0,-1.0,100.0
E001,T1-0000,111.0,259.91118,111,1496.755,5.324,84.59,92.0,75.09,78.654,5092.759,103.664,105.372,108.632,105.625,779.982,777.324,776.286,775.22,88.412,110.142,3.754,15.87,3.051,0.714,0.364,0.252,3.069,14.196,12.588,22.57,NORMAL,0.0,-1.0,100.0
E001,T1-0000,112.0,259.91146,112,1510.239,5.236,84.45,92.0,74.966,78.478,5089.005,103.534,105.592,108.832,105.786,780.309,778.199,773.487,772.101,88.65,109.948,3.745,15.828,3.045,0.729,0.361,0.25,3.022,14.213,12.466,22.563,NORMAL,0.0,-1.0,100.0
E001,T1-0000,113.0,259.91174,113,1523.724,5.149,84.31,92.0,74.842,78.362,5084.212,104.127,105.711,109.352,105.986,775.958,777.368,776.305,773.638,88.52,109.898,3.753,15.784,3.044,0.74,0.36,0.246,2.993,14.231,12.762,22.554,NORMAL,0.0,-1.0,100.0
E001,T1-0000,114.0,259.91202,114,1537.208,5.061,84.171,92.0,74.718,78.229,5080.448,104.566,105.437,109.088,106.138,774.504,773.434,772.321,775.709,88.424,110.022,3.748,15.743,3.046,0.726,0.357,0.245,2.993,14.187,12.484,22.548,NORMAL,0.0,-1.0,100.0
E001,T1-0000,115.0,259.91229,115,1550.692,4.973,84.031,92.0,74.594,78.087,5081.936,103.805,105.794,109.343,106.034,775.288,776.267,772.362,773.128,88.322,109.744,3.751,15.718,3.028,0.743,0.363,0.248,3.021,14.181,12.245,22.551,NORMAL,0.0,-1.0,100.0
E001,T1-0000,116.0,259.91257,116,1564.177,4.886,83.892,92.0,74.471,78.055,5081.942,103.396,105.462,108.904,106.774,774.726,775.407,771.151,773.564,88.299,109.961,3.757,15.689,3.051,0.739,0.357,0.246,3.05,14.209,12.646,22.552,NORMAL,0.0,-1.0,100.0
E001,T1-0000,117.0,259.91285,117,1577.661,4.798,83.753,92.0,74.348,77.834,5077.424,103.342,105.26,109.333,107.192,773.303,777.121,773.151,775.369,88.275,109.801,3.748,15.646,3.048,0.733,0.357,0.243,3.027,14.209,12.543,22.543,NORMAL,0.0,-1.0,100.0
E001,T1-0000,118.0,259.91313,118,1591.145,4.71,83.615,92.0,74.224,77.719,5076.243,103.552,105.224,109.194,106.844,771.981,775.21,775.574,774.46,88.25,109.894,3.752,15.613,3.034,0.746,0.354,0.24,2.991,14.219,12.733,22.542,NORMAL,0.0,-1.0,100.0
E001,T1-0000,119.0,259.9134,119,1604.629,4.623,83.476,92.0,74.101,77.69,5070.378,103.453,105.722,108.745,106.956,770.879,775.299,772.584,772.668,88.189,109.734,3.744,15.566,3.055,0.745,0.35,0.244,3.008,14.205,12.644,22.531,NORMAL,0.0,-1.0,100.0
E001,T1-0000,120.0,259.91368,120,1618.114,4.535,83.338,92.0,73.979,77.513,5069.899,103.348,105.445,108.992,107.188,771.27,774.34,770.611,772.511,88.292,109.666,3.744,15.535,3.057,0.74,0.354,0.24,2.994,14.173,12.695,22.531,NORMAL,0.0,-1.0,100.0
E001,T1-0000,121.0,259.91396,121,1631.598,4.447,83.199,92.0,73.856,77.354,5069.887,103.369,105.466,108.553,107.11,771.036,775.757,772.038,771.357,88.328,109.695,3.748,15.505,3.056,0.739,0.353,0.24,2.983,14.18,12.564,22.531,NORMAL,0.0,-1.0,100.0
E001,T1-0000,122.0,259.91424,122,1645.082,4.36,83.061,92.0,73.733,77.285,5068.097,103.204,105.227,108.419,106.474,773.499,773.763,772.684,777.415,88.328,109.654,3.753,15.471,3.04,0.749,0.352,0.243,2.95,14.181,12.442,22.528,NORMAL,0.0,-1.0,100.0
E001,T1-0000,123.0,259.91452,123,1658.566,4.272,82.924,92.0,73.611,77.034,5063.426,102.783,105.247,108.491,106.778,771.395,774.344,772.489,774.145,88.048,109.715,3.75,15.428,3.059,0.733,0.355,0.243,2.995,14.198,12.674,22.52,NORMAL,0.0,-1.0,100.0
E001,T1-0000,124.0,259.91479,124,1672.051,4.184,82.786,92.0,73.489,76.943,5062.862,103.001,105.299,108.04,106.784,772.54,774.485,770.215,772.797,88.191,109.65,3.744,15.398,3.055,0.733,0.356,0.241,2.983,14.207,12.602,22.519,NORMAL,0.0,-1.0,100.0
E001,T1-0000,125.0,259.91507,125,1685.535,4.097,82.649,92.0,73.367,76.796,5062.839,102.705,105.799,108.192,106.904,770.893,775.317,770.993,772.288,88.162,109.641,3.75,15.368,3.043,0.738,0.357,0.243,2.997,14.231,12.764,22.52,NORMAL,0.0,-1.0,100.0
E001,T1-0000,126.0,259.91535,126,1699.019,4.009,82.511,92.0,73.245,76.715,5059.697,102.7,105.963,107.933,107.577,767.686,777.406,773.544,772.067,88.121,109.635,3.746,15.33,3.034,0.724,0.354,0.245,3.0,14.169,12.666,22.514,NORMAL,0.0,-1.0,100.0
E001,T1-0000,127.0,259.91563,127,1712.504,3.922,82.374,92.0,73.123,76.616,5058.534,102.777,106.123,107.762,107.318,770.204,775.256,770.784,770.802,88.174,109.647,3.752,15.298,3.041,0.734,0.35,0.246,3.005,14.217,12.528,22.512,NORMAL,0.0,-1.0,100.0
E001,T1-0000,128.0,259.9159,128,1725.988,3.834,82.237,92.0,73.002,76.43,5055.943,102.922,105.871,108.201,107.345,771.789,773.442,771.55,770.127,88.238,109.63,3.739,15.262,3.04,0.721,0.35,0.244,2.949,14.201,12.727,22.508,NORMAL,0.0,-1.0,100.0
E001,T1-0000,129.0,259.91618,129,1739.472,3.746,82.101,92.0,72.881,76.351,5049.651,102.869,105.103,107.619,107.975,774.446,772.924,771.165,770.73,88.214,109.489,3.739,15.214,3.06,0.711,0.352,0.245,2.961,14.181,12.709,22.496,NORMAL,0.0,-1.0,100.0
E001,T1-0000,130.0,259.91646,130,1752.956,3.659,81.964,92.0,72.759,76.226,5051.61,103.175,104.676,107.002,107.854,773.04,774.801,771.322,769.897,88.142,109.452,3.752,15.191,3.049,0.705,0.349,0.247,3.013,14.191,12.79,22.501,NORMAL,0.0,-1.0,100.0
E001,T1-0000,131.0,259.91674,131,1766.441,3.571,81.828,92.0,72.638,76.051,5049.016,103.497,104.238,107.527,107.453,773.729,773.091,769.508,768.83,88.155,109.448,3.739,15.155,3.058,0.725,0.35,0.251,2.963,14.223,12.794,22.496,NORMAL,0.0,-1.0,100.0
E001,T1-0000,132.0,259.91702,132,1779.925,3.483,81.692,92.0,72.517,75.969,5042.861,103.992,104.43,107.865,107.953,773.024,770.871,769.639,768.667,88.234,109.451,3.741,15.108,3.057,0.717,0.349,0.25,3.013,14.196,12.728,22.485,NORMAL,0.0,-1.0,100.0
E001,T1-0000,133.0,259.91729,133,1793.409,3.396,81.556,92.0,72.397,75.728,5046.613,103.421,103.911,107.94,107.522,771.954,770.014,769.565,767.881,88.226,109.342,3.742,15.091,3.043,0.715,0.346,0.246,2.998,14.203,12.617,22.493,NORMAL,0.0,-1.0,100.0
E001,T1-0000,134.0,259.91757,134,1806.894,3.308,81.42,92.0,72.276,75.76,5037.501,102.919,104.072,107.664,107.526,773.842,769.572,767.544,768.292,88.229,109.464,3.74,15.036,3.051,0.723,0.344,0.244,3.002,14.179,12.682,22.476,NORMAL,0.0,-1.0,100.0
E001,T1-0000,135.0,259.91785,135,1820.378,3.22,81.284,92.0,72.156,75.602,5035.299,103.092,104.254,107.924,107.427,773.245,767.482,765.255,768.576,88.195,109.246,3.74,15.001,3.054,0.739,0.343,0.244,2.987,14.177,12.603,22.472,NORMAL,0.0,-1.0,100.0
E001,T1-0000,136.0,259.91813,136,1833.862,3.133,81.149,92.0,72.036,75.46,5031.114,103.013,104.041,107.509,108.413,772.17,769.254,764.834,767.385,88.185,109.351,3.74,14.96,3.033,0.724,0.342,0.242,3.023,14.19,12.723,22.465,NORMAL,0.0,-1.0,100.0
E001,T1-0000,137.0,259.9184,137,1847.346,3.045,81.014,92.0,71.916,75.3,5033.979,103.363,104.114,107.703,107.486,772.553,767.497,767.812,767.674,88.109,109.338,3.733,14.941,3.058,0.738,0.346,0.245,3.006,14.199,12.84,22.47,NORMAL,0.0,-1.0,100.0
E001,T1-0000,138.0,259.91868,138,1860.831,2.957,80.878,92.0,71.796,75.203,5029.672,103.015,103.934,108.116,107.211,770.377,765.373,766.375,767.605,88.238,109.327,3.736,14.9,3.061,0.736,0.348,0.246,3.047,14.224,12.792,22.463,NORMAL,0.0,-1.0,100.0
E001,T1-0000,139.0,259.91896,139,1874.315,2.87,80.744,92.0,71.676,75.133,5032.472,103.014,103.399,108.006,107.243,768.228,766.812,767.904,767.344,88.147,109.253,3.748,14.88,3.045,0.72,0.35,0.244,3.035,14.2,12.592,22.469,NORMAL,0.0,-1.0,100.0
E001,T1-0000,140.0,259.91924,140,1887.799,2.782,80.609,92.0,71.556,74.937,5029.778,103.386,103.486,108.102,107.219,768.518,766.712,765.44,767.609,88.193,109.207,3.74,14.844,3.055,0.724,0.347,0.244,3.01,14.222,12.779,22.464,NORMAL,0.0,-1.0,100.0
E001,T1-0000,141.0,259.91952,141,1901.284,2.694,80.474,92.0,71.437,74.847,5034.55,103.284,103.786,108.078,107.259,770.629,764.103,764.785,766.95,88.07,109.264,3.745,14.83,3.056,0.728,0.348,0.242,3.019,14.241,12.827,22.473,NORMAL,0.0,-1.0,100.0
E001,T1-0000,142.0,259.91979,142,1914.768,2.607,80.34,92.0,71.318,74.69,5030.879,103.764,104.146,107.928,106.688,770.899,765.15,762.749,766.186,88.185,109.138,3.74,14.792,3.06,0.719,0.348,0.24,2.999,14.205,12.716,22.467,NORMAL,0.0,-1.0,100.0
E001,T1-0000,143.0,259.92007,143,1928.252,2.519,80.206,92.0,71.199,74.653,5028.403,104.071,103.419,107.492,106.59,765.07,769.759,764.604,768.298,88.041,109.235,3.744,14.757,3.033,0.731,0.346,0.241,3.0,14.196,12.911,22.463,NORMAL,0.0,-1.0,100.0
E001,T1-0000,144.0,259.92035,144,1941.736,2.432,80.072,92.0,71.08,74.352,5022.333,103.606,103.444,106.988,105.998,766.311,770.214,765.301,763.472,87.955,109.168,3.736,14.712,3.045,0.753,0.347,0.238,3.014,14.238,12.804,22.452,NORMAL,0.0,-1.0,100.0
E001,T1-0000,145.0,259.92063,145,1955.221,2.344,79.938,92.0,70.961,74.275,5023.63,103.594,103.708,106.301,106.36,765.582,768.696,766.977,762.915,87.982,109.087,3.74,14.688,3.035,0.732,0.352,0.236,3.009,14.219,12.642,22.454,NORMAL,0.0,-1.0,100.0
E001,T1-0000,146.0,259.9209,146,1968.705,2.256,79.805,92.0,70.842,74.183,5016.166,103.371,103.933,106.741,106.226,766.546,764.213,764.358,760.245,87.953,109.107,3.741,14.639,3.051,0.739,0.352,0.236,3.015,14.188,12.851,22.441,NORMAL,0.0,-1.0,100.0
E001,T1-0000,147.0,259.92118,147,1982.189,2.169,79.671,92.0,70.724,74.141,5019.137,103.244,103.823,106.485,106.031,766.851,761.254,761.977,764.097,88.039,108.875,3.735,14.62,3.037,0.75,0.351,0.234,3.093,14.204,12.96,22.447,NORMAL,0.0,-1.0,100.0
E001,T1-0000,148.0,259.92146,148,1995.674,2.081,79.538,92.0,70.606,73.904,5017.256,103.109,103.824,106.003,106.049,765.772,764.805,764.044,763.969,87.936,109.03,3.733,14.588,3.053,0.736,0.347,0.232,3.086,14.195,12.877,22.444,NORMAL,0.0,-1.0,100.0
E001,T1-0000,149.0,259.92174,149,2009.158,1.993,79.405,92.0,70.488,73.769,5014.76,103.166,103.826,105.491,106.572,763.475,763.782,761.479,761.98,87.88,108.869,3.739,14.553,3.05,0.728,0.344,0.231,3.033,14.197,12.907,22.439,NORMAL,0.0,-1.0,100.0
E001,T1-0000,150.0,259.92202,150,2022.642,1.906,79.272,92.0,70.37,73.701,5015.149,102.861,103.704,105.437,106.722,762.048,764.384,759.674,759.556,87.79,108.806,3.738,14.527,3.05,0.715,0.345,0.234,3.02,14.229,12.836,22.441,NORMAL,0.0,-1.0,100.0
E001,T1-0000,151.0,259.92229,151,2036.126,1.818,79.139,92.0,70.252,73.613,5013.141,102.796,103.785,105.324,106.955,760.167,765.191,759.44,759.604,87.847,108.889,3.736,14.495,3.048,0.717,0.344,0.232,3.036,14.214,12.957,22.437,NORMAL,0.0,-1.0,100.0
E001,T1-0000,152.0,259.92257,152,2049.611,1.73,79.007,92.0,70.134,73.418,5011.869,102.533,103.036,105.248,107.708,759.677,763.816,758.789,759.761,87.947,108.814,3.728,14.463,3.04,0.721,0.343,0.234,3.062,14.201,12.981,22.435,NORMAL,0.0,-1.0,100.0
E001,T1-0000,153.0,259.92285,153,2063.095,1.643,78.874,92.0,70.017,73.37,5008.634,102.698,103.143,105.035,107.863,761.13,762.015,761.74,761.24,87.731,108.808,3.731,14.427,3.042,0.727,0.343,0.234,3.024,14.175,13.298,22.43,NORMAL,0.0,-1.0,100.0
E001,T1-0000,154.0,259.92313,154,2076.579,1.555,78.742,92.0,69.899,73.184,5003.112,102.901,103.151,104.89,108.353,759.544,759.672,760.121,761.388,87.719,108.776,3.73,14.384,3.051,0.73,0.343,0.237,3.002,14.204,13.043,22.42,NORMAL,0.0,-1.0,100.0
E001,T1-0000,155.0,259.9234,155,2090.063,1.467,78.61,92.0,69.782,73.209,5003.132,103.396,103.517,104.236,108.407,761.069,757.118,759.888,760.783,87.829,108.833,3.735,14.358,3.046,0.732,0.342,0.236,2.978,14.193,13.106,22.42,NORMAL,0.0,-1.0,100.0
E001,T1-0000,156.0,259.92368,156,2103.548,1.38,78.478,92.0,69.665,73.022,4998.95,103.17,103.174,104.478,108.085,760.554,758.967,760.866,761.131,87.705,108.738,3.728,14.319,3.056,0.723,0.347,0.241,2.97,14.2,12.839,22.413,NORMAL,0.0,-1.0,100.0
E001,T1-0000,157.0,259.92396,157,2117.032,1.292,78.347,92.0,69.548,72.897,4998.166,103.836,103.752,104.618,107.618,761.177,760.318,761.082,759.817,87.863,108.725,3.735,14.289,3.056,0.715,0.344,0.239,3.015,14.233,12.948,22.412,NORMAL,0.0,-1.0,100.0
E001,T1-0000,158.0,259.92424,158,2130.516,1.204,78.215,92.0,69.432,72.749,4990.13,103.587,103.59,104.841,107.981,758.485,758.867,757.135,759.433,87.697,108.635,3.728,14.24,3.031,0.713,0.353,0.239,3.001,14.234,13.149,22.397,NORMAL,0.0,-1.0,100.0
E001,T1-0000,159.0,259.92452,159,2144.001,1.117,78.084,92.0,69.315,72.542,4987.38,103.868,103.069,104.64,108.215,760.178,759.567,755.32,760.297,87.733,108.638,3.726,14.205,3.062,0.728,0.352,0.238,3.039,14.161,12.739,22.392,NORMAL,0.0,-1.0,100.0
E001,T1-0000,160.0,259.92479,160,2157.485,1.029,77.953,92.0,69.199,72.513,4991.933,104.173,102.812,105.213,108.205,758.047,760.394,754.958,760.385,87.842,108.654,3.733,14.192,3.07,0.747,0.355,0.236,3.033,14.174,12.795,22.401,NORMAL,0.0,-1.0,100.0
E001,T1-0000,161.0,259.92507,161,2170.969,0.941,77.822,92.0,69.083,72.294,4988.441,103.256,103.003,105.331,108.087,756.199,759.785,756.244,759.318,87.741,108.582,3.735,14.155,3.053,0.76,0.353,0.236,3.034,14.198,13.217,22.395,NORMAL,0.0,-1.0,100.0
E001,T1-0000,162.0,259.92535,162,2184.453,0.854,77.691,92.0,68.967,72.237,4986.693,103.059,103.108,105.424,108.287,756.443,757.383,757.788,759.036,87.934,108.522,3.735,14.123,3.045,0.743,0.348,0.233,3.019,14.191,13.16,22.392,NORMAL,0.0,-1.0,100.0
E001,T1-0000,163.0,259.92563,163,2197.938,0.766,77.561,92.0,68.851,72.137,4981.108,103.562,103.475,105.521,108.655,757.353,758.2,757.452,758.305,87.988,108.52,3.733,14.08,3.061,0.735,0.345,0.233,3.032,14.17,13.085,22.382,NORMAL,0.0,-1.0,100.0
E001,T1-0000,164.0,259.9259,164,2211.422,0.679,77.43,92.0,68.735,72.054,4981.272,104.221,103.291,105.256,108.997,757.709,754.692,758.257,756.334,88.033,108.413,3.723,14.054,3.035,0.727,0.343,0.234,3.007,14.211,13.046,22.383,NORMAL,0.0,-1.0,100.0
E001,T1-0000,165.0,259.92618,165,2224.906,0.591,77.3,92.0,68.619,71.824,4980.178,104.314,103.222,105.125,109.481,756.199,753.449,755.255,756.101,88.101,108.473,3.735,14.025,3.062,0.717,0.342,0.235,2.975,14.2,13.06,22.381,NORMAL,0.0,-1.0,100.0
E001,T1-0000,166.0,259.92646,166,2238.391,0.503,77.17,92.0,68.504,71.858,4977.871,104.035,103.428,104.971,109.395,755.245,753.4,754.023,754.997,88.036,108.408,3.733,13.992,3.077,0.711,0.342,0.237,3.004,14.179,12.885,22.377,NORMAL,0.0,-1.0,100.0
E001,T1-0000,167.0,259.92674,167,2251.875,0.416,77.04,92.0,68.389,71.572,4977.938,103.873,103.594,104.154,109.453,754.264,752.149,753.694,755.003,87.953,108.425,3.723,13.966,3.04,0.702,0.342,0.237,3.012,14.22,12.846,22.378,NORMAL,0.0,-1.0,100.0
E001,T1-0000,168.0,259.92702,168,2265.359,0.328,76.911,92.0,68.274,71.508,4975.628,103.579,103.443,103.916,109.284,754.511,751.35,754.936,757.367,87.793,108.421,3.731,13.934,3.058,0.717,0.348,0.238,2.999,14.217,13.291,22.374,NORMAL,0.0,-1.0,100.0
E001,T1-0000,169.0,259.92729,169,2278.843,0.24,76.781,92.0,68.159,71.4,4969.05,103.588,104.184,103.9,109.498,754.441,750.539,755.146,756.07,87.859,108.42,3.725,13.889,3.058,0.708,0.346,0.24,3.027,14.179,13.072,22.362,NORMAL,0.0,-1.0,100.0
E001,T1-0000,170.0,259.92757,170,2292.328,0.153,76.652,92.0,68.044,71.217,4969.008,103.332,104.086,104.083,109.247,751.568,751.718,755.09,753.94,87.882,108.3,3.727,13.863,3.049,0.719,0.35,0.245,3.054,14.202,13.233,22.362,NORMAL,0.0,-1.0,100.0
E001,T1-0000,171.0,259.92785,171,2305.812,0.065,76.523,92.0,67.929,71.088,4966.075,103.244,104.064,103.972,108.939,753.667,753.887,756.208,752.317,87.845,108.229,3.731,13.829,3.062,0.707,0.346,0.243,3.048,14.23,13.099,22.357,NORMAL,0.0,-1.0,100.0
E001,T1-0000,172.0,259.92813,172,2319.296,-0.023,76.394,92.0,67.815,71.068,4964.951,103.213,104.261,103.778,108.126,751.008,753.726,754.053,752.267,87.809,108.19,3.728,13.8,3.054,0.704,0.345,0.241,2.998,14.211,12.916,22.355,NORMAL,0.0,-1.0,100.0
E001,T1-0000,173.0,259.9284,173,2332.781,-0.11,76.265,92.0,67.7,70.939,4963.186,102.655,104.389,103.823,108.492,749.375,753.437,752.711,750.966,87.767,108.178,3.728,13.769,3.051,0.727,0.347,0.238,2.951,14.2,13.164,22.352,NORMAL,0.0,-1.0,100.0
E001,T1-0000,174.0,259.92868,174,2346.265,-0.198,76.136,92.0,67.586,70.749,4958.398,102.956,104.115,103.42,107.983,750.686,752.054,752.075,750.388,87.912,108.237,3.723,13.73,3.056,0.761,0.344,0.239,2.965,14.176,13.051,22.344,NORMAL,0.0,-1.0,100.0
E001,T1-0000,175.0,259.92896,175,2359.749,-0.286,76.008,92.0,67.472,70.722,4953.156,103.409,104.018,103.453,107.732,749.803,751.606,749.502,749.92,87.873,108.168,3.722,13.689,3.053,0.746,0.352,0.24,2.943,14.202,12.942,22.334,NORMAL,0.0,-1.0,100.0
E001,T1-0000,176.0,259.92924,176,2373.233,-0.373,75.88,92.0,67.358,70.536,4953.094,103.19,103.868,103.288,107.242,749.383,751.04,752.303,749.516,87.945,108.189,3.723,13.664,3.054,0.734,0.349,0.24,2.973,14.197,13.44,22.334,NORMAL,0.0,-1.0,100.0
E001,T1-0000,177.0,259.92952,177,2386.718,-0.461,75.752,92.0,67.245,70.417,4952.024,102.95,103.77,102.981,107.382,751.444,751.652,753.95,746.692,87.663,108.216,3.722,13.635,3.034,0.75,0.35,0.238,3.013,14.17,13.244,22.333,NORMAL,0.0,-1.0,100.0
E001,T1-0000,178.0,259.92979,178,2400.202,-0.549,75.624,92.0,67.131,70.406,4944.299,102.488,104.091,103.51,107.667,749.355,753.865,753.315,749.802,88.029,108.108,3.723,13.588,3.041,0.743,0.35,0.235,2.967,14.194,13.203,22.318,NORMAL,0.0,-1.0,100.0
E001,T1-0000,179.0,259.93007,179,2413.686,-0.636,75.496,92.0,67.018,70.221,4943.431,102.705,104.041,103.813,107.452,748.781,751.785,751.769,746.757,87.98,107.997,3.717,13.56,3.046,0.738,0.352,0.236,2.962,14.218,13.249,22.317,NORMAL,0.0,-1.0,100.0
E001,T1-0000,180.0,259.93035,180,2427.17,-0.724,75.368,92.0,66.904,70.155,4944.806,103.193,104.104,103.738,107.836,749.032,748.211,751.808,745.929,87.814,108.0,3.724,13.538,3.048,0.723,0.351,0.234,2.955,14.207,13.196,22.32,NORMAL,0.0,-1.0,100.0
E001,T1-0000,181.0,259.93063,181,2440.655,-0.811,75.241,92.0,66.791,70.011,4942.353,103.207,103.518,103.702,107.931,748.527,748.031,752.185,748.129,87.916,107.955,3.723,13.506,3.043,0.71,0.351,0.234,2.944,14.187,13.426,22.316,NORMAL,0.0,-1.0,100.0
E001,T1-0000,182.0,259.9309,182,2454.139,-0.899,75.114,92.0,66.678,69.77,4946.585,103.199,103.755,103.653,107.664,748.087,748.872,749.132,748.784,88.081,108.09,3.724,13.493,3.062,0.719,0.352,0.234,2.965,14.209,12.896,22.325,NORMAL,0.0,-1.0,100.0
E001,T1-0000,183.0,259.93118,183,2467.623,-0.987,74.987,92.0,66.566,69.705,4943.206,103.421,103.406,103.637,107.785,746.576,748.055,749.834,746.78,88.072,108.028,3.723,13.458,3.047,0.714,0.355,0.238,2.94,14.22,13.481,22.319,NORMAL,0.0,-1.0,100.0
E001,T1-0000,184.0,259.93146,184,2481.108,-1.074,74.86,92.0,66.453,69.662,4940.951,104.042,103.489,103.789,108.37,745.586,748.462,749.042,747.444,87.986,107.98,3.726,13.427,3.063,0.712,0.362,0.239,2.922,14.202,13.528,22.315,NORMAL,0.0,-1.0,100.0
E001,T1-0000,185.0,259.93174,185,2494.592,-1.162,74.733,92.0,66.341,69.446,4941.913,104.404,103.219,103.618,107.984,745.693,749.646,748.642,747.751,87.926,107.873,3.718,13.405,3.061,0.706,0.358,0.238,2.943,14.223,13.41,22.317,NORMAL,0.0,-1.0,100.0
E001,T1-0000,186.0,259.93202,186,2508.076,-1.25,74.607,92.0,66.228,69.398,4937.31,104.39,103.382,103.859,108.007,745.082,747.949,751.009,748.096,87.966,107.855,3.716,13.367,3.032,0.702,0.351,0.24,2.982,14.179,13.212,22.309,NORMAL,0.0,-1.0,100.0
E001,T1-0000,187.0,259.93229,187,2521.56,-1.337,74.48,92.0,66.116,69.218,4936.242,104.699,103.556,104.6,108.604,745.783,744.41,748.74,746.897,87.984,107.941,3.724,13.339,3.051,0.703,0.346,0.238,3.003,14.178,13.416,22.307,NORMAL,0.0,-1.0,100.0
E001,T1-0000,188.0,259.93257,188,2535.045,-1.425,74.354,92.0,66.004,69.058,4937.433,104.493,103.694,104.65,108.307,746.861,740.825,745.766,747.866,88.005,107.874,3.726,13.317,3.031,0.715,0.347,0.237,3.039,14.2,13.183,22.31,NORMAL,0.0,-1.0,100.0
E001,T1-0000,189.0,259.93285,189,2548.529,-1.513,74.228,92.0,65.892,69.049,4936.734,103.913,104.086,105.001,108.43,746.898,741.743,746.814,744.771,87.97,107.741,3.726,13.291,3.046,0.715,0.359,0.235,3.041,14.161,13.27,22.309,NORMAL,0.0,-1.0,100.0
E001,T1-0000,190.0,259.93313,190,2562.013,-1.6,74.102,92.0,65.781,68.835,4933.535,103.825,104.838,105.235,108.713,745.419,744.624,745.032,741.81,87.757,107.812,3.723,13.257,3.054,0.721,0.353,0.239,3.007,14.173,13.384,22.303,NORMAL,0.0,-1.0,100.0
E001,T1-0000,191.0,259.9334,191,2575.498,-1.688,73.977,92.0,65.669,68.704,4923.451,103.655,104.724,104.776,108.194,745.781,743.637,743.139,743.833,87.782,107.736,3.719,13.205,3.056,0.718,0.35,0.237,2.991,14.178,13.382,22.284,NORMAL,0.0,-1.0,100.0
E001,T1-0000,192.0,259.93368,192,2588.982,-1.776,73.851,92.0,65.558,68.654,4922.775,103.322,104.852,104.31,107.925,744.678,743.685,744.042,742.658,87.698,107.671,3.712,13.178,3.04,0.735,0.35,0.239,2.925,14.205,13.386,22.284,NORMAL,0.0,-1.0,100.0
E001,T1-0000,193.0,259.93396,193,2602.466,-1.863,73.726,92.0,65.446,68.56,4925.337,102.783,105.198,104.176,107.707,743.4,742.725,743.946,741.242,87.704,107.774,3.719,13.161,3.021,0.75,0.353,0.245,2.956,14.199,13.149,22.289,NORMAL,0.0,-1.0,100.0
E001,T1-0000,194.0,259.93424,194,2615.95,-1.951,73.601,92.0,65.335,68.509,4924.282,103.222,105.155,104.231,108.255,744.374,741.539,744.591,741.456,87.782,107.637,3.732,13.133,3.046,0.743,0.348,0.244,2.915,14.216,13.242,22.287,NORMAL,0.0,-1.0,100.0
E001,T1-0000,195.0,259.93452,195,2629.435,-2.039,73.476,92.0,65.224,68.33,4919.325,102.735,105.17,104.358,108.682,744.928,739.977,743.852,740.597,87.827,107.691,3.724,13.095,3.018,0.73,0.344,0.242,2.908,14.229,13.802,22.278,NORMAL,0.0,-1.0,100.0
E001,T1-0000,196.0,259.93479,196,2642.919,-2.126,73.351,92.0,65.114,68.25,4914.648,102.981,104.823,104.252,108.489,745.245,740.693,746.498,739.196,87.795,107.597,3.707,13.058,3.041,0.732,0.34,0.238,2.91,14.21,13.567,22.27,NORMAL,0.0,-1.0,100.0
E001,T1-0000,197.0,259.93507,197,2656.403,-2.214,73.227,92.0,65.003,68.093,4918.837,102.856,104.67,104.035,108.21,746.656,740.019,744.056,740.912,87.647,107.512,3.717,13.045,3.061,0.744,0.344,0.237,2.878,14.207,13.392,22.278,NORMAL,0.0,-1.0,100.0
E001,T1-0000,198.0,259.93535,198,2669.888,-2.301,73.102,92.0,64.893,67.958,4914.554,102.72,104.352,104.121,107.868,748.071,740.687,742.721,739.395,87.842,107.592,3.713,13.009,3.037,0.735,0.353,0.239,2.897,14.184,13.301,22.27,NORMAL,0.0,-1.0,100.0
E001,T1-0000,199.0,259.93563,199,2683.372,-2.389,72.978,92.0,64.782,67.859,4905.928,102.924,104.585,103.882,107.468,744.623,742.383,742.073,739.818,87.7,107.534,3.712,12.961,3.06,0.717,0.357,0.239,2.901,14.192,13.352,22.255,NORMAL,0.0,-1.0,100.0
E001,T1-0000,200.0,259.9359,200,2696.856,-2.477,72.854,92.0,64.672,67.747,4907.436,103.128,104.18,104.154,106.686,740.502,738.233,741.048,740.558,87.823,107.56,3.719,12.941,3.035,0.733,0.357,0.236,2.912,14.202,13.408,22.258,NORMAL,0.0,-1.0,100.0
E001,T1-0000,201.0,259.93618,201,2710.34,-2.564,72.73,92.0,64.562,67.597,4902.908,103.085,103.853,104.609,106.51,741.368,741.25,739.425,738.62,87.858,107.368,3.712,12.904,3.031,0.721,0.356,0.234,2.997,14.201,13.279,22.25,NORMAL,0.0,-1.0,100.0
E001,T1-0000,202.0,259.93646,202,2723.825,-2.652,72.606,92.0,64.452,67.617,4907.607,102.851,104.094,104.419,105.977,740.572,739.555,740.384,734.567,87.814,107.395,3.727,12.893,3.023,0.715,0.357,0.236,2.971,14.209,13.53,22.259,NORMAL,0.0,-1.0,100.0
E001,T1-0000,203.0,259.93674,203,2737.309,-2.74,72.482,92.0,64.343,67.421,4895.728,102.821,103.576,103.979,105.962,740.585,736.721,740.284,734.837,87.785,107.458,3.704,12.837,3.034,0.703,0.351,0.234,2.976,14.188,13.309,22.237,NORMAL,0.0,-1.0,100.0
E001,T1-0000,204.0,259.93702,204,2750.793,-2.827,72.359,92.0,64.233,67.205,4891.544,102.741,103.336,103.501,106.353,743.055,738.364,738.104,739.251,87.699,107.334,3.711,12.801,3.042,0.707,0.348,0.237,2.958,14.216,13.563,22.229,NORMAL,0.0,-1.0,100.0
E001,T1-0000,205.0,259.93729,205,2764.277,-2.915,72.236,92.0,64.124,67.141,4889.372,103.002,103.316,103.916,105.912,742.96,736.297,737.525,740.004,87.717,107.365,3.7,12.772,3.033,0.741,0.349,0.236,2.943,14.198,13.225,22.226,NORMAL,0.0,-1.0,100.0
E001,T1-0000,206.0,259.93757,206,2777.762,-3.003,72.113,92.0,64.014,67.043,4891.896,103.383,103.463,103.952,105.375,742.4,737.455,736.287,735.566,87.767,107.3,3.708,12.755,3.047,0.727,0.347,0.235,2.935,14.177,13.449,22.231,NORMAL,0.0,-1.0,100.0
E001,T1-0000,207.0,259.93785,207,2791.246,-3.09,71.99,92.0,63.905,66.831,4889.766,103.127,103.597,103.933,105.129,742.232,733.699,735.81,737.202,87.563,107.367,3.707,12.726,3.046,0.735,0.343,0.242,2.972,14.174,13.56,22.227,NORMAL,0.0,-1.0,100.0
E001,T1-0000,208.0,259.93813,208,2804.73,-3.178,71.867,92.0,63.796,66.808,4891.791,103.437,103.242,103.817,105.054,740.365,732.572,736.126,735.949,87.629,107.17,3.714,12.708,3.05,0.736,0.34,0.24,3.062,14.234,13.388,22.231,NORMAL,0.0,-1.0,100.0
E001,T1-0000,209.0,259.9384,209,2818.215,-3.266,71.744,92.0,63.687,66.791,4893.261,102.89,102.906,103.896,105.081,738.485,733.6,735.588,733.554,87.586,107.224,3.713,12.688,3.034,0.721,0.338,0.236,2.953,14.176,13.691,22.235,NORMAL,0.0,-1.0,100.0
E001,T1-0000,210.0,259.93868,210,2831.699,-3.353,71.622,92.0,63.579,66.629,4889.602,103.894,102.568,104.006,104.988,736.008,736.609,734.739,734.448,87.509,107.182,3.707,12.655,3.047,0.743,0.336,0.236,3.002,14.186,13.553,22.228,NORMAL,0.0,-1.0,100.0
E001,T1-0000,211.0,259.93896,211,2845.183,-3.441,71.5,92.0,63.47,66.481,4882.342,103.542,102.622,105.017,105.219,738.705,735.072,733.652,733.89,87.551,107.159,3.705,12.611,3.059,0.729,0.341,0.235,3.022,14.187,13.384,22.215,NORMAL,0.0,-1.0,100.0
E001,T1-0000,212.0,259.93924,212,2858.667,-3.529,71.378,92.0,63.362,66.312,4883.518,103.297,102.411,104.979,105.646,737.024,732.53,733.338,736.804,87.538,107.088,3.715,12.591,3.048,0.727,0.342,0.232,3.014,14.193,13.619,22.217,NORMAL,0.0,-1.0,100.0
E001,T1-0000,213.0,259.93952,213,2872.152,-3.616,71.256,92.0,63.254,66.24,4882.233,102.901,102.321,104.826,105.455,731.099,733.042,733.309,736.824,87.548,107.151,3.708,12.565,3.072,0.73,0.352,0.236,3.037,14.221,13.484,22.215,NORMAL,0.0,-1.0,100.0
E001,T1-0000,214.0,259.93979,214,2885.636,-3.704,71.134,92.0,63.146,66.157,4882.03,101.867,102.783,104.82,105.494,729.153,732.249,732.299,733.006,87.688,107.025,3.708,12.541,3.057,0.728,0.35,0.238,3.055,14.19,13.772,22.215,NORMAL,0.0,-1.0,100.0
E001,T1-0000,215.0,259.94007,215,2899.12,-3.791,71.013,92.0,63.038,66.029,4877.525,102.117,102.619,104.452,105.313,729.901,735.546,729.225,734.199,87.57,106.995,3.706,12.505,3.046,0.746,0.348,0.236,3.063,14.158,13.741,22.207,NORMAL,0.0,-1.0,100.0
E001,T1-0000,216.0,259.94035,216,2912.605,-3.879,70.891,92.0,62.93,65.934,4865.977,102.2,102.52,104.093,105.235,730.256,734.739,726.587,734.909,87.628,107.017,3.696,12.45,3.045,0.729,0.346,0.234,3.038,14.172,13.524,22.186,NORMAL,0.0,-1.0,100.0
E001,T1-0000,217.0,259.94063,217,2926.089,-3.967,70.77,92.0,62.822,65.908,4865.157,102.204,101.607,104.226,104.731,728.778,732.022,728.322,729.71,87.613,107.027,3.708,12.425,3.061,0.743,0.343,0.233,3.044,14.187,13.662,22.185,NORMAL,0.0,-1.0,100.0
E001,T1-0000,218.0,259.9409,218,2939.573,-4.054,70.649,92.0,62.715,65.665,4863.442,102.78,101.517,104.109,104.384,731.452,733.1,729.416,730.101,87.645,107.025,3.704,12.397,3.018,0.735,0.34,0.233,3.021,14.215,13.701,22.182,NORMAL,0.0,-1.0,100.0
E001,T1-0000,219.0,259.94118,219,2953.057,-4.142,70.528,92.0,62.608,65.678,4864.856,102.674,101.699,103.841,104.306,730.446,730.081,730.384,728.672,87.698,106.96,3.698,12.378,3.051,0.749,0.338,0.236,3.048,14.201,13.917,22.185,NORMAL,0.0,-1.0,100.0
E001,T1-0000,220.0,259.94146,220,2966.542,-4.23,70.407,92.0,62.5,65.391,4859.781,102.289,102.015,103.061,104.185,728.777,726.274,730.635,730.265,87.588,107.054,3.702,12.341,3.064,0.745,0.336,0.24,3.054,14.197,13.71,22.176,NORMAL,0.0,-1.0,100.0
E001,T1-0000,221.0,259.94174,221,2980.026,-4.317,70.287,92.0,62.393,65.348,4855.687,102.605,102.015,103.031,103.748,730.435,726.011,729.543,731.721,87.755,106.98,3.701,12.307,3.065,0.759,0.338,0.246,3.076,14.21,13.733,22.168,NORMAL,0.0,-1.0,100.0
E001,T1-0000,222.0,259.94202,222,2993.51,-4.405,70.166,92.0,62.287,65.18,4853.327,102.109,101.697,102.935,103.961,726.475,727.588,727.418,731.507,87.765,106.831,3.702,12.278,3.078,0.746,0.337,0.244,3.064,14.226,13.596,22.164,NORMAL,0.0,-1.0,100.0
E001,T1-0000,223.0,259.94229,223,3006.995,-4.493,70.046,92.0,62.18,65.115,4853.656,102.109,102.631,102.482,104.3,726.666,728.59,729.461,729.444,87.906,106.89,3.702,12.256,3.064,0.732,0.342,0.247,3.051,14.191,13.697,22.165,NORMAL,0.0,-1.0,100.0
E001,T1-0000,224.0,259.94257,224,3020.479,-4.58,69.926,92.0,62.073,65.057,4850.876,102.285,103.302,102.135,104.517,726.915,728.966,726.792,728.849,87.825,106.742,3.694,12.225,3.048,0.75,0.34,0.244,3.046,14.197,13.74,22.16,NORMAL,0.0,-1.0,100.0
E001,T1-0000,225.0,259.94285,225,3033.963,-4.668,69.806,92.0,61.967,64.835,4849.724,101.736,102.857,102.893,104.533,729.615,726.992,729.792,725.229,87.763,106.791,3.705,12.2,3.058,0.73,0.337,0.24,2.988,14.162,13.65,22.158,NORMAL,0.0,-1.0,100.0
E001,T1-0000,226.0,259.94313,226,3047.447,-4.756,69.687,92.0,61.861,64.678,4843.872,102.096,102.848,103.043,104.84,728.31,724.613,728.29,726.867,87.842,106.827,3.697,12.161,3.068,0.728,0.342,0.237,2.987,14.156,13.824,22.148,NORMAL,0.0,-1.0,100.0
E001,T1-0000,227.0,259.9434,227,3060.932,-4.843,69.567,92.0,61.755,64.728,4849.014,102.906,102.934,103.202,105.174,726.012,727.523,728.171,729.567,87.848,106.701,3.704,12.152,3.043,0.713,0.338,0.239,2.969,14.187,13.678,22.158,NORMAL,0.0,-1.0,100.0
E001,T1-0000,228.0,259.94368,228,3074.416,-4.931,69.448,92.0,61.649,64.584,4848.155,103.124,102.645,103.04,105.172,729.212,726.504,727.48,727.502,88.01,106.673,3.698,12.127,3.059,0.706,0.336,0.24,2.986,14.23,13.901,22.157,NORMAL,0.0,-1.0,100.0
E001,T1-0000,229.0,259.94396,229,3087.9,-5.019,69.328,92.0,61.543,64.445,4845.676,103.136,103.11,102.863,105.412,725.197,727.266,726.062,727.287,88.026,106.704,3.702,12.098,3.062,0.726,0.341,0.241,3.002,14.21,13.565,22.152,NORMAL,0.0,-1.0,100.0
E001,T1-0000,230.0,259.94424,230,3101.385,-5.106,69.209,92.0,61.437,64.297,4846.412,102.871,103.23,102.716,105.424,726.097,727.555,724.547,726.626,88.1,106.698,3.706,12.078,3.044,0.733,0.343,0.238,3.0,14.162,13.921,22.154,NORMAL,0.0,-1.0,100.0
E001,T1-0000,231.0,259.94452,231,3114.869,-5.194,69.09,92.0,61.331,64.317,4840.452,102.851,103.991,102.994,105.013,726.048,726.789,724.294,727.758,88.01,106.642,3.696,12.039,3.059,0.725,0.339,0.238,2.987,14.194,13.825,22.143,NORMAL,0.0,-1.0,100.0
E001,T1-0000,232.0,259.94479,232,3128.353,-5.282,68.972,92.0,61.226,64.076,4839.181,103.143,103.658,102.97,105.196,725.724,724.8,724.862,724.424,88.142,106.66,3.695,12.013,3.057,0.711,0.336,0.239,2.953,14.184,14.184,22.141,NORMAL,0.0,-1.0,100.0
E001,T1-0000,233.0,259.94507,233,3141.837,-5.369,68.853,92.0,61.121,64.031,4829.11,102.177,103.805,102.81,105.496,725.777,723.981,723.188,721.874,88.185,106.619,3.694,11.964,3.026,0.719,0.338,0.24,2.981,14.204,13.683,22.123,NORMAL,0.0,-1.0,100.0
E001,T1-0000,234.0,259.94535,234,3155.322,-5.457,68.735,92.0,61.016,63.947,4827.521,102.142,103.594,102.501,105.661,723.446,720.685,721.229,721.628,88.211,106.555,3.688,11.937,3.066,0.716,0.341,0.237,2.972,14.196,13.763,22.12,NORMAL,0.0,-1.0,100.0
E001,T1-0000,235.0,259.94563,235,3168.806,-5.544,68.617,92.0,60.911,63.873,4826.555,102.742,103.058,102.499,105.481,726.177,725.292,721.804,720.394,88.145,106.587,3.692,11.913,3.054,0.711,0.337,0.236,2.978,14.222,13.686,22.118,NORMAL,0.0,-1.0,100.0
E001,T1-0000,236.0,259.9459,236,3182.29,-5.632,68.499,92.0,60.806,63.623,4825.352,102.994,103.033,102.49,106.222,725.329,724.171,718.081,720.73,88.084,106.603,3.691,11.887,3.061,0.713,0.339,0.235,2.962,14.192,13.962,22.117,NORMAL,0.0,-1.0,100.0
E001,T1-0000,237.0,259.94618,237,3195.774,-5.72,68.381,92.0,60.701,63.57,4814.8,102.841,103.129,102.592,106.307,722.206,721.675,719.384,721.176,88.057,106.419,3.682,11.837,3.052,0.698,0.337,0.236,2.994,14.201,13.692,22.097,NORMAL,0.0,-1.0,100.0
E001,T1-0000,238.0,259.94646,238,3209.259,-5.807,68.263,92.0,60.597,63.44,4811.813,102.68,102.715,102.945,106.122,722.9,723.693,720.151,721.691,88.258,106.531,3.691,11.807,3.059,0.702,0.337,0.237,3.006,14.19,13.81,22.092,NORMAL,0.0,-1.0,100.0
E001,T1-0000,239.0,259.94674,239,3222.743,-5.895,68.145,92.0,60.492,63.409,4813.619,102.874,102.568,103.419,105.272,720.961,721.708,719.528,720.887,88.017,106.613,3.689,11.79,3.047,0.692,0.337,0.236,2.991,14.206,13.811,22.096,NORMAL,0.0,-1.0,100.0
E001,T1-0000,240.0,259.94702,240,3236.227,-5.983,68.028,92.0,60.388,63.302,4814.431,102.719,102.621,103.067,105.35,720.148,720.669,718.515,723.058,88.193,106.537,3.696,11.771,3.059,0.686,0.339,0.234,2.97,14.226,14.016,22.097,NORMAL,0.0,-1.0,100.0
E001,T1-0000,241.0,259.94729,241,3249.712,-6.07,67.911,92.0,60.284,63.069,4818.379,102.694,102.657,102.65,105.29,720.647,720.057,719.163,721.365,88.11,106.451,3.696,11.759,3.048,0.703,0.336,0.236,2.942,14.196,13.689,22.105,NORMAL,0.0,-1.0,100.0
E001,T1-0000,242.0,259.94757,242,3263.196,-6.158,67.794,92.0,60.18,62.98,4810.688,103.18,102.624,102.925,104.954,721.703,719.614,718.345,717.39,88.215,106.427,3.682,11.717,3.045,0.706,0.339,0.234,2.958,14.212,13.836,22.091,NORMAL,0.0,-1.0,100.0
E001,T1-0000,243.0,259.94785,243,3276.68,-6.246,67.677,92.0,60.076,62.951,4807.031,103.136,102.379,102.312,105.21,722.413,716.742,716.876,717.824,88.023,106.428,3.689,11.686,3.059,0.7,0.344,0.232,2.944,14.208,13.796,22.085,NORMAL,0.0,-1.0,100.0
E001,T1-0000,244.0,259.94813,244,3290.164,-6.333,67.56,92.0,59.973,62.792,4802.783,103.293,102.389,102.085,104.778,719.48,717.482,715.911,718.664,87.89,106.376,3.678,11.654,3.038,0.718,0.346,0.23,2.975,14.224,13.985,22.077,NORMAL,0.0,-1.0,100.0
E001,T1-0000,245.0,259.9484,245,3303.649,-6.421,67.443,92.0,59.869,62.689,4804.795,102.813,103.027,101.742,104.567,718.654,716.708,716.613,718.34,88.08,106.391,3.687,11.643,3.07,0.706,0.344,0.228,2.992,14.21,13.838,22.081,NORMAL,0.0,-1.0,100.0
E001,T1-0000,246.0,259.94868,246,3317.133,-6.509,67.327,92.0,59.766,62.518,4803.175,102.641,102.623,101.439,104.763,715.872,716.505,717.485,715.898,88.125,106.438,3.686,11.622,3.049,0.719,0.346,0.227,3.019,14.213,13.983,22.079,NORMAL,0.0,-1.0,100.0
E001,T1-0000,247.0,259.94896,247,3330.617,-6.596,67.211,92.0,59.663,62.526,4797.262,102.401,102.698,101.576,105.213,714.988,716.092,718.316,715.382,88.041,106.437,3.684,11.59,3.034,0.703,0.343,0.23,2.98,14.19,14.121,22.069,NORMAL,0.0,-1.0,100.0
E001,T1-0000,248.0,259.94924,248,3344.102,-6.684,67.095,92.0,59.56,62.347,4794.551,101.917,102.832,101.581,105.472,715.645,713.732,718.162,714.587,88.092,106.247,3.681,11.566,3.065,0.7,0.348,0.229,2.992,14.204,13.846,22.064,NORMAL,0.0,-1.0,100.0
E001,T1-0000,249.0,259.94952,249,3357.586,-6.772,66.979,92.0,59.457,62.295,4790.127,101.441,102.111,101.876,105.016,714.333,710.921,716.77,716.63,88.248,106.301,3.685,11.537,3.053,0.703,0.349,0.23,2.974,14.209,14.005,22.057,NORMAL,0.0,-1.0,100.0
E001,T1-0000,250.0,259.94979,250,3371.07,-6.859,66.863,92.0,59.354,62.128,4793.851,101.871,101.815,101.955,104.463,713.209,710.512,716.355,715.675,88.118,106.181,3.686,11.531,3.037,0.717,0.349,0.235,2.94,14.195,14.139,22.065,NORMAL,0.0,-1.0,100.0
E001,T1-0000,251.0,259.95007,251,3384.554,-6.947,66.747,92.0,59.251,62.04,4792.166,101.959,101.077,102.467,104.473,713.348,709.148,716.127,712.569,88.036,106.295,3.693,11.51,3.058,0.72,0.345,0.238,2.989,14.183,14.16,22.063,NORMAL,0.0,-1.0,100.0
E001,T1-0000,252.0,259.95035,252,3398.039,-7.034,66.632,92.0,59.149,61.99,4796.195,101.716,101.462,102.308,105.021,711.62,711.832,716.437,711.5,88.04,106.29,3.682,11.504,3.041,0.711,0.343,0.236,2.99,14.211,13.818,22.072,NORMAL,0.0,-1.0,100.0
E001,T1-0000,253.0,259.95063,253,3411.523,-7.122,66.517,92.0,59.047,61.858,4795.372,101.536,101.171,102.705,105.395,709.654,711.18,714.618,712.836,88.054,106.112,3.687,11.486,3.05,0.712,0.345,0.234,3.042,14.21,14.113,22.072,NORMAL,0.0,-1.0,100.0
E001,T1-0000,254.0,259.9509,254,3425.007,-7.21,66.401,92.0,58.944,61.679,4794.619,101.893,101.109,102.628,105.235,709.007,713.01,712.834,713.143,88.144,106.226,3.694,11.467,3.04,0.711,0.346,0.232,2.999,14.201,13.841,22.072,NORMAL,0.0,-1.0,100.0
E001,T1-0000,255.0,259.95118,255,3438.492,-7.297,66.286,92.0,58.842,61.624,4786.461,101.733,100.896,102.229,105.225,709.682,715.691,712.519,710.034,88.323,106.197,3.681,11.429,3.06,0.701,0.348,0.233,3.025,14.18,13.93,22.059,NORMAL,0.0,-1.0,100.0
E001,T1-0000,256.0,259.95146,0,3451.976,-7.385,66.172,92.0,58.74,61.481,4788.416,101.17,100.683,102.753,105.095,709.63,715.105,712.303,711.703,88.375,106.082,3.685,11.417,3.071,0.703,0.344,0.233,3.012,14.19,14.232,22.064,NORMAL,0.0,-1.0,100.0
E001,T1-0000,257.0,259.95174,1,3465.46,-7.473,66.057,92.0,58.639,61.382,4789.157,100.855,100.588,102.112,105.32,710.403,712.681,711.251,712.388,88.239,106.214,3.683,11.403,3.057,0.695,0.339,0.234,3.001,14.204,14.047,22.067,NORMAL,0.0,-1.0,100.0
E001,T1-0000,258.0,259.95202,2,3478.944,-7.56,65.942,92.0,58.537,61.339,4786.578,100.543,100.431,102.021,104.733,709.46,711.541,710.538,711.245,88.163,106.081,3.681,11.38,3.034,0.689,0.343,0.239,2.964,14.212,14.081,22.064,NORMAL,0.0,-1.0,100.0
E001,T1-0000,259.0,259.95229,3,3492.429,-7.648,65.828,92.0,58.436,61.225,4784.097,100.293,100.527,102.262,104.745,711.49,713.273,713.613,709.23,88.213,106.116,3.672,11.357,3.044,0.708,0.338,0.238,2.966,14.198,14.2,22.062,NORMAL,0.0,-1.0,100.0
E001,T1-0000,260.0,259.95257,4,3505.913,-7.736,65.714,92.0,58.334,61.086,4786.326,100.615,100.794,101.935,104.696,709.198,713.385,713.709,710.04,88.154,106.064,3.679,11.347,3.069,0.722,0.336,0.239,2.966,14.163,14.118,22.068,NORMAL,0.0,-1.0,100.0
E001,T1-0000,261.0,259.95285,5,3519.397,-7.823,65.6,92.0,58.233,61.062,4782.979,100.805,100.942,102.324,104.743,707.79,714.103,712.945,708.701,88.339,106.059,3.685,11.322,3.042,0.712,0.34,0.238,2.995,14.154,14.496,22.064,NORMAL,0.0,-1.0,100.0
E001,T1-0000,262.0,259.95313,6,3532.881,-7.911,65.486,92.0,58.132,60.958,4780.452,100.784,100.678,102.393,105.295,708.671,715.368,713.909,708.603,88.251,106.032,3.677,11.299,3.067,0.705,0.338,0.239,2.961,14.158,14.197,22.061,NORMAL,0.0,-1.0,100.0
E001,T1-0000,263.0,259.9534,7,3546.366,-7.999,65.373,92.0,58.031,60.822,4782.614,100.436,100.822,102.267,105.448,709.665,709.553,711.79,709.432,88.095,106.085,3.69,11.288,3.055,0.702,0.334,0.235,2.993,14.229,14.19,22.067,NORMAL,0.0,-1.0,100.0
E001,T1-0000,264.0,259.95368,8,3559.85,-8.086,65.259,92.0,57.93,60.654,4775.883,100.018,101.01,101.854,105.739,710.64,708.022,709.21,709.851,88.196,106.04,3.676,11.255,3.048,0.704,0.335,0.235,2.983,14.198,14.053,22.057,NORMAL,0.0,-1.0,100.0
E001,T1-0000,265.0,259.95396,9,3573.334,-8.174,65.146,92.0,57.83,60.538,4778.16,99.376,100.754,102.148,105.567,709.906,712.375,709.912,706.049,88.082,105.955,3.682,11.244,3.041,0.701,0.333,0.233,2.94,14.216,13.868,22.063,NORMAL,0.0,-1.0,100.0
E001,T1-0000,266.0,259.95424,10,3586.819,-8.262,65.032,92.0,57.729,60.359,4770.195,98.837,101.249,102.007,105.03,707.233,707.465,710.774,705.426,87.946,105.944,3.679,11.208,3.048,0.7,0.333,0.235,2.961,14.22,13.958,22.051,NORMAL,0.0,-1.0,100.0
E001,T1-0000,267.0,259.95452,11,3600.303,-8.349,64.919,92.0,57.629,60.372,4770.262,99.032,101.347,102.074,104.677,707.751,707.182,709.906,704.215,88.008,105.996,3.676,11.192,3.077,0.705,0.335,0.233,2.961,14.186,14.157,22.053,NORMAL,0.0,-1.0,100.0
E001,T1-0000,268.0,259.95479,12,3613.787,-8.437,64.807,92.0,57.529,60.244,4770.145,99.135,101.035,102.327,104.735,706.45,706.616,708.195,706.228,88.055,105.898,3.681,11.176,3.051,0.726,0.335,0.233,2.969,14.186,14.003,22.055,NORMAL,0.0,-1.0,100.0
E001,T1-0000,269.0,259.95507,13,3627.271,-8.524,64.694,92.0,57.429,60.131,4775.071,99.727,100.97,102.682,105.086,705.212,705.642,708.732,705.935,87.987,105.896,3.677,11.173,3.036,0.73,0.34,0.232,2.991,14.208,14.402,22.067,NORMAL,0.0,-1.0,100.0
E001,T1-0000,270.0,259.95535,14,3640.756,-8.612,64.581,92.0,57.329,60.049,4770.251,100.013,101.878,102.861,105.157,704.173,703.862,707.24,706.551,87.786,105.953,3.677,11.144,3.042,0.737,0.345,0.232,2.988,14.215,14.11,22.061,NORMAL,0.0,-1.0,100.0
E001,T1-0000,271.0,259.95563,15,3654.24,-8.7,64.469,92.0,57.229,59.925,4767.024,100.177,101.737,102.519,105.341,707.742,705.457,705.866,705.584,87.942,105.861,3.678,11.12,3.048,0.719,0.34,0.23,3.018,14.188,14.37,22.057,NORMAL,0.0,-1.0,100.0
E001,T1-0000,272.0,259.9559,16,3667.724,-8.787,64.357,92.0,57.129,59.782,4764.926,100.283,101.787,102.275,104.699,704.301,707.82,705.568,705.472,87.926,105.815,3.678,11.098,3.05,0.749,0.348,0.239,3.023,14.221,14.279,22.056,NORMAL,0.0,-1.0,100.0
E001,T1-0000,273.0,259.95618,17,3681.209,-8.875,64.244,92.0,57.03,59.724,4765.177,100.972,101.949,102.928,105.025,704.563,708.978,705.394,704.113,87.923,105.82,3.677,11.083,3.044,0.734,0.346,0.236,2.983,14.199,14.137,22.059,NORMAL,0.0,-1.0,100.0
E001,T1-0000,274.0,259.95646,18,3694.693,-8.963,64.133,92.0,56.93,59.62,4764.319,100.869,102.109,102.855,105.167,704.749,706.969,705.813,704.683,87.907,105.838,3.674,11.065,3.037,0.727,0.343,0.234,2.97,14.178,14.225,22.06,NORMAL,0.0,-1.0,100.0
E001,T1-0000,275.0,259.95674,19,3708.177,-9.05,64.021,92.0,56.831,59.518,4759.825,101.077,101.98,102.131,105.308,703.875,706.498,708.283,702.326,87.923,105.895,3.681,11.037,3.037,0.708,0.349,0.235,2.987,14.163,14.268,22.054,NORMAL,0.0,-1.0,100.0
E001,T1-0000,276.0,259.95702,20,3721.661,-9.138,63.909,92.0,56.732,59.397,4750.334,100.873,101.583,102.501,105.358,701.722,706.328,706.193,703.694,88.015,105.751,3.668,10.996,3.047,0.718,0.35,0.232,3.023,14.192,14.047,22.039,NORMAL,0.0,-1.0,100.0
E001,T1-0000,277.0,259.95729,21,3735.146,-9.226,63.798,92.0,56.633,59.326,4745.978,100.935,101.554,102.352,105.314,702.646,706.005,707.145,705.312,87.812,105.832,3.669,10.969,3.065,0.703,0.348,0.231,3.035,14.2,14.297,22.033,NORMAL,0.0,-1.0,100.0
E001,T1-0000,278.0,259.95757,22,3748.63,-9.313,63.686,92.0,56.534,59.148,4750.832,101.056,101.524,102.494,104.924,703.808,705.776,704.06,702.437,87.857,105.834,3.68,10.966,3.056,0.712,0.345,0.23,3.073,14.215,14.218,22.045,NORMAL,0.0,-1.0,100.0
E001,T1-0000,279.0,259.95785,23,3762.114,-9.401,63.575,92.0,56.436,59.112,4748.979,101.258,101.352,102.917,104.999,703.237,706.001,705.658,702.572,87.982,105.744,3.672,10.945,3.045,0.705,0.342,0.23,3.031,14.205,14.152,22.045,NORMAL,0.0,-1.0,100.0
E001,T1-0000,280.0,259.95813,24,3775.599,-9.489,63.464,92.0,56.337,58.972,4751.25,100.817,101.131,103.101,104.946,703.702,708.383,704.359,703.677,87.887,105.822,3.673,10.935,3.062,0.706,0.339,0.229,3.062,14.186,14.306,22.052,NORMAL,0.0,-1.0,100.0
E001,T1-0000,281.0,259.9584,25,3789.083,-9.576,63.353,92.0,56.239,58.834,4745.297,100.776,101.124,103.145,105.854,702.005,707.451,701.525,704.583,87.836,105.609,3.664,10.904,3.057,0.706,0.339,0.233,3.029,14.182,14.275,22.043,NORMAL,0.0,-1.0,100.0
E001,T1-0000,282.0,259.95868,26,3802.567,-9.664,63.243,92.0,56.141,58.742,4745.729,100.859,101.956,103.593,105.667,703.499,704.904,703.688,704.038,87.922,105.534,3.672,10.889,3.026,0.728,0.342,0.235,3.068,14.202,14.193,22.047,NORMAL,0.0,-1.0,100.0
E001,T1-0000,283.0,259.95896,27,3816.051,-9.752,63.132,92.0,56.042,58.6,4741.889,100.776,101.403,102.901,105.786,707.108,707.437,702.816,702.942,87.931,105.663,3.668,10.864,3.064,0.708,0.343,0.239,3.049,14.204,14.205,22.043,NORMAL,0.0,-1.0,100.0
E001,T1-0000,284.0,259.95924,28,3829.536,-9.839,63.022,92.0,55.944,58.574,4737.82,100.415,101.605,102.314,105.374,706.158,705.132,704.345,702.344,87.962,105.693,3.668,10.837,3.06,0.692,0.34,0.238,3.04,14.214,14.365,22.038,NORMAL,0.0,-1.0,100.0
E001,T1-0000,285.0,259.95952,29,3843.02,-9.927,62.912,92.0,55.847,58.494,4739.431,99.918,101.809,102.445,105.435,705.31,699.338,706.028,699.459,87.953,105.546,3.674,10.826,3.05,0.684,0.338,0.239,3.058,14.211,14.37,22.044,NORMAL,0.0,-1.0,100.0
E001,T1-0000,286.0,259.95979,30,3856.504,-10.014,62.802,92.0,55.749,58.284,4737.736,100.484,101.556,102.983,105.581,704.625,698.351,705.16,700.404,88.017,105.703,3.674,10.806,3.04,0.677,0.333,0.241,3.031,14.21,14.437,22.044,NORMAL,0.0,-1.0,100.0
E001,T1-0000,287.0,259.96007,31,3869.988,-10.102,62.692,92.0,55.651,58.319,4737.79,100.37,101.617,103.136,105.223,700.144,699.379,705.735,701.128,87.934,105.449,3.668,10.79,3.051,0.675,0.336,0.239,3.044,14.191,14.145,22.047,NORMAL,0.0,-1.0,100.0
E001,T1-0000,288.0,259.96035,32,4003.291,-10.969,61.614,72.66,42.447,48.801,4507.016,99.82,101.571,102.718,104.636,690.684,685.53,694.458,689.57,87.997,105.538,3.546,8.546,3.033,0.663,0.337,0.235,3.051,14.193,14.282,22.071,NORMAL,0.0,-1.0,100.0
E001,T1-0000,289.0,259.96063,33,4003.324,-10.969,61.614,72.668,42.451,48.875,4386.48,100.153,101.459,102.08,104.776,680.639,677.502,684.659,683.099,87.928,105.367,3.497,8.258,3.054,0.668,0.332,0.236,3.05,14.208,14.081,21.842,NORMAL,0.0,-1.0,100.0
E001,T1-0000,290.0,259.9609,34,4003.354,-10.969,61.613,72.675,42.456,48.885,4320.605,99.705,101.184,101.526,104.422,672.697,672.939,677.224,677.171,87.952,105.29,3.455,8.099,3.047,0.683,0.325,0.234,3.015,14.206,14.107,21.716,NORMAL,0.0,-1.0,100.0
E001,T1-0000,291.0,259.96118,35,4003.38,-10.969,61.613,72.682,42.46,48.899,4281.591,99.732,101.006,101.941,104.78,669.597,668.941,673.285,670.435,88.007,105.27,3.446,8.003,3.065,0.665,0.32,0.232,3.031,14.177,14.35,21.642,NORMAL,0.0,-1.0,100.0
E001,T1-0000,292.0,259.96146,36,4003.404,-10.969,61.613,72.69,42.465,48.835,4262.908,99.69,100.807,101.716,104.81,666.603,666.47,669.523,667.422,88.026,105.218,3.435,7.958,3.052,0.65,0.325,0.229,3.086,14.184,14.091,21.606,NORMAL,0.0,-1.0,100.0
E001,T1-0000,293.0,259.96174,37,4003.423,-10.969,61.613,72.697,42.469,48.827,4251.75,99.539,100.553,101.484,105.025,664.065,663.571,669.06,664.467,88.074,105.164,3.422,7.93,3.042,0.641,0.331,0.231,3.078,14.203,14.379,21.584,NORMAL,0.0,-1.0,100.0
E001,T1-0000,294.0,259.96202,38,4003.44,-10.97,61.613,72.704,42.473,48.871,4246.084,99.29,99.674,101.026,105.037,667.239,663.648,663.988,664.468,88.282,104.996,3.427,7.917,3.046,0.645,0.322,0.233,3.095,14.208,14.356,21.573,NORMAL,0.0,-1.0,100.0
E001,T1-0000,295.0,259.96229,39,4003.453,-10.97,61.612,72.711,42.478,48.941,4241.228,99.459,99.563,100.91,104.016,662.916,662.98,662.497,663.435,88.116,104.925,3.425,7.905,3.06,0.645,0.322,0.231,3.052,14.231,14.464,21.563,NORMAL,0.0,-1.0,100.0
E001,T1-0000,296.0,259.96257,40,4003.463,-10.97,61.612,72.718,42.482,48.786,4241.787,99.18,100.235,100.921,104.007,661.716,663.866,662.738,663.326,88.07,104.857,3.427,7.907,3.044,0.662,0.318,0.23,3.022,14.219,14.203,21.564,NORMAL,0.0,-1.0,100.0
E001,T1-0000,297.0,259.96285,41,4003.469,-10.97,61.612,72.725,42.486,48.959,4241.543,98.136,100.097,100.813,104.239,661.034,661.417,662.925,661.446,88.021,104.838,3.431,7.907,3.066,0.651,0.315,0.235,2.978,14.201,14.499,21.563,NORMAL,0.0,-1.0,100.0
E001,T1-0000,298.0,259.96313,42,4003.472,-10.97,61.612,72.732,42.49,48.886,4231.363,98.585,100.512,101.158,103.814,660.281,660.523,659.702,658.65,87.995,104.746,3.432,7.883,3.033,0.649,0.312,0.236,3.042,14.208,14.211,21.543,NORMAL,0.0,-1.0,100.0
E001,T1-0000,299.0,259.9634,43,4003.472,-10.97,61.612,72.738,42.494,48.885,4231.537,98.537,100.07,101.589,103.62,660.932,658.893,656.567,658.585,87.949,104.595,3.423,7.884,3.061,0.646,0.313,0.232,3.065,14.208,14.182,21.543,NORMAL,0.0,-1.0,100.0
E001,T1-0000,300.0,259.96368,44,4003.469,-10.97,61.612,72.745,42.498,49.009,4233.942,98.766,99.874,101.847,103.246,662.918,657.726,656.747,659.402,88.052,104.532,3.429,7.89,3.071,0.661,0.319,0.232,3.038,14.186,14.474,21.547,NORMAL,0.0,-1.0,100.0
E001,T1-0000,301.0,259.96396,45,4003.462,-10.97,61.612,72.751,42.503,48.951,4235.759,97.983,99.567,101.471,102.779,661.696,659.412,656.599,658.178,87.977,104.564,3.435,7.895,3.049,0.662,0.32,0.236,3.033,14.186,14.375,21.55,NORMAL,0.0,-1.0,100.0
E001,T1-0000,302.0,259.96424,46,4003.452,-10.97,61.612,72.758,42.507,48.813,4237.29,97.139,99.478,101.273,102.548,656.908,659.125,659.751,658.993,87.871,104.44,3.435,7.899,3.048,0.658,0.322,0.233,3.022,14.172,14.37,21.553,NORMAL,0.0,-1.0,100.0
E001,T1-0000,303.0,259.96452,47,4003.438,-10.97,61.613,72.764,42.511,48.801,4241.246,96.843,99.715,101.184,102.153,657.766,658.161,658.972,659.651,87.848,104.449,3.434,7.91,3.052,0.666,0.326,0.233,3.023,14.177,14.315,21.56,NORMAL,0.0,-1.0,100.0
E001,T1-0000,304.0,259.96479,48,4003.422,-10.969,61.613,72.771,42.515,48.929,4241.164,97.052,99.016,101.321,101.989,658.024,658.343,657.783,659.217,87.839,104.274,3.44,7.91,3.046,0.653,0.321,0.232,3.002,14.224,14.419,21.56,NORMAL,0.0,-1.0,100.0
E001,T1-0000,305.0,259.96507,49,4003.401,-10.969,61.613,72.777,42.519,49.031,4239.271,97.105,98.594,101.344,102.004,656.963,658.424,656.186,658.364,87.837,104.297,3.44,7.906,3.026,0.642,0.317,0.234,2.958,14.213,14.259,21.556,NORMAL,0.0,-1.0,100.0
E001,T1-0000,306.0,259.96535,50,4003.378,-10.969,61.613,72.783,42.522,48.886,4239.796,97.323,98.769,101.78,102.122,660.559,656.987,660.266,657.455,87.883,104.19,3.436,7.908,3.07,0.647,0.32,0.233,2.931,14.217,14.27,21.556,NORMAL,0.0,-1.0,100.0
E001,T1-0000,307.0,259.96563,51,4003.351,-10.969,61.613,72.789,42.526,48.954,4239.133,97.112,98.696,101.368,102.777,663.236,656.886,658.477,657.033,87.999,104.085,3.436,7.906,3.071,0.661,0.319,0.233,2.975,14.16,14.704,21.555,NORMAL,0.0,-1.0,100.0
E001,T1-0000,308.0,259.9659,52,4003.321,-10.969,61.614,72.795,42.53,48.937,4242.212,97.222,98.6,101.147,102.336,663.638,659.957,659.105,658.9,87.947,104.012,3.439,7.914,3.05,0.665,0.317,0.231,2.943,14.176,14.234,21.56,NORMAL,0.0,-1.0,100.0
E001,T1-0000,309.0,259.96618,53,4003.288,-10.969,61.614,72.801,42.534,48.892,4240.925,97.787,99.071,101.085,102.629,663.514,660.097,658.044,659.023,88.03,104.052,3.447,7.912,3.033,0.652,0.315,0.234,2.935,14.204,14.473,21.558,NORMAL,0.0,-1.0,100.0
E001,T1-0000,310.0,259.96646,54,4003.251,-10.968,61.614,72.806,42.538,48.934,4240.456,97.576,99.128,101.016,102.335,664.291,662.838,661.198,660.574,88.191,103.846,3.448,7.911,3.056,0.649,0.317,0.231,2.934,14.186,14.59,21.557,NORMAL,0.0,-1.0,100.0
E001,T1-0000,311.0,259.96674,55,4003.211,-10.968,61.614,72.812,42.542,48.988,4237.781,97.442,99.256,101.072,102.182,664.748,660.285,657.891,661.793,87.96,103.909,3.447,7.904,3.058,0.653,0.316,0.236,2.965,14.187,14.581,21.551,NORMAL,0.0,-1.0,100.0
E001,T1-0000,312.0,259.96702,56,4003.168,-10.968,61.615,72.818,42.545,48.93,4238.611,97.363,98.944,100.996,102.17,667.568,656.039,659.12,662.147,88.181,103.922,3.448,7.907,3.047,0.653,0.311,0.231,2.969,14.183,14.401,21.553,NORMAL,0.0,-1.0,100.0
E001,T1-0000,313.0,259.96729,57,4003.121,-10.967,61.615,72.823,42.549,48.878,4243.623,97.049,98.372,101.176,101.332,663.174,658.42,659.859,662.754,88.02,103.831,3.444,7.92,3.062,0.684,0.308,0.228,2.93,14.239,14.278,21.562,NORMAL,0.0,-1.0,100.0
E001,T1-0000,314.0,259.96757,58,4003.071,-10.967,61.616,72.829,42.553,48.881,4241.655,97.601,98.177,101.43,102.315,661.519,659.39,661.935,660.782,87.933,103.618,3.446,7.916,3.05,0.677,0.312,0.23,2.891,14.205,14.664,21.558,NORMAL,0.0,-1.0,100.0
E001,T1-0000,315.0,259.96785,59,4003.018,-10.967,61.616,72.834,42.556,48.981,4248.094,97.255,98.007,100.839,101.953,661.431,661.034,660.206,658.676,88.025,103.707,3.454,7.932,3.045,0.666,0.309,0.232,2.894,14.202,14.167,21.57,NORMAL,0.0,-1.0,100.0
E001,T1-0000,316.0,259.96813,60,4002.961,-10.966,61.616,72.839,42.56,48.896,4250.553,96.799,97.741,100.569,101.899,657.561,662.931,661.465,662.86,87.88,103.617,3.455,7.938,3.054,0.664,0.312,0.23,2.894,14.203,14.529,21.574,NORMAL,0.0,-1.0,100.0
E001,T1-0000,317.0,259.9684,61,4002.901,-10.966,61.617,72.845,42.563,48.988,4247.607,96.99,98.396,100.572,102.02,658.832,662.398,664.667,662.136,87.982,103.496,3.452,7.932,3.043,0.659,0.31,0.23,2.937,14.195,14.548,21.568,NORMAL,0.0,-1.0,100.0
E001,T1-0000,318.0,259.96868,62,4002.838,-10.966,61.617,72.85,42.567,48.972,4246.612,97.116,98.28,100.434,102.131,656.89,661.306,662.669,662.285,87.933,103.434,3.461,7.929,3.04,0.68,0.308,0.227,3.013,14.179,14.561,21.566,NORMAL,0.0,-1.0,100.0
E001,T1-0000,319.0,259.96896,63,4002.772,-10.965,61.618,72.855,42.57,48.951,4247.164,97.053,98.369,100.484,102.367,656.996,660.976,661.183,658.698,88.035,103.492,3.461,7.931,3.064,0.665,0.315,0.227,3.011,14.213,14.584,21.567,NORMAL,0.0,-1.0,100.0
E001,T1-0000,320.0,259.96924,64,4002.702,-10.965,61.619,72.86,42.574,48.897,4244.05,97.448,98.371,100.523,102.514,657.016,660.684,660.784,659.955,88.099,103.547,3.463,7.924,3.046,0.651,0.313,0.226,2.961,14.183,14.56,21.561,NORMAL,0.0,-1.0,100.0
E001,T1-0000,321.0,259.96952,65,4002.629,-10.964,61.619,72.865,42.577,48.981,4241.902,97.613,98.428,100.477,102.536,658.088,656.623,660.817,660.321,88.124,103.321,3.462,7.919,3.054,0.651,0.309,0.226,2.912,14.199,14.441,21.557,NORMAL,0.0,-1.0,100.0
E001,T1-0000,322.0,259.96979,66,4002.552,-10.964,61.62,72.869,42.581,48.882,4240.663,97.629,98.472,100.135,102.645,659.851,659.15,660.204,659.894,88.139,103.284,3.445,7.916,3.034,0.674,0.31,0.223,2.967,14.209,14.506,21.554,NORMAL,0.0,-1.0,100.0
E001,T1-0000,323.0,259.97007,67,4002.473,-10.963,61.62,72.874,42.584,48.924,4245.72,97.441,99.008,99.868,102.822,658.412,659.947,660.07,659.646,88.04,103.284,3.464,7.929,3.033,0.666,0.309,0.228,2.96,14.199,14.536,21.563,NORMAL,0.0,-1.0,100.0
E001,T1-0000,324.0,259.97035,68,4002.39,-10.963,61.621,72.879,42.587,48.984,4244.939,97.393,98.856,100.468,102.69,659.04,659.859,659.957,657.324,88.147,103.232,3.458,7.928,3.038,0.65,0.308,0.227,2.901,14.156,14.683,21.562,NORMAL,0.0,-1.0,100.0
E001,T1-0000,325.0,259.97063,69,4002.303,-10.962,61.622,72.883,42.591,49.025,4247.372,97.996,98.428,100.754,102.972,656.239,660.506,663.628,656.389,88.051,103.255,3.469,7.934,3.066,0.648,0.317,0.228,2.847,14.215,14.511,21.566,NORMAL,0.0,-1.0,100.0
E001,T1-0000,326.0,259.9709,70,4002.214,-10.962,61.622,72.888,42.594,48.963,4243.231,97.519,98.676,100.83,102.667,657.444,660.624,663.467,656.429,88.103,103.076,3.458,7.924,3.034,0.651,0.318,0.226,2.894,14.184,14.656,21.558,NORMAL,0.0,-1.0,100.0
E001,T1-0000,327.0,259.97118,71,4002.121,-10.961,61.623,72.892,42.597,48.943,4247.996,97.278,98.747,100.528,102.267,656.232,658.921,663.705,656.459,88.012,103.026,3.471,7.936,3.058,0.65,0.319,0.224,2.924,14.221,14.477,21.567,NORMAL,0.0,-1.0,100.0
E001,T1-0000,328.0,259.97146,72,4002.025,-10.96,61.624,72.896,42.6,48.974,4246.316,96.484,98.841,101.267,101.957,658.079,662.308,662.193,658.519,88.127,102.969,3.458,7.933,3.057,0.651,0.314,0.225,2.902,14.167,14.434,21.564,NORMAL,0.0,-1.0,100.0
E001,T1-0000,329.0,259.97174,73,4001.925,-10.96,61.625,72.9,42.603,48.952,4250.484,96.591,98.848,101.461,101.125,657.099,660.805,661.673,658.19,87.97,103.168,3.466,7.943,3.059,0.64,0.318,0.226,2.891,14.217,14.397,21.571,NORMAL,0.0,-1.0,100.0
E001,T1-0000,330.0,259.97202,74,4001.822,-10.959,61.626,72.904,42.606,49.035,4245.043,96.62,98.818,101.321,101.382,657.934,661.299,662.273,658.547,87.998,102.975,3.467,7.93,3.055,0.657,0.317,0.225,2.914,14.2,14.814,21.561,NORMAL,0.0,-1.0,100.0
E001,T1-0000,331.0,259.97229,75,4001.716,-10.958,61.626,72.908,42.61,48.995,4241.033,96.637,98.546,101.556,101.514,659.062,661.502,661.644,658.758,88.051,102.981,3.463,7.921,3.042,0.673,0.317,0.224,2.872,14.247,14.926,21.553,NORMAL,0.0,-1.0,100.0
E001,T1-0000,332.0,259.97257,76,4001.607,-10.958,61.627,72.912,42.613,49.08,4243.958,96.613,98.412,101.524,101.017,658.88,661.883,662.203,660.148,88.188,102.957,3.457,7.928,3.04,0.659,0.312,0.225,2.906,14.219,14.509,21.559,NORMAL,0.0,-1.0,100.0
E001,T1-0000,333.0,259.97285,77,4001.494,-10.957,61.628,72.916,42.616,48.939,4246.567,96.196,98.097,101.515,100.776,660.367,661.226,657.784,660.59,88.177,102.836,3.467,7.935,3.06,0.65,0.308,0.225,2.967,14.217,14.698,21.563,NORMAL,0.0,-1.0,100.0
E001,T1-0000,334.0,259.97313,78,4001.379,-10.956,61.629,72.92,42.619,48.93,4249.201,95.748,97.863,102.091,100.564,661.08,658.234,661.059,659.773,88.285,102.795,3.47,7.942,3.054,0.643,0.31,0.227,2.958,14.209,14.793,21.568,NORMAL,0.0,-1.0,100.0
E001,T1-0000,335.0,259.9734,79,4001.259,-10.955,61.63,72.924,42.621,48.974,4249.538,95.864,97.576,102.154,100.308,663.334,658.396,658.99,661.434,88.333,102.822,3.472,7.943,3.035,0.637,0.312,0.226,2.946,14.189,14.775,21.569,NORMAL,0.0,-1.0,100.0
E001,T1-0000,336.0,259.97368,80,4001.137,-10.955,61.631,72.927,42.624,48.984,4247.642,95.987,97.348,101.506,100.537,660.901,658.403,658.652,665.312,88.398,102.85,3.466,7.938,3.052,0.646,0.313,0.224,2.981,14.195,14.232,21.565,NORMAL,0.0,-1.0,100.0
E001,T1-0000,337.0,259.97396,81,4001.011,-10.954,61.632,72.931,42.627,49.01,4243.295,96.245,97.545,101.523,100.951,661.149,656.655,659.323,662.339,88.372,102.746,3.471,7.928,3.058,0.64,0.311,0.225,3.001,14.196,14.769,21.557,NORMAL,0.0,-1.0,100.0
E001,T1-0000,338.0,259.97424,82,4000.883,-10.953,61.633,72.934,42.63,49.027,4246.576,97.14,97.635,101.831,100.591,660.174,656.517,657.875,661.292,88.257,102.792,3.467,7.936,3.042,0.659,0.312,0.224,3.032,14.142,14.452,21.563,NORMAL,0.0,-1.0,100.0
E001,T1-0000,339.0,259.97452,83,4000.75,-10.952,61.634,72.937,42.633,48.987,4250.126,97.222,97.81,101.91,100.774,659.903,658.822,656.874,661.242,88.316,102.755,3.471,7.945,3.063,0.656,0.314,0.223,3.03,14.16,14.692,21.569,NORMAL,0.0,-1.0,100.0
E001,T1-0000,340.0,259.97479,84,4000.615,-10.951,61.635,72.941,42.636,49.093,4245.3,97.749,98.152,102.107,101.084,660.575,661.501,658.165,660.352,88.234,102.712,3.471,7.934,3.04,0.648,0.312,0.227,3.051,14.199,14.676,21.56,NORMAL,0.0,-1.0,100.0
E001,T1-0000,341.0,259.97507,85,4000.476,-10.95,61.636,72.944,42.638,48.922,4245.25,97.835,98.163,102.898,100.932,660.972,662.899,657.76,660.761,88.339,102.692,3.469,7.934,3.063,0.646,0.318,0.228,3.024,14.207,14.709,21.56,NORMAL,0.0,-1.0,100.0
E001,T1-0000,342.0,259.97535,86,4000.334,-10.949,61.638,72.947,42.641,49.094,4245.165,97.659,98.18,103.361,101.416,658.797,662.753,658.02,662.182,88.203,102.693,3.475,7.934,3.051,0.663,0.316,0.23,3.062,14.205,14.793,21.559,NORMAL,0.0,-1.0,100.0
E001,T1-0000,343.0,259.97563,87,4000.189,-10.948,61.639,72.95,42.644,49.043,4246.925,97.592,98.798,103.322,100.975,656.808,662.217,656.595,661.671,88.479,102.588,3.478,7.939,3.058,0.667,0.314,0.229,3.066,14.199,14.727,21.563,NORMAL,0.0,-1.0,100.0
E001,T1-0000,344.0,259.9759,88,4000.041,-10.947,61.64,72.953,42.646,49.041,4248.28,97.698,98.777,103.417,100.871,658.33,663.97,659.832,661.211,88.348,102.572,3.476,7.942,3.057,0.655,0.312,0.226,3.007,14.217,14.421,21.565,NORMAL,0.0,-1.0,100.0
E001,T1-0000,345.0,259.97618,89,3999.889,-10.946,61.641,72.956,42.649,48.987,4247.166,97.981,98.365,103.918,100.456,657.804,664.315,661.269,659.924,88.35,102.585,3.472,7.94,3.066,0.646,0.314,0.223,3.005,14.197,14.653,21.563,NORMAL,0.0,-1.0,100.0
E001,T1-0000,346.0,259.97646,90,3999.735,-10.945,61.642,72.958,42.651,49.069,4248.826,97.465,98.216,103.419,100.97,661.273,661.615,660.084,661.4,88.364,102.545,3.474,7.944,3.077,0.638,0.311,0.224,2.972,14.202,14.822,21.566,NORMAL,0.0,-1.0,100.0
E001,T1-0000,347.0,259.97674,91,3999.577,-10.944,61.644,72.961,42.654,49.129,4246.312,97.808,97.717,103.211,101.016,659.465,663.39,663.584,662.211,88.244,102.601,3.47,7.938,3.055,0.676,0.315,0.224,3.014,14.2,14.496,21.561,NORMAL,0.0,-1.0,100.0
E001,T1-0000,348.0,259.97702,92,3999.415,-10.943,61.645,72.964,42.656,49.001,4249.326,97.553,96.923,102.582,101.409,657.385,662.445,661.987,662.517,88.311,102.466,3.473,7.946,3.05,0.666,0.32,0.223,2.945,14.214,14.697,21.567,NORMAL,0.0,-1.0,100.0
E001,T1-0000,349.0,259.97729,93,3999.251,-10.942,61.646,72.966,42.659,49.07,4247.522,97.552,97.024,102.637,100.983,659.71,661.672,658.612,661.922,88.391,102.481,3.477,7.942,3.02,0.665,0.314,0.222,2.979,14.195,14.579,21.563,NORMAL,0.0,-1.0,100.0
E001,T1-0000,350.0,259.97757,94,3999.083,-10.941,61.648,72.968,42.661,49.003,4249.821,97.24,97.064,102.194,100.962,659.261,662.069,658.488,661.66,88.37,102.464,3.48,7.948,3.05,0.659,0.314,0.221,3.007,14.212,14.748,21.567,NORMAL,0.0,-1.0,100.0
E001,T1-0000,351.0,259.97785,95,3998.912,-10.94,61.649,72.971,42.664,49.003,4251.226,97.178,96.981,102.594,100.721,659.468,660.699,660.103,663.46,88.217,102.436,3.479,7.952,3.055,0.66,0.309,0.219,3.016,14.215,14.851,21.57,NORMAL,0.0,-1.0,100.0
E001,T1-0000,352.0,259.97813,96,3998.738,-10.939,61.65,72.973,42.666,49.094,4249.781,96.834,96.691,102.364,101.222,658.261,659.985,663.034,661.678,88.158,102.353,3.472,7.949,3.04,0.654,0.308,0.219,2.945,14.173,14.649,21.567,NORMAL,0.0,-1.0,100.0
E001,T1-0000,353.0,259.9784,97,3998.561,-10.938,61.652,72.975,42.668,48.996,4252.486,97.777,96.569,102.308,101.096,660.186,662.23,663.218,659.715,88.42,102.368,3.48,7.956,3.041,0.645,0.305,0.219,2.921,14.197,14.556,21.572,NORMAL,0.0,-1.0,100.0
E001,T1-0000,354.0,259.97868,98,3998.381,-10.937,61.653,72.977,42.671,49.102,4249.869,98.148,96.704,102.485,100.927,655.305,661.643,661.002,659.594,88.319,102.45,3.472,7.949,3.046,0.642,0.309,0.225,2.94,14.206,14.853,21.567,NORMAL,0.0,-1.0,100.0
E001,T1-0000,355.0,259.97896,99,3998.197,-10.935,61.655,72.979,42.673,49.053,4249.623,99.09,96.651,102.428,101.01,654.539,662.335,660.982,658.492,88.21,102.377,3.477,7.949,3.028,0.651,0.307,0.226,2.927,14.222,14.882,21.566,NORMAL,0.0,-1.0,100.0
E001,T1-0000,356.0,259.97924,100,3998.01,-10.934,61.656,72.981,42.675,49.013,4251.654,98.706,96.796,102.824,101.795,656.572,660.122,661.449,656.82,88.463,102.387,3.485,7.955,3.044,0.65,0.307,0.223,2.959,14.213,14.754,21.57,NORMAL,0.0,-1.0,100.0
E001,T1-0000,357.0,259.97952,101,3997.82,-10.933,61.658,72.983,42.677,48.921,4251.315,98.987,96.691,102.769,101.918,659.171,658.396,662.891,657.78,88.356,102.26,3.481,7.954,3.033,0.647,0.31,0.222,2.981,14.147,14.804,21.569,NORMAL,0.0,-1.0,100.0
E001,T1-0000,358.0,259.97979,102,3997.627,-10.932,61.659,72.984,42.679,48.98,4246.342,98.732,96.655,102.639,101.936,660.404,659.176,663.0,657.087,88.235,102.443,3.481,7.942,3.055,0.647,0.315,0.221,2.937,14.215,14.922,21.56,NORMAL,0.0,-1.0,100.0
E001,T1-0000,359.0,259.98007,103,3997.431,-10.931,61.661,72.986,42.681,49.067,4251.257,98.828,97.189,102.567,102.037,660.516,659.053,661.845,656.379,88.214,102.241,3.488,7.955,3.053,0.646,0.312,0.225,2.94,14.211,14.845,21.569,NORMAL,0.0,-1.0,100.0
E001,T1-0000,360.0,259.98035,104,3997.231,-10.929,61.662,72.987,42.683,49.116,4253.11,98.728,97.453,103.308,102.381,660.692,660.069,659.278,657.466,88.214,102.294,3.476,7.96,3.047,0.641,0.315,0.232,2.93,14.214,14.403,21.573,NORMAL,0.0,-1.0,100.0
E001,T1-0000,361.0,259.98063,105,3997.029,-10.928,61.664,72.989,42.685,49.072,4255.853,98.485,97.168,103.075,102.241,658.442,660.41,658.568,657.253,88.224,102.302,3.491,7.967,3.059,0.638,0.315,0.23,2.976,14.194,14.82,21.578,NORMAL,0.0,-1.0,100.0
E001,T1-0000,362.0,259.9809,106,3996.823,-10.927,61.666,72.99,42.687,49.111,4252.571,98.216,97.055,102.898,102.462,659.007,661.161,661.878,657.726,88.227,102.293,3.489,7.959,3.038,0.631,0.315,0.232,3.05,14.186,14.592,21.571,NORMAL,0.0,-1.0,100.0
E001,T1-0000,363.0,259.98118,107,3996.614,-10.925,61.667,72.992,42.689,49.144,4251.906,98.576,96.542,102.426,102.017,661.385,661.034,660.632,657.051,88.293,102.151,3.492,7.957,3.038,0.635,0.312,0.233,2.99,14.205,14.537,21.57,NORMAL,0.0,-1.0,100.0
E001,T1-0000,364.0,259.98146,108,3996.402,-10.924,61.669,72.993,42.691,49.116,4251.921,98.321,96.505,102.306,102.746,662.406,661.47,657.225,659.17,88.106,102.222,3.483,7.958,3.044,0.656,0.309,0.233,2.997,14.206,15.066,21.57,NORMAL,0.0,-1.0,100.0
E001,T1-0000,365.0,259.98174,109,3996.187,-10.922,61.671,72.994,42.693,49.074,4253.685,98.656,96.013,101.637,102.482,660.918,661.926,659.628,661.43,88.172,102.232,3.483,7.962,3.049,0.646,0.306,0.23,2.994,14.211,14.788,21.573,NORMAL,0.0,-1.0,100.0
E001,T1-0000,366.0,259.98202,110,3995.969,-10.921,61.673,72.995,42.695,49.073,4252.965,98.316,95.752,101.572,102.654,661.652,660.332,659.833,661.987,88.27,102.144,3.478,7.961,3.045,0.635,0.303,0.228,3.013,14.201,14.818,21.572,NORMAL,0.0,-1.0,100.0
E001,T1-0000,367.0,259.98229,111,3995.747,-10.92,61.674,72.996,42.697,48.998,4249.326,98.543,95.606,101.601,102.358,662.881,661.985,657.709,663.164,88.17,102.125,3.491,7.952,3.055,0.627,0.304,0.229,2.977,14.238,14.88,21.565,NORMAL,0.0,-1.0,100.0
E001,T1-0000,368.0,259.98257,112,3995.523,-10.918,61.676,72.996,42.699,49.086,4249.212,97.969,95.42,101.118,101.98,663.986,660.792,662.523,664.242,88.044,102.134,3.486,7.952,3.048,0.632,0.304,0.231,2.989,14.195,14.694,21.565,NORMAL,0.0,-1.0,100.0
E001,T1-0000,369.0,259.98285,113,3995.295,-10.917,61.678,72.997,42.7,49.065,4247.747,97.677,95.969,100.965,102.108,663.199,655.866,660.627,662.694,88.095,102.086,3.481,7.949,3.055,0.625,0.307,0.227,2.937,14.191,14.788,21.562,NORMAL,0.0,-1.0,100.0
E001,T1-0000,370.0,259.98313,114,3995.064,-10.915,61.68,72.998,42.702,49.105,4251.271,97.41,96.461,101.045,101.847,660.484,657.3,659.727,662.642,87.978,102.177,3.488,7.958,3.045,0.632,0.307,0.224,2.967,14.221,14.71,21.568,NORMAL,0.0,-1.0,100.0
E001,T1-0000,371.0,259.9834,115,3994.831,-10.914,61.682,72.998,42.704,49.015,4247.059,97.251,96.889,101.292,101.937,663.452,662.127,659.217,664.166,88.214,102.109,3.487,7.948,3.033,0.642,0.304,0.222,2.955,14.226,14.669,21.56,NORMAL,0.0,-1.0,100.0
E001,T1-0000,372.0,259.98368,116,3994.594,-10.912,61.684,72.999,42.705,49.063,4249.25,97.36,96.291,101.378,101.758,663.019,661.643,658.566,665.999,87.978,102.014,3.477,7.953,3.056,0.654,0.313,0.223,2.936,14.19,14.613,21.564,NORMAL,0.0,-1.0,100.0
E001,T1-0000,373.0,259.98396,117,3994.354,-10.911,61.686,72.999,42.707,49.089,4252.608,97.744,96.363,100.99,101.582,662.46,661.654,657.948,665.914,87.837,102.035,3.485,7.962,3.074,0.659,0.314,0.222,2.951,14.205,14.795,21.571,NORMAL,0.0,-1.0,100.0
E001,T1-0000,374.0,259.98424,118,3994.111,-10.909,61.688,73.0,42.708,49.003,4244.731,97.546,96.552,100.683,101.597,660.979,660.406,658.564,662.545,88.046,101.987,3.48,7.943,3.068,0.645,0.316,0.223,2.913,14.188,14.821,21.556,NORMAL,0.0,-1.0,100.0
E001,T1-0000,375.0,259.98452,119,3993.865,-10.907,61.69,73.0,42.71,49.101,4246.699,97.641,96.197,101.045,101.211,662.104,661.074,659.164,662.126,88.127,102.046,3.487,7.948,3.045,0.666,0.317,0.223,2.964,14.199,14.46,21.559,NORMAL,0.0,-1.0,100.0
E001,T1-0000,376.0,259.98479,120,3993.616,-10.906,61.692,73.0,42.711,49.14,4243.679,97.784,96.418,101.621,100.903,658.473,662.742,659.621,662.467,87.942,101.882,3.489,7.941,3.057,0.66,0.319,0.225,2.961,14.179,14.609,21.554,NORMAL,0.0,-1.0,100.0
E001,T1-0000,377.0,259.98507,121,3993.363,-10.904,61.694,73.0,42.713,49.137,4247.517,97.742,96.477,101.433,100.595,658.464,661.215,660.413,662.566,88.075,102.031,3.484,7.95,3.019,0.664,0.316,0.223,2.964,14.205,14.841,21.561,NORMAL,0.0,-1.0,100.0
E001,T1-0000,378.0,259.98535,122,3993.108,-10.902,61.696,73.0,42.714,49.131,4247.423,97.703,96.936,101.095,100.231,659.963,662.498,659.627,664.444,88.114,101.98,3.491,7.95,3.065,0.667,0.312,0.222,2.959,14.171,14.884,21.561,NORMAL,0.0,-1.0,100.0
E001,T1-0000,379.0,259.98563,123,3992.85,-10.901,61.698,73.0,42.715,49.025,4247.199,97.571,97.992,101.144,99.947,662.98,660.19,662.495,664.543,87.994,102.068,3.487,7.95,3.057,0.677,0.313,0.224,2.91,14.214,14.83,21.56,NORMAL,0.0,-1.0,100.0
E001,T1-0000,380.0,259.9859,124,3992.588,-10.899,61.7,73.0,42.717,49.094,4242.884,97.973,97.846,101.805,100.05,660.508,662.135,660.835,665.209,88.07,101.891,3.484,7.94,3.03,0.664,0.321,0.228,2.921,14.215,14.697,21.552,NORMAL,0.0,-1.0,100.0
E001,T1-0000,381.0,259.98618,125,3992.324,-10.897,61.702,72.999,42.718,49.083,4247.334,98.668,97.901,101.527,100.336,662.225,661.201,658.418,662.658,88.235,101.868,3.483,7.951,3.052,0.668,0.32,0.225,2.91,14.155,14.747,21.56,NORMAL,0.0,-1.0,100.0
E001,T1-0000,382.0,259.98646,126,3992.057,-10.896,61.704,72.999,42.719,49.043,4245.714,99.439,98.378,101.153,100.763,658.891,661.943,660.282,662.417,88.354,101.84,3.484,7.947,3.033,0.655,0.316,0.224,2.972,14.218,15.115,21.557,NORMAL,0.0,-1.0,100.0
E001,T1-0000,383.0,259.98674,127,3991.786,-10.894,61.706,72.998,42.721,49.07,4252.569,99.358,98.593,101.405,100.364,658.634,663.102,661.425,660.541,88.324,101.859,3.494,7.964,3.061,0.683,0.315,0.224,3.039,14.214,14.77,21.57,NORMAL,0.0,-1.0,100.0
E001,T1-0000,384.0,259.98702,128,3991.513,-10.892,61.708,72.998,42.722,48.962,4255.025,99.706,98.48,101.715,100.739,659.794,661.697,659.457,664.33,88.077,101.777,3.499,7.97,3.049,0.675,0.312,0.225,3.054,14.181,14.94,21.575,NORMAL,0.0,-1.0,100.0
E001,T1-0000,385.0,259.98729,129,3991.237,-10.89,61.711,72.997,42.723,49.067,4255.92,99.488,98.684,101.301,100.486,663.334,661.95,661.342,662.098,88.179,101.878,3.499,7.973,3.047,0.683,0.314,0.224,3.019,14.199,14.895,21.576,NORMAL,0.0,-1.0,100.0
E001,T1-0000,386.0,259.98757,130,3990.957,-10.888,61.713,72.996,42.724,49.041,4247.612,98.789,99.037,100.8,100.366,665.911,659.438,659.782,660.806,88.21,101.963,3.489,7.952,3.049,0.674,0.313,0.231,3.041,14.182,14.746,21.561,NORMAL,0.0,-1.0,100.0
E001,T1-0000,387.0,259.98785,131,3990.675,-10.887,61.715,72.996,42.725,49.17,4251.183,98.583,98.681,100.872,100.213,661.914,662.351,657.742,656.445,88.124,101.812,3.494,7.961,3.054,0.673,0.31,0.229,3.092,14.182,14.579,21.567,NORMAL,0.0,-1.0,100.0
E001,T1-0000,388.0,259.98813,132,3990.39,-10.885,61.717,72.995,42.726,49.024,4258.439,98.203,98.985,100.925,99.638,661.506,660.472,658.954,656.888,88.188,101.847,3.498,7.979,3.06,0.674,0.314,0.231,3.118,14.206,14.594,21.581,NORMAL,0.0,-1.0,100.0
E001,T1-0000,389.0,259.9884,133,3990.101,-10.883,61.72,72.994,42.727,49.046,4255.274,98.222,99.517,100.938,99.76,659.906,662.348,660.867,654.974,88.159,101.828,3.5,7.972,3.052,0.686,0.314,0.233,3.167,14.215,14.796,21.575,NORMAL,0.0,-1.0,100.0
E001,T1-0000,390.0,259.98868,134,3989.81,-10.881,61.722,72.993,42.728,49.048,4256.434,98.101,98.913,100.513,100.417,660.562,662.332,660.562,656.08,88.262,101.774,3.502,7.975,3.025,0.665,0.317,0.231,3.193,14.239,14.548,21.577,NORMAL,0.0,-1.0,100.0
E001,T1-0000,391.0,259.98896,135,3989.516,-10.879,61.724,72.991,42.729,49.079,4251.406,98.22,98.777,99.854,100.468,661.114,663.879,662.42,657.476,88.208,101.824,3.498,7.962,3.04,0.649,0.313,0.228,3.17,14.206,14.994,21.568,NORMAL,0.0,-1.0,100.0
E001,T1-0000,392.0,259.98924,136,3989.219,-10.877,61.727,72.99,42.73,49.15,4253.411,98.661,98.382,99.583,100.405,660.218,663.384,660.397,655.997,87.948,101.764,3.496,7.968,3.044,0.657,0.313,0.228,3.102,14.196,14.802,21.571,NORMAL,0.0,-1.0,100.0
E001,T1-0000,393.0,259.98952,137,3988.919,-10.875,61.729,72.989,42.731,49.154,4252.34,99.116,98.244,100.246,100.011,660.174,663.148,657.831,657.688,88.238,101.619,3.491,7.965,3.06,0.648,0.316,0.227,3.076,14.183,14.851,21.569,NORMAL,0.0,-1.0,100.0
E001,T1-0000,394.0,259.98979,138,3988.616,-10.873,61.732,72.987,42.731,49.054,4254.716,98.819,97.672,100.446,99.79,658.943,660.26,657.655,658.21,88.134,101.706,3.493,7.971,3.033,0.638,0.32,0.224,3.014,14.216,14.734,21.574,NORMAL,0.0,-1.0,100.0
E001,T1-0000,395.0,259.99007,139,3988.31,-10.871,61.734,72.986,42.732,49.169,4253.452,98.561,97.692,100.803,100.243,656.841,661.063,658.188,658.581,88.149,101.566,3.494,7.968,3.037,0.642,0.315,0.227,2.993,14.192,15.071,21.571,NORMAL,0.0,-1.0,100.0
E001,T1-0000,396.0,259.99035,140,3988.001,-10.869,61.737,72.984,42.733,49.037,4256.992,98.448,97.799,101.229,99.879,659.06,664.055,660.26,656.092,88.151,101.782,3.494,7.977,3.047,0.651,0.316,0.224,2.986,14.185,14.835,21.578,NORMAL,0.0,-1.0,100.0
E001,T1-0000,397.0,259.99063,141,3987.69,-10.867,61.739,72.983,42.734,49.069,4253.201,98.027,97.591,101.388,99.892,658.767,660.697,662.45,658.201,87.852,101.677,3.497,7.968,3.047,0.643,0.322,0.222,3.0,14.203,14.818,21.571,NORMAL,0.0,-1.0,100.0
E001,T1-0000,398.0,259.9909,142,3987.375,-10.865,61.742,72.981,42.734,49.206,4254.13,97.809,97.487,101.059,99.718,659.376,658.428,662.974,657.49,88.076,101.61,3.5,7.971,3.081,0.64,0.322,0.226,2.991,14.197,14.939,21.573,NORMAL,0.0,-1.0,100.0
E001,T1-0000,399.0,259.99118,143,3987.058,-10.863,61.744,72.979,42.735,49.109,4247.895,97.697,97.704,101.044,99.496,658.763,658.681,663.934,659.518,88.13,101.687,3.49,7.955,3.05,0.638,0.317,0.225,2.982,14.208,14.916,21.561,NORMAL,0.0,-1.0,100.0
E001,T1-0000,400.0,259.99146,144,3986.738,-10.861,61.747,72.977,42.735,49.11,4246.769,97.244,97.758,100.519,99.584,657.819,657.862,659.393,660.418,88.12,101.785,3.488,7.952,3.061,0.647,0.317,0.223,2.957,14.239,14.774,21.559,NORMAL,0.0,-1.0,100.0
E001,T1-0000,401.0,259.99174,145,3986.414,-10.859,61.749,72.975,42.736,49.09,4249.903,97.613,96.807,100.923,100.664,656.683,661.115,659.536,657.457,88.179,101.707,3.491,7.96,3.048,0.637,0.312,0.221,2.966,14.211,14.884,21.564,NORMAL,0.0,-1.0,100.0
E001,T1-0000,402.0,259.99202,146,3986.088,-10.857,61.752,72.973,42.736,49.072,4249.583,97.446,96.983,100.847,100.642,655.962,659.554,656.871,657.277,88.188,101.668,3.493,7.96,3.058,0.632,0.31,0.222,2.978,14.203,14.802,21.564,NORMAL,0.0,-1.0,100.0
E001,T1-0000,403.0,259.99229,147,3985.76,-10.855,61.755,72.971,42.737,49.069,4246.129,97.107,96.674,100.615,101.75,655.733,658.648,656.853,658.107,88.137,101.707,3.496,7.951,3.059,0.647,0.307,0.221,3.007,14.217,14.963,21.557,NORMAL,0.0,-1.0,100.0
E001,T1-0000,404.0,259.99257,148,3985.428,-10.852,61.757,72.968,42.737,49.134,4245.545,96.913,97.396,100.186,101.817,658.177,661.094,660.261,659.66,87.978,101.749,3.497,7.95,3.05,0.663,0.312,0.221,2.973,14.216,15.024,21.556,NORMAL,0.0,-1.0,100.0
E001,T1-0000,405.0,259.99285,149,3985.093,-10.85,61.76,72.966,42.738,49.094,4246.58,97.29,96.963,100.437,101.481,657.925,661.197,659.922,655.309,88.074,101.661,3.496,7.953,3.043,0.66,0.31,0.219,2.989,14.2,14.94,21.558,NORMAL,0.0,-1.0,100.0
E001,T1-0000,406.0,259.99313,150,3984.756,-10.848,61.763,72.964,42.738,49.202,4246.24,97.622,97.233,100.318,101.156,660.947,661.239,660.318,655.076,88.104,101.562,3.501,7.952,3.045,0.655,0.307,0.225,2.967,14.22,15.003,21.557,NORMAL,0.0,-1.0,100.0
E001,T1-0000,407.0,259.9934,151,3984.416,-10.846,61.765,72.961,42.738,49.016,4246.851,97.91,97.693,100.469,101.767,659.558,662.588,662.819,658.316,88.214,101.623,3.494,7.953,3.077,0.66,0.315,0.226,3.002,14.195,14.925,21.559,NORMAL,0.0,-1.0,100.0
E001,T1-0000,408.0,259.99368,152,3984.073,-10.844,61.768,72.958,42.739,49.145,4248.495,98.048,97.978,100.145,101.581,658.66,663.004,661.738,658.582,88.122,101.516,3.492,7.958,3.025,0.664,0.314,0.223,3.003,14.188,14.599,21.562,NORMAL,0.0,-1.0,100.0
E001,T1-0000,409.0,259.99396,153,3983.727,-10.841,61.771,72.956,42.739,49.154,4252.93,97.584,98.108,99.983,101.62,660.633,662.751,660.206,659.138,88.102,101.583,3.497,7.969,3.054,0.649,0.313,0.222,2.955,14.177,15.097,21.57,NORMAL,0.0,-1.0,100.0
E001,T1-0000,410.0,259.99424,154,3983.379,-10.839,61.774,72.953,42.739,49.15,4254.577,97.443,98.001,100.24,102.17,660.74,663.436,658.365,660.228,88.078,101.604,3.501,7.973,3.046,0.659,0.309,0.222,2.97,14.186,14.767,21.573,NORMAL,0.0,-1.0,100.0
E001,T1-0000,411.0,259.99452,155,3983.028,-10.837,61.777,72.95,42.739,49.107,4252.885,97.468,98.121,99.771,102.3,661.705,660.446,659.241,659.252,88.024,101.553,3.496,7.969,3.055,0.651,0.312,0.223,2.931,14.214,14.874,21.57,NORMAL,0.0,-1.0,100.0
E001,T1-0000,412.0,259.99479,156,3982.674,-10.835,61.78,72.947,42.739,49.075,4252.601,97.287,98.293,99.919,102.095,658.458,662.218,657.49,662.714,87.862,101.528,3.494,7.968,3.068,0.643,0.314,0.222,2.966,14.18,14.712,21.569,NORMAL,0.0,-1.0,100.0
E001,T1-0000,413.0,259.99507,157,3982.317,-10.832,61.782,72.944,42.739,49.155,4249.879,97.506,97.636,99.53,102.137,655.766,665.63,659.361,660.736,87.944,101.549,3.496,7.962,3.048,0.654,0.317,0.223,2.953,14.181,14.544,21.564,NORMAL,0.0,-1.0,100.0
E001,T1-0000,414.0,259.99535,158,3981.957,-10.83,61.785,72.941,42.739,49.066,4243.871,97.525,97.676,99.334,102.001,659.029,663.512,658.859,660.954,88.05,101.566,3.491,7.947,3.054,0.656,0.314,0.227,2.954,14.169,14.753,21.553,NORMAL,0.0,-1.0,100.0
E001,T1-0000,415.0,259.99563,159,3981.595,-10.828,61.788,72.937,42.739,49.012,4247.199,97.747,97.975,99.262,102.362,661.23,664.34,661.717,660.612,88.061,101.509,3.494,7.955,3.075,0.688,0.312,0.227,2.981,14.203,14.938,21.559,NORMAL,0.0,-1.0,100.0
E001,T1-0000,416.0,259.9959,160,3981.23,-10.825,61.791,72.934,42.739,49.119,4245.215,97.822,98.001,99.817,102.742,661.579,664.786,657.713,659.009,88.152,101.562,3.496,7.95,3.056,0.698,0.311,0.224,2.971,14.203,15.051,21.555,NORMAL,0.0,-1.0,100.0
E001,T1-0000,417.0,259.99618,161,3980.863,-10.823,61.794,72.931,42.739,49.159,4244.969,97.909,98.001,100.047,102.374,663.4,661.818,660.264,659.966,88.023,101.487,3.486,7.95,3.017,0.69,0.316,0.226,2.985,14.19,15.07,21.555,NORMAL,0.0,-1.0,100.0
E001,T1-0000,418.0,259.99646,162,3980.492,-10.82,61.797,72.927,42.739,49.162,4243.761,97.843,98.01,99.787,103.023,660.964,659.019,663.793,658.426,88.127,101.507,3.488,7.947,3.052,0.671,0.314,0.225,2.947,14.188,15.09,21.553,NORMAL,0.0,-1.0,100.0
E001,T1-0000,419.0,259.99674,163,3980.119,-10.818,61.8,72.924,42.739,49.048,4242.14,97.931,98.654,99.909,103.159,663.317,658.607,662.761,658.128,88.029,101.552,3.49,7.943,3.049,0.655,0.313,0.228,2.988,14.226,14.895,21.55,NORMAL,0.0,-1.0,100.0
E001,T1-0000,420.0,259.99702,164,3979.744,-10.816,61.803,72.92,42.739,49.034,4243.984,97.373,98.507,99.489,103.304,661.775,662.044,663.896,661.408,88.029,101.365,3.488,7.947,3.049,0.646,0.315,0.23,3.026,14.193,14.804,21.553,NORMAL,0.0,-1.0,100.0
E001,T1-0000,421.0,259.99729,165,3979.365,-10.813,61.806,72.916,42.739,49.049,4249.573,97.124,98.101,99.146,103.554,661.689,662.335,664.743,660.197,88.04,101.419,3.499,7.961,3.061,0.653,0.318,0.234,3.057,14.22,15.093,21.564,NORMAL,0.0,-1.0,100.0
E001,T1-0000,422.0,259.99757,166,3978.984,-10.811,61.809,72.912,42.738,49.132,4250.494,97.635,97.254,99.768,103.682,660.122,662.895,662.972,660.448,88.209,101.436,3.496,7.964,3.059,0.671,0.314,0.233,3.031,14.176,14.87,21.565,NORMAL,0.0,-1.0,100.0
E001,T1-0000,423.0,259.99785,167,3978.601,-10.808,61.812,72.908,42.738,49.152,4246.978,97.217,96.793,99.184,103.395,662.229,663.599,662.571,660.013,88.19,101.487,3.492,7.955,3.055,0.655,0.31,0.233,3.013,14.203,14.887,21.559,NORMAL,0.0,-1.0,100.0
E001,T1-0000,424.0,259.99813,168,3978.214,-10.806,61.815,72.904,42.738,49.094,4242.571,97.115,96.722,99.812,103.207,661.698,660.832,662.805,659.815,88.073,101.5,3.489,7.944,3.05,0.643,0.311,0.233,3.0,14.185,14.762,21.55,NORMAL,0.0,-1.0,100.0
E001,T1-0000,425.0,259.9984,169,3977.825,-10.803,61.819,72.9,42.737,49.104,4247.582,96.746,96.162,99.031,102.81,661.043,659.956,662.329,657.995,88.074,101.389,3.493,7.957,3.032,0.641,0.309,0.23,3.034,14.203,14.875,21.56,NORMAL,0.0,-1.0,100.0
E001,T1-0000,426.0,259.99868,170,3977.434,-10.801,61.822,72.896,42.737,49.106,4245.243,96.525,96.102,99.185,102.81,662.104,661.248,661.456,658.137,88.103,101.447,3.491,7.951,3.033,0.653,0.308,0.234,3.024,14.168,15.052,21.556,NORMAL,0.0,-1.0,100.0
E001,T1-0000,427.0,259.99896,171,3977.04,-10.798,61.825,72.892,42.736,49.153,4248.262,97.04,97.029,99.927,103.155,662.023,661.174,661.787,661.622,88.003,101.346,3.497,7.958,3.066,0.64,0.309,0.235,3.009,14.182,14.829,21.561,NORMAL,0.0,-1.0,100.0
E001,T1-0000,428.0,259.99924,172,3976.643,-10.795,61.828,72.887,42.736,49.071,4247.654,96.479,97.508,100.033,103.001,662.162,660.607,660.057,661.476,88.099,101.525,3.491,7.957,3.044,0.661,0.307,0.232,2.962,14.194,14.964,21.56,NORMAL,0.0,-1.0,100.0
E001,T1-0000,429.0,259.99952,173,3976.244,-10.793,61.831,72.883,42.735,49.141,4246.801,95.909,97.504,100.214,103.044,658.949,658.551,662.843,661.477,88.152,101.459,3.494,7.954,3.06,0.658,0.304,0.232,3.001,14.177,14.804,21.559,NORMAL,0.0,-1.0,100.0
E001,T1-0000,430.0,259.99979,174,3975.842,-10.79,61.835,72.879,42.735,49.085,4245.338,95.278,98.016,100.344,103.566,660.447,658.28,662.705,662.541,88.153,101.521,3.498,7.951,3.053,0.664,0.306,0.231,3.084,14.184,14.949,21.556,NORMAL,0.0,-1.0,100.0
E001,T1-0000,431.0,260.00007,175,3975.437,-10.788,61.838,72.874,42.734,49.15,4248.719,95.348,98.275,99.865,103.125,659.039,657.261,661.106,661.087,88.167,101.387,3.498,7.959,3.054,0.649,0.307,0.227,3.117,14.202,15.195,21.562,NORMAL,0.0,-1.0,100.0
E001,T1-0000,432.0,260.00035,176,3975.03,-10.785,61.841,72.869,42.734,49.088,4248.049,95.204,98.557,99.911,102.812,658.815,658.188,661.991,662.77,88.347,101.387,3.498,7.958,3.064,0.637,0.307,0.224,3.14,14.2,14.958,21.561,NORMAL,0.0,-1.0,100.0
E001,T1-0000,433.0,260.00063,177,3974.621,-10.782,61.844,72.864,42.733,49.145,4247.021,95.738,98.0,99.476,103.08,660.576,656.633,661.503,662.716,88.04,101.359,3.505,7.955,3.062,0.628,0.308,0.223,3.119,14.178,14.839,21.559,NORMAL,0.0,-1.0,100.0
E001,T1-0000,434.0,260.0009,178,3974.209,-10.78,61.848,72.86,42.732,49.144,4246.033,95.516,98.241,100.139,103.084,661.615,655.691,660.342,662.687,88.088,101.341,3.496,7.953,3.074,0.625,0.306,0.221,3.071,14.186,14.949,21.557,NORMAL,0.0,-1.0,100.0
E001,T1-0000,435.0,260.00118,179,3973.794,-10.777,61.851,72.855,42.731,49.099,4250.161,95.956,98.069,99.798,103.563,661.279,655.131,661.409,661.787,88.103,101.402,3.492,7.963,3.068,0.648,0.311,0.22,3.045,14.169,15.364,21.565,NORMAL,0.0,-1.0,100.0
E001,T1-0000,436.0,260.00146,180,3973.377,-10.774,61.854,72.85,42.731,49.07,4252.439,95.915,98.114,99.952,102.834,660.973,658.158,663.234,662.461,88.005,101.437,3.5,7.969,3.038,0.675,0.309,0.223,3.059,14.189,15.023,21.569,NORMAL,0.0,-1.0,100.0
E001,T1-0000,437.0,260.00174,181,3972.957,-10.771,61.858,72.845,42.73,49.176,4249.59,95.84,98.701,100.624,102.274,665.167,658.601,664.307,661.521,87.859,101.333,3.503,7.962,3.039,0.672,0.312,0.226,3.034,14.222,14.814,21.564,NORMAL,0.0,-1.0,100.0
E001,T1-0000,438.0,260.00202,182,3972.535,-10.769,61.861,72.839,42.729,49.234,4251.155,95.543,99.268,100.755,101.94,663.042,660.648,663.633,661.287,88.061,101.327,3.498,7.966,3.043,0.661,0.308,0.223,2.964,14.227,14.963,21.567,NORMAL,0.0,-1.0,100.0
E001,T1-0000,439.0,260.00229,183,3972.111,-10.766,61.865,72.834,42.728,49.056,4243.612,94.619,99.358,100.548,101.769,661.305,663.148,661.629,662.784,88.008,101.49,3.495,7.947,3.048,0.674,0.316,0.226,2.985,14.21,14.899,21.553,NORMAL,0.0,-1.0,100.0
E001,T1-0000,440.0,260.00257,184,3971.684,-10.763,61.868,72.829,42.727,49.116,4251.613,94.649,99.25,100.503,102.536,663.653,664.035,662.414,660.55,87.944,101.447,3.504,7.967,3.05,0.671,0.324,0.224,3.007,14.174,15.005,21.568,NORMAL,0.0,-1.0,100.0
E001,T1-0000,441.0,260.00285,185,3971.254,-10.76,61.871,72.823,42.726,49.097,4248.312,94.816,99.051,100.546,103.035,661.388,663.565,660.903,659.251,87.924,101.453,3.505,7.959,3.055,0.682,0.317,0.231,3.024,14.178,15.185,21.562,NORMAL,0.0,-1.0,100.0
E001,T1-0000,442.0,260.00313,186,3970.823,-10.758,61.875,72.818,42.725,49.148,4253.019,95.425,99.08,100.722,102.975,661.627,662.522,661.733,660.459,88.024,101.413,3.5,7.971,3.059,0.673,0.318,0.23,3.005,14.212,14.96,21.571,NORMAL,0.0,-1.0,100.0
E001,T1-0000,443.0,260.0034,187,3970.388,-10.755,61.878,72.812,42.724,49.082,4251.339,95.357,98.888,100.622,103.01,661.51,662.28,662.253,660.32,87.919,101.364,3.5,7.966,3.05,0.668,0.322,0.234,3.012,14.205,14.961,21.568,NORMAL,0.0,-1.0,100.0
E001,T1-0000,444.0,260.00368,188,3969.952,-10.752,61.882,72.806,42.723,49.153,4247.161,95.755,99.228,100.306,103.17,662.169,661.401,662.316,660.719,87.983,101.336,3.495,7.956,3.046,0.673,0.32,0.231,3.014,14.225,15.057,21.56,NORMAL,0.0,-1.0,100.0
E001,T1-0000,445.0,260.00396,189,3969.513,-10.749,61.886,72.801,42.722,49.185,4252.454,95.703,99.348,99.64,103.117,664.902,660.673,661.655,661.617,87.985,101.277,3.497,7.969,3.05,0.655,0.32,0.232,3.047,14.178,15.199,21.57,NORMAL,0.0,-1.0,100.0
E001,T1-0000,446.0,260.00424,190,3969.071,-10.746,61.889,72.795,42.72,49.085,4254.723,95.552,99.574,99.811,102.726,662.023,661.119,660.648,661.579,87.894,101.425,3.5,7.975,3.04,0.648,0.324,0.23,3.012,14.198,15.053,21.574,NORMAL,0.0,-1.0,100.0
E001,T1-0000,447.0,260.00452,191,3968.627,-10.743,61.893,72.789,42.719,49.146,4249.349,95.157,99.188,100.276,102.109,660.359,664.341,661.197,663.412,87.931,101.265,3.503,7.961,3.028,0.651,0.319,0.229,3.001,14.231,14.895,21.564,NORMAL,0.0,-1.0,100.0
E001,T1-0000,448.0,260.00479,192,3968.181,-10.74,61.896,72.783,42.718,49.126,4249.169,95.508,99.372,99.666,101.984,662.887,663.235,663.148,665.311,87.938,101.226,3.506,7.961,3.048,0.664,0.316,0.226,2.952,14.201,14.888,21.564,NORMAL,0.0,-1.0,100.0
E001,T1-0000,449.0,260.00507,193,3967.733,-10.737,61.9,72.777,42.717,49.202,4250.848,95.18,98.875,99.925,102.162,660.777,663.644,662.351,661.015,87.884,101.238,3.506,7.965,3.057,0.653,0.321,0.228,2.951,14.208,15.103,21.567,NORMAL,0.0,-1.0,100.0
E001,T1-0000,450.0,260.00535,194,3967.282,-10.735,61.903,72.77,42.715,49.177,4247.837,94.95,98.455,99.778,102.253,661.276,665.892,663.258,662.886,87.941,101.329,3.501,7.957,3.05,0.64,0.318,0.228,2.971,14.176,14.885,21.561,NORMAL,0.0,-1.0,100.0
E001,T1-0000,451.0,260.00563,195,3966.829,-10.732,61.907,72.764,42.714,49.106,4256.032,95.595,98.414,99.772,101.745,660.443,663.085,662.429,661.333,87.931,101.128,3.512,7.978,3.077,0.664,0.314,0.231,2.968,14.168,15.022,21.577,NORMAL,0.0,-1.0,100.0
E001,T1-0000,452.0,260.0059,196,3966.373,-10.729,61.911,72.758,42.712,49.136,4255.091,96.002,98.985,100.192,101.63,660.185,663.06,663.076,663.178,87.962,101.364,3.506,7.975,3.022,0.682,0.311,0.227,2.969,14.203,15.1,21.575,NORMAL,0.0,-1.0,100.0
E001,T1-0000,453.0,260.00618,197,3965.915,-10.726,61.914,72.751,42.711,49.252,4251.246,95.982,98.787,100.555,101.406,662.003,663.989,661.944,661.881,88.071,101.279,3.505,7.966,3.046,0.669,0.308,0.226,2.993,14.195,15.033,21.568,NORMAL,0.0,-1.0,100.0
E001,T1-0000,454.0,260.00646,198,3965.455,-10.723,61.918,72.745,42.709,49.115,4248.352,95.952,99.101,99.856,101.58,664.69,664.506,658.314,662.468,87.913,101.354,3.5,7.958,3.026,0.661,0.31,0.225,3.016,14.229,14.952,21.562,NORMAL,0.0,-1.0,100.0
E001,T1-0000,455.0,260.00674,199,3964.993,-10.72,61.922,72.738,42.708,49.085,4248.065,95.964,99.088,100.054,101.731,664.901,664.727,659.719,662.92,88.148,101.267,3.495,7.958,3.065,0.658,0.307,0.23,3.076,14.203,15.112,21.562,NORMAL,0.0,-1.0,100.0
E001,T1-0000,456.0,260.00702,200,3964.528,-10.717,61.926,72.732,42.706,49.085,4248.894,96.174,99.422,100.455,101.941,663.686,664.094,658.459,661.344,87.923,101.227,3.498,7.959,3.056,0.657,0.306,0.227,3.123,14.186,15.073,21.564,NORMAL,0.0,-1.0,100.0
E001,T1-0000,457.0,260.00729,201,3964.062,-10.714,61.929,72.725,42.705,49.27,4249.997,96.068,99.659,100.017,101.784,664.257,661.181,659.963,658.676,87.96,101.221,3.499,7.962,3.044,0.647,0.312,0.225,3.055,14.21,14.989,21.566,NORMAL,0.0,-1.0,100.0
E001,T1-0000,458.0,260.00757,202,3963.592,-10.711,61.933,72.718,42.703,49.193,4248.969,95.395,99.482,99.602,101.808,662.292,659.848,660.607,658.384,88.043,101.348,3.498,7.959,3.045,0.636,0.312,0.226,3.014,14.224,14.997,21.564,NORMAL,0.0,-1.0,100.0
E001,T1-0000,459.0,260.00785,203,3963.121,-10.707,61.937,72.711,42.701,49.143,4247.415,95.03,99.665,100.436,101.619,662.839,659.231,660.193,658.844,88.067,101.234,3.507,7.955,3.055,0.642,0.311,0.226,3.026,14.183,15.145,21.561,NORMAL,0.0,-1.0,100.0
E001,T1-0000,460.0,260.00813,204,3962.648,-10.704,61.941,72.704,42.7,49.19,4252.229,95.015,99.039,100.362,101.815,663.869,662.536,661.62,659.883,88.119,101.21,3.501,7.967,3.05,0.645,0.316,0.225,2.99,14.202,15.067,21.57,NORMAL,0.0,-1.0,100.0
E001,T1-0000,461.0,260.0084,205,3962.172,-10.701,61.945,72.697,42.698,49.08,4248.65,94.531,99.047,100.598,101.654,664.739,662.668,662.359,659.68,88.025,101.214,3.493,7.958,3.036,0.667,0.314,0.223,2.998,14.227,15.021,21.563,NORMAL,0.0,-1.0,100.0
E001,T1-0000,462.0,260.00868,206,3961.694,-10.698,61.949,72.69,42.696,49.197,4245.784,94.708,99.157,100.737,101.207,664.203,660.531,661.951,658.884,87.939,101.26,3.496,7.951,3.056,0.651,0.312,0.221,3.056,14.192,14.939,21.558,NORMAL,0.0,-1.0,100.0
E001,T1-0000,463.0,260.00896,207,3961.214,-10.695,61.952,72.682,42.694,49.184,4248.767,94.509,98.301,101.135,101.96,664.154,661.089,664.313,656.121,87.794,101.268,3.503,7.958,3.037,0.664,0.324,0.225,3.064,14.181,14.666,21.564,NORMAL,0.0,-1.0,100.0
E001,T1-0000,464.0,260.00924,208,3960.732,-10.692,61.956,72.675,42.692,49.213,4248.317,94.33,98.184,101.977,101.636,664.614,656.837,665.188,659.233,87.905,101.204,3.493,7.957,3.038,0.66,0.322,0.224,3.049,14.195,15.196,21.563,NORMAL,0.0,-1.0,100.0
E001,T1-0000,465.0,260.00952,209,3960.247,-10.689,61.96,72.668,42.69,49.13,4240.617,94.13,97.685,101.769,101.713,664.966,658.31,664.222,662.674,87.828,101.251,3.499,7.938,3.043,0.682,0.325,0.223,3.06,14.198,14.66,21.548,NORMAL,0.0,-1.0,100.0
E001,T1-0000,466.0,260.00979,210,3959.761,-10.686,61.964,72.66,42.688,49.112,4245.237,94.269,97.708,101.595,102.075,662.568,660.655,664.917,661.737,87.852,101.172,3.506,7.95,3.038,0.683,0.318,0.221,3.01,14.196,15.174,21.557,NORMAL,0.0,-1.0,100.0
E001,T1-0000,467.0,260.01007,211,3959.272,-10.682,61.968,72.652,42.686,49.209,4242.897,94.264,97.527,101.386,101.662,660.056,660.476,663.124,662.194,88.027,101.131,3.507,7.944,3.037,0.699,0.314,0.222,3.003,14.154,14.879,21.553,NORMAL,0.0,-1.0,100.0
E001,T1-0000,468.0,260.01035,212,3958.782,-10.679,61.972,72.645,42.684,49.116,4246.224,94.353,97.388,101.667,101.526,658.642,662.556,661.887,662.573,88.05,101.206,3.505,7.951,3.061,0.678,0.31,0.22,3.01,14.204,14.935,21.559,NORMAL,0.0,-1.0,100.0
E001,T1-0000,469.0,260.01063,213,3958.289,-10.676,61.976,72.637,42.682,49.198,4241.488,94.32,97.773,101.354,101.131,659.114,663.255,661.09,663.695,87.976,101.196,3.498,7.94,3.063,0.68,0.307,0.22,2.959,14.213,15.089,21.55,NORMAL,0.0,-1.0,100.0
E001,T1-0000,470.0,260.0109,214,3957.794,-10.673,61.98,72.629,42.68,49.109,4245.497,94.745,97.686,101.093,101.675,659.184,661.197,658.107,664.037,87.951,101.164,3.498,7.949,3.038,0.668,0.313,0.224,3.034,14.198,15.052,21.558,NORMAL,0.0,-1.0,100.0
E001,T1-0000,471.0,260.01118,215,3957.297,-10.67,61.984,72.621,42.678,49.174,4245.0,94.676,97.319,100.995,101.569,658.956,658.657,657.281,664.603,87.926,101.132,3.5,7.948,3.045,0.66,0.311,0.225,3.033,14.216,14.932,21.557,NORMAL,0.0,-1.0,100.0
E001,T1-0000,472.0,260.01146,216,3956.798,-10.666,61.988,72.613,42.676,49.054,4247.602,95.185,97.72,101.181,101.636,662.061,659.16,660.211,662.417,87.95,101.073,3.501,7.954,3.055,0.696,0.314,0.224,3.062,14.192,15.061,21.562,NORMAL,0.0,-1.0,100.0
E001,T1-0000,473.0,260.01174,217,3956.297,-10.663,61.992,72.605,42.673,49.143,4253.361,95.171,97.842,101.194,101.585,658.692,659.163,661.123,664.175,87.82,101.208,3.513,7.968,3.048,0.683,0.312,0.227,3.045,14.197,14.735,21.573,NORMAL,0.0,-1.0,100.0
E001,T1-0000,474.0,260.01202,218,3955.794,-10.66,61.996,72.597,42.671,49.025,4248.231,95.185,97.637,101.359,101.671,659.373,658.652,660.382,662.515,87.917,101.141,3.502,7.956,3.064,0.679,0.315,0.224,3.01,14.194,14.571,21.564,NORMAL,0.0,-1.0,100.0
E001,T1-0000,475.0,260.01229,219,3955.289,-10.657,62.0,72.589,42.669,49.156,4247.898,95.172,97.763,101.519,101.531,658.538,653.461,659.957,661.855,88.057,101.18,3.495,7.955,3.045,0.697,0.318,0.223,3.02,14.207,15.041,21.563,NORMAL,0.0,-1.0,100.0
E001,T1-0000,476.0,260.01257,220,3954.782,-10.653,62.004,72.581,42.666,49.203,4243.621,95.099,97.453,100.923,101.771,661.054,654.375,659.708,659.794,87.934,101.177,3.496,7.944,3.053,0.682,0.322,0.225,3.027,14.154,15.176,21.555,NORMAL,0.0,-1.0,100.0
E001,T1-0000,477.0,260.01285,221,3954.273,-10.65,62.008,72.572,42.664,49.16,4245.967,95.175,97.87,100.756,101.665,660.158,657.554,659.367,661.058,87.925,101.022,3.504,7.949,3.053,0.693,0.318,0.23,3.027,14.162,15.081,21.559,NORMAL,0.0,-1.0,100.0
E001,T1-0000,478.0,260.01313,222,3953.763,-10.647,62.013,72.564,42.662,49.111,4250.939,95.042,97.872,100.214,101.398,657.297,659.019,661.924,660.824,87.888,101.062,3.498,7.962,3.052,0.686,0.315,0.232,3.025,14.203,14.741,21.569,NORMAL,0.0,-1.0,100.0
E001,T1-0000,479.0,260.0134,223,3953.25,-10.643,62.017,72.555,42.659,49.169,4242.595,94.571,98.304,99.861,101.714,659.679,660.159,660.794,658.053,88.054,101.253,3.498,7.941,3.061,0.676,0.312,0.23,2.999,14.212,14.964,21.553,NORMAL,0.0,-1.0,100.0
E001,T1-0000,480.0,260.01368,224,3952.735,-10.64,62.021,72.546,42.657,49.116,4241.613,94.95,98.089,100.568,101.861,660.713,661.557,661.454,659.982,88.092,101.16,3.494,7.938,3.041,0.678,0.316,0.232,3.001,14.175,15.207,21.551,NORMAL,0.0,-1.0,100.0
E001,T1-0000,481.0,260.01396,225,3952.218,-10.637,62.025,72.538,42.654,49.114,4245.11,95.023,97.891,99.994,100.869,660.58,662.425,663.45,662.366,88.025,101.074,3.504,7.946,3.051,0.693,0.315,0.228,3.015,14.208,14.744,21.558,NORMAL,0.0,-1.0,100.0
E001,T1-0000,482.0,260.01424,226,3951.7,-10.633,62.029,72.529,42.651,49.116,4244.306,95.051,98.463,99.731,100.55,662.305,662.868,661.991,660.145,88.129,101.197,3.496,7.944,3.05,0.688,0.314,0.228,2.983,14.196,14.787,21.557,NORMAL,0.0,-1.0,100.0
E001,T1-0000,483.0,260.01452,227,3951.179,-10.63,62.033,72.52,42.649,49.091,4240.302,95.398,98.671,99.919,100.027,662.139,663.453,664.162,658.551,87.923,101.109,3.5,7.934,3.055,0.671,0.31,0.228,3.007,14.203,15.055,21.549,NORMAL,0.0,-1.0,100.0
E001,T1-0000,484.0,260.01479,228,3950.657,-10.626,62.038,72.511,42.646,49.211,4242.756,95.825,98.264,100.324,99.737,660.227,661.743,664.243,659.771,88.033,101.26,3.505,7.94,3.028,0.674,0.307,0.228,2.985,14.19,15.216,21.554,NORMAL,0.0,-1.0,100.0
E001,T1-0000,485.0,260.01507,229,3950.132,-10.623,62.042,72.502,42.643,49.163,4243.119,95.989,98.587,99.988,100.338,660.893,664.202,665.241,659.25,88.01,101.179,3.504,7.941,3.031,0.674,0.308,0.228,3.001,14.191,15.097,21.555,NORMAL,0.0,-1.0,100.0
E001,T1-0000,486.0,260.01535,230,3949.606,-10.62,62.046,72.493,42.641,49.195,4238.571,95.929,98.12,100.292,100.694,661.875,664.321,665.224,659.318,87.936,101.206,3.5,7.929,3.079,0.658,0.305,0.23,3.015,14.221,15.304,21.546,NORMAL,0.0,-1.0,100.0
E001,T1-0000,487.0,260.01563,231,3949.078,-10.616,62.05,72.484,42.638,49.061,4238.108,95.803,98.448,99.912,101.383,662.08,665.593,666.193,657.777,88.165,101.188,3.502,7.928,3.062,0.653,0.305,0.232,2.977,14.217,14.935,21.545,NORMAL,0.0,-1.0,100.0
E001,T1-0000,488.0,260.0159,232,3948.549,-10.613,62.055,72.475,42.635,49.136,4240.98,96.03,98.788,100.703,101.675,661.068,666.612,664.196,660.192,88.02,101.19,3.507,7.935,3.047,0.668,0.303,0.23,2.948,14.235,15.1,21.551,NORMAL,0.0,-1.0,100.0
E001,T1-0000,489.0,260.01618,233,3948.017,-10.609,62.059,72.465,42.632,49.167,4241.312,96.633,98.552,100.662,101.522,663.478,667.214,664.53,663.422,88.243,101.117,3.498,7.935,3.058,0.663,0.304,0.228,2.995,14.195,14.938,21.552,NORMAL,0.0,-1.0,100.0
E001,T1-0000,490.0,260.01646,234,3947.484,-10.606,62.063,72.456,42.629,49.243,4242.49,95.615,98.428,100.299,101.123,662.81,663.836,661.896,662.684,88.208,101.08,3.496,7.938,3.031,0.659,0.307,0.227,3.047,14.211,15.172,21.554,NORMAL,0.0,-1.0,100.0
E001,T1-0000,491.0,260.01674,235,3946.949,-10.602,62.068,72.446,42.626,49.12,4241.037,95.097,98.43,100.495,100.888,662.566,664.387,659.623,662.191,88.107,101.172,3.5,7.934,3.033,0.645,0.305,0.225,3.029,14.196,15.093,21.551,NORMAL,0.0,-1.0,100.0
E001,T1-0000,492.0,260.01702,236,3946.412,-10.599,62.072,72.437,42.623,49.241,4240.081,95.189,98.399,100.326,101.128,661.451,663.849,662.254,660.227,88.1,101.076,3.496,7.931,3.039,0.663,0.304,0.224,3.055,14.203,15.137,21.55,NORMAL,0.0,-1.0,100.0
E001,T1-0000,493.0,260.01729,237,3945.873,-10.595,62.076,72.427,42.62,49.046,4240.288,95.562,98.539,100.22,101.113,660.397,665.868,660.405,660.077,88.144,101.128,3.494,7.931,3.033,0.666,0.311,0.224,3.042,14.164,15.283,21.55,NORMAL,0.0,-1.0,100.0
E001,T1-0000,494.0,260.01757,238,3945.333,-10.592,62.081,72.417,42.617,49.126,4243.023,95.569,98.383,100.27,101.228,659.763,664.869,661.419,661.114,88.111,101.079,3.5,7.938,3.041,0.675,0.312,0.226,3.085,14.188,15.109,21.556,NORMAL,0.0,-1.0,100.0
E001,T1-0000,495.0,260.01785,239,3944.791,-10.588,62.085,72.408,42.614,49.152,4241.09,95.4,98.102,99.978,101.706,659.642,662.57,660.262,660.087,88.127,101.083,3.497,7.933,3.067,0.666,0.31,0.225,3.107,14.209,14.913,21.552,NORMAL,0.0,-1.0,100.0
E001,T1-0000,496.0,260.01813,240,3944.247,-10.585,62.089,72.398,42.611,49.114,4237.338,95.266,98.308,100.33,101.091,659.992,661.233,661.255,662.066,87.962,101.194,3.501,7.923,3.055,0.653,0.312,0.223,3.099,14.173,15.184,21.545,NORMAL,0.0,-1.0,100.0
E001,T1-0000,497.0,260.0184,241,3943.702,-10.581,62.094,72.388,42.608,49.108,4237.065,95.627,98.565,99.892,100.832,660.98,658.407,665.825,661.205,88.17,101.074,3.494,7.923,3.06,0.669,0.309,0.222,3.018,14.208,14.893,21.545,NORMAL,0.0,-1.0,100.0
E001,T1-0000,498.0,260.01868,242,3943.155,-10.578,62.098,72.378,42.605,49.183,4238.642,95.652,98.922,99.926,101.057,659.21,661.882,662.975,662.45,87.971,101.083,3.495,7.926,3.043,0.664,0.307,0.224,3.024,14.224,15.028,21.548,NORMAL,0.0,-1.0,100.0
E001,T1-0000,499.0,260.01896,243,3942.606,-10.574,62.103,72.368,42.601,49.137,4240.367,95.864,98.447,100.266,100.991,659.549,658.456,660.753,661.586,88.096,101.123,3.495,7.93,3.032,0.659,0.31,0.229,3.055,14.248,15.114,21.551,NORMAL,0.0,-1.0,100.0
E001,T1-0000,500.0,260.01924,244,3942.055,-10.571,62.107,72.358,42.598,49.105,4236.906,95.861,98.619,100.261,101.076,657.616,659.751,661.422,662.388,88.104,101.125,3.495,7.921,3.078,0.647,0.308,0.225,2.994,14.18,15.197,21.545,NORMAL,0.0,-1.0,100.0
E001,T1-0000,501.0,260.01952,245,3941.503,-10.567,62.112,72.347,42.595,49.14,4242.434,96.163,98.382,100.549,100.893,658.775,659.018,659.348,664.48,88.184,101.2,3.505,7.935,3.049,0.645,0.316,0.223,3.022,14.179,15.025,21.555,NORMAL,0.0,-1.0,100.0
E001,T1-0000,502.0,260.01979,246,3940.95,-10.563,62.116,72.337,42.591,49.033,4238.724,96.285,98.674,100.54,100.3,658.957,658.644,660.29,664.217,88.095,101.118,3.499,7.925,3.05,0.645,0.313,0.222,3.041,14.188,14.921,21.548,NORMAL,0.0,-1.0,100.0
E001,T1-0000,503.0,260.02007,247,3940.395,-10.56,62.121,72.327,42.588,49.028,4239.126,97.463,98.596,100.266,100.544,660.346,659.745,658.406,664.94,88.136,101.032,3.499,7.926,3.048,0.683,0.314,0.221,3.025,14.176,14.849,21.549,NORMAL,0.0,-1.0,100.0
E001,T1-0000,504.0,260.02035,248,3939.838,-10.556,62.125,72.316,42.584,49.171,4236.659,97.228,98.387,99.982,100.238,655.772,659.352,658.925,663.908,88.138,101.234,3.506,7.92,3.074,0.706,0.31,0.224,3.069,14.191,15.143,21.545,NORMAL,0.0,-1.0,100.0
E001,T1-0000,505.0,260.02063,249,3939.279,-10.553,62.13,72.305,42.581,49.153,4242.476,97.33,98.074,100.169,100.301,657.836,661.724,660.495,662.919,88.15,101.116,3.507,7.934,3.056,0.681,0.307,0.222,3.046,14.206,15.13,21.556,NORMAL,0.0,-1.0,100.0
E001,T1-0000,506.0,260.0209,250,3938.72,-10.549,62.134,72.295,42.577,49.077,4238.766,97.031,98.298,100.131,100.425,659.876,660.247,662.831,661.802,87.994,101.197,3.492,7.924,3.036,0.68,0.321,0.224,3.063,14.17,15.003,21.549,NORMAL,0.0,-1.0,100.0
E001,T1-0000,507.0,260.02118,251,3938.158,-10.545,62.139,72.284,42.574,49.086,4235.497,97.817,98.61,99.674,100.384,658.253,658.622,661.755,661.762,88.147,101.196,3.491,7.916,3.063,0.676,0.321,0.224,3.069,14.171,15.284,21.543,NORMAL,0.0,-1.0,100.0
E001,T1-0000,508.0,260.02146,252,3937.595,-10.542,62.143,72.273,42.57,49.107,4234.355,98.359,98.036,99.388,100.887,658.44,657.452,661.151,664.9,88.089,101.118,3.499,7.913,3.063,0.66,0.317,0.224,3.038,14.187,15.018,21.541,NORMAL,0.0,-1.0,100.0
E001,T1-0000,509.0,260.02174,253,3937.031,-10.538,62.148,72.263,42.567,49.026,4239.695,98.35,97.533,99.97,100.893,662.325,658.143,662.778,663.783,88.042,101.103,3.502,7.926,3.063,0.677,0.319,0.228,3.058,14.183,15.01,21.551,NORMAL,0.0,-1.0,100.0
E001,T1-0000,510.0,260.02202,254,3936.465,-10.534,62.152,72.252,42.563,49.191,4231.616,98.093,97.909,99.631,101.594,662.047,660.644,659.89,662.96,87.962,101.156,3.494,7.906,3.068,0.668,0.323,0.232,3.054,14.19,14.934,21.536,NORMAL,0.0,-1.0,100.0
E001,T1-0000,511.0,260.02229,255,3935.897,-10.531,62.157,72.241,42.559,49.058,4232.304,98.526,97.725,99.423,101.925,661.541,659.765,660.646,662.001,88.036,101.081,3.498,7.907,3.068,0.653,0.318,0.232,3.039,14.217,15.009,21.537,NORMAL,0.0,-1.0,100.0
E001,T1-0000,512.0,260.02257,0,3935.329,-10.527,62.161,72.23,42.555,49.048,4232.918,98.416,98.121,99.553,101.303,659.498,659.314,660.106,658.767,88.124,101.164,3.494,7.908,3.051,0.64,0.317,0.228,3.027,14.21,14.875,21.539,NORMAL,0.0,-1.0,100.0
E001,T1-0000,513.0,260.02285,1,3934.758,-10.523,62.166,72.218,42.552,49.04,4235.535,98.206,97.715,99.297,101.826,659.786,660.068,660.745,661.573,88.004,101.056,3.504,7.914,3.053,0.632,0.319,0.227,3.068,14.206,15.1,21.544,NORMAL,0.0,-1.0,100.0
E001,T1-0000,514.0,260.02313,2,3934.187,-10.519,62.171,72.207,42.548,49.07,4241.232,98.215,97.402,99.756,101.284,659.88,658.373,659.787,661.11,88.049,101.101,3.501,7.928,3.04,0.647,0.316,0.23,2.995,14.21,15.022,21.555,NORMAL,0.0,-1.0,100.0
E001,T1-0000,515.0,260.0234,3,3933.614,-10.516,62.175,72.196,42.544,49.062,4238.881,97.619,97.086,99.448,100.798,658.243,659.182,659.729,662.149,88.037,101.135,3.498,7.922,3.062,0.64,0.323,0.232,2.965,14.239,14.856,21.55,NORMAL,0.0,-1.0,100.0
E001,T1-0000,516.0,260.02368,4,3933.039,-10.512,62.18,72.184,42.54,49.083,4237.77,97.82,96.89,99.65,100.215,655.51,660.284,659.348,664.775,88.054,101.164,3.499,7.919,3.044,0.638,0.322,0.236,2.937,14.183,15.162,21.548,NORMAL,0.0,-1.0,100.0
E001,T1-0000,517.0,260.02396,5,3932.463,-10.508,62.185,72.173,42.536,49.195,4236.755,97.993,96.986,99.591,100.452,656.585,658.842,659.347,660.83,87.878,101.058,3.498,7.916,3.048,0.64,0.319,0.244,2.94,14.178,14.988,21.546,NORMAL,0.0,-1.0,100.0
E001,T1-0000,518.0,260.02424,6,3931.886,-10.504,62.189,72.162,42.532,49.116,4236.421,97.372,97.109,99.619,99.865,656.426,659.493,657.779,660.28,87.861,101.18,3.5,7.915,3.063,0.63,0.315,0.239,2.946,14.224,14.977,21.546,NORMAL,0.0,-1.0,100.0
E001,T1-0000,519.0,260.02452,7,3931.307,-10.501,62.194,72.15,42.528,49.121,4239.788,97.346,96.793,99.41,100.253,655.66,659.419,657.679,662.692,88.016,101.097,3.497,7.923,3.057,0.625,0.315,0.235,2.942,14.183,14.825,21.552,NORMAL,0.0,-1.0,100.0
E001,T1-0000,520.0,260.02479,8,3930.728,-10.497,62.199,72.138,42.524,49.055,4235.788,97.555,96.288,99.493,100.519,655.561,660.134,657.451,663.442,87.938,101.002,3.494,7.913,3.062,0.621,0.311,0.232,2.955,14.187,15.001,21.545,NORMAL,0.0,-1.0,100.0
E001,T1-0000,521.0,260.02507,9,3930.146,-10.493,62.203,72.127,42.52,49.056,4233.65,97.847,96.232,99.574,100.689,655.856,659.287,659.313,662.396,88.122,101.015,3.497,7.907,3.038,0.635,0.311,0.234,2.991,14.231,14.997,21.541,NORMAL,0.0,-1.0,100.0
E001,T1-0000,522.0,260.02535,10,3929.564,-10.489,62.208,72.115,42.516,49.035,4231.91,98.072,96.464,99.404,100.682,657.554,658.464,662.463,661.995,88.067,101.15,3.5,7.902,3.059,0.631,0.31,0.241,3.007,14.163,15.094,21.538,NORMAL,0.0,-1.0,100.0
E001,T1-0000,523.0,260.02563,11,3928.98,-10.486,62.213,72.103,42.512,49.145,4229.154,97.449,96.382,99.473,101.052,657.218,659.219,660.86,658.286,88.041,101.064,3.502,7.895,3.049,0.625,0.316,0.238,2.935,14.175,15.031,21.533,NORMAL,0.0,-1.0,100.0
E001,T1-0000,524.0,260.0259,12,3928.395,-10.482,62.218,72.091,42.507,49.111,4229.69,97.565,96.311,99.049,100.322,653.925,662.591,662.361,655.474,87.954,101.13,3.499,7.896,3.052,0.621,0.312,0.242,2.983,14.213,15.13,21.534,NORMAL,0.0,-1.0,100.0
E001,T1-0000,525.0,260.02618,13,3927.809,-10.478,62.222,72.079,42.503,48.989,4228.209,97.567,96.637,98.993,100.091,653.77,665.078,660.344,656.872,88.013,101.035,3.489,7.892,3.046,0.623,0.31,0.236,3.026,14.204,15.105,21.531,NORMAL,0.0,-1.0,100.0
E001,T1-0000,526.0,260.02646,14,3927.221,-10.474,62.227,72.067,42.499,49.098,4229.498,96.337,96.525,98.808,100.123,656.857,663.967,657.392,657.882,88.047,101.084,3.496,7.895,3.062,0.646,0.309,0.232,3.021,14.198,15.013,21.534,NORMAL,0.0,-1.0,100.0
E001,T1-0000,527.0,260.02674,15,3926.633,-10.47,62.232,72.055,42.494,49.015,4227.633,96.473,96.512,98.836,100.35,659.19,663.007,657.02,662.375,88.269,101.039,3.494,7.89,3.03,0.634,0.31,0.234,2.994,14.22,15.005,21.531,NORMAL,0.0,-1.0,100.0
E001,T1-0000,528.0,260.02702,16,3926.043,-10.466,62.237,72.042,42.49,49.03,4228.706,96.782,96.329,99.299,100.358,658.159,659.638,656.103,662.03,88.217,101.061,3.492,7.892,3.043,0.628,0.307,0.235,3.009,14.192,15.003,21.533,NORMAL,0.0,-1.0,100.0
E001,T1-0000,529.0,260.02729,17,3925.452,-10.463,62.241,72.03,42.486,48.945,4232.278,96.49,96.05,99.134,100.437,656.971,660.271,657.138,662.346,88.281,101.143,3.498,7.9,3.06,0.632,0.317,0.235,3.037,14.186,14.754,21.54,NORMAL,0.0,-1.0,100.0
E001,T1-0000,530.0,260.02757,18,3924.859,-10.459,62.246,72.018,42.481,49.041,4228.705,96.625,96.212,99.851,100.608,656.208,660.44,659.664,663.585,88.249,101.069,3.491,7.891,3.042,0.627,0.313,0.232,2.98,14.189,14.935,21.533,NORMAL,0.0,-1.0,100.0
E001,T1-0000,531.0,260.02785,19,3924.266,-10.455,62.251,72.005,42.477,49.057,4229.762,97.08,96.522,99.766,100.297,660.967,662.222,660.466,662.515,88.237,101.116,3.494,7.893,3.048,0.63,0.316,0.232,2.939,14.181,14.879,21.535,NORMAL,0.0,-1.0,100.0
E001,T1-0000,532.0,260.02813,20,3923.671,-10.451,62.256,71.993,42.472,49.146,4228.664,96.816,96.455,100.018,100.741,661.598,658.356,660.418,662.893,88.143,101.182,3.487,7.89,3.045,0.631,0.314,0.229,2.946,14.19,14.882,21.533,NORMAL,0.0,-1.0,100.0
E001,T1-0000,533.0,260.0284,21,3923.076,-10.447,62.261,71.98,42.468,49.05,4228.207,97.072,96.801,100.377,100.037,663.566,657.372,662.514,663.039,88.256,101.05,3.486,7.888,3.044,0.625,0.31,0.227,2.926,14.222,14.676,21.533,NORMAL,0.0,-1.0,100.0
E001,T1-0000,534.0,260.02868,22,3922.479,-10.443,62.265,71.968,42.463,49.073,4227.837,96.651,96.73,99.641,100.297,664.251,660.745,662.958,662.463,88.252,101.038,3.491,7.887,3.046,0.633,0.308,0.225,2.991,14.181,14.772,21.532,NORMAL,0.0,-1.0,100.0
E001,T1-0000,535.0,260.02896,23,3921.881,-10.439,62.27,71.955,42.458,49.099,4230.034,96.851,96.993,99.859,99.984,660.79,661.409,662.292,663.985,88.203,101.127,3.499,7.892,3.071,0.645,0.308,0.226,2.996,14.165,14.761,21.536,NORMAL,0.0,-1.0,100.0
E001,T1-0000,536.0,260.02924,24,3921.282,-10.436,62.275,71.942,42.454,49.082,4228.802,96.616,97.514,99.744,99.944,660.218,659.439,661.547,664.191,88.174,101.018,3.492,7.888,3.056,0.637,0.308,0.225,3.005,14.212,14.882,21.534,NORMAL,0.0,-1.0,100.0
E001,T1-0000,537.0,260.02952,25,3920.682,-10.432,62.28,71.929,42.449,48.971,4232.978,96.42,97.675,100.305,100.395,661.05,658.329,662.629,665.44,88.323,101.032,3.493,7.899,3.056,0.655,0.307,0.23,2.952,14.211,15.141,21.542,NORMAL,0.0,-1.0,100.0
E001,T1-0000,538.0,260.02979,26,3920.081,-10.428,62.285,71.916,42.444,49.075,4228.263,96.612,97.549,100.139,100.14,663.765,658.039,663.727,663.14,88.14,101.067,3.492,7.886,3.059,0.663,0.309,0.227,2.952,14.211,14.86,21.534,NORMAL,0.0,-1.0,100.0
E001,T1-0000,539.0,260.03007,27,3919.479,-10.424,62.29,71.903,42.439,48.992,4230.956,96.435,97.87,100.093,100.564,665.078,660.837,663.242,660.127,88.34,101.029,3.489,7.893,3.045,0.661,0.314,0.234,3.028,14.187,14.822,21.539,NORMAL,0.0,-1.0,100.0
E001,T1-0000,540.0,260.03035,28,3918.876,-10.42,62.295,71.89,42.435,49.059,4227.08,96.799,97.967,100.224,100.434,663.861,660.348,663.443,660.01,88.262,101.034,3.492,7.882,3.035,0.658,0.31,0.23,2.976,14.173,14.771,21.532,NORMAL,0.0,-1.0,100.0
E001,T1-0000,541.0,260.03063,29,3918.272,-10.416,62.3,71.877,42.43,49.172,4226.583,96.882,98.452,100.392,100.478,666.059,660.748,664.76,660.668,88.192,101.064,3.49,7.881,3.064,0.688,0.309,0.236,2.901,14.208,14.579,21.531,NORMAL,0.0,-1.0,100.0
E001,T1-0000,542.0,260.0309,30,3917.668,-10.412,62.304,71.864,42.425,49.071,4224.885,96.822,98.199,100.333,100.417,663.297,657.948,664.365,659.882,88.272,101.238,3.49,7.876,3.051,0.683,0.307,0.232,2.948,14.185,14.702,21.528,NORMAL,0.0,-1.0,100.0
E001,T1-0000,543.0,260.03118,31,3917.062,-10.408,62.309,71.851,42.42,48.987,4222.353,96.771,98.312,100.97,100.719,662.474,659.367,663.13,659.287,88.103,101.084,3.494,7.869,3.044,0.673,0.314,0.229,2.958,14.204,15.038,21.523,NORMAL,0.0,-1.0,100.0
E001,T1-0000,544.0,260.03146,32,3916.455,-10.404,62.314,71.837,42.415,48.954,4226.549,96.458,98.526,101.455,101.103,662.521,657.362,661.292,660.953,88.3,101.086,3.483,7.88,3.019,0.658,0.311,0.225,2.979,14.203,14.969,21.531,NORMAL,0.0,-1.0,100.0
E001,T1-0000,545.0,260.03174,33,3915.847,-10.4,62.319,71.824,42.41,49.069,4229.66,96.355,98.929,101.329,100.919,659.874,655.577,660.597,659.26,88.28,101.153,3.49,7.887,3.032,0.66,0.308,0.223,2.991,14.221,15.169,21.537,NORMAL,0.0,-1.0,100.0
E001,T1-0000,546.0,260.03202,34,3915.239,-10.396,62.324,71.811,42.405,48.986,4226.218,96.048,99.246,101.134,101.048,660.12,654.0,659.816,659.221,88.355,101.076,3.485,7.878,3.059,0.663,0.309,0.223,2.927,14.166,14.974,21.531,NORMAL,0.0,-1.0,100.0
E001,T1-0000,547.0,260.03229,35,3914.629,-10.392,62.329,71.797,42.4,49.126,4227.694,96.261,98.87,101.243,101.524,663.398,656.266,658.776,657.912,88.311,101.128,3.49,7.881,3.06,0.653,0.309,0.227,2.923,14.199,14.908,21.534,NORMAL,0.0,-1.0,100.0
E001,T1-0000,548.0,260.03257,36,3914.019,-10.388,62.334,71.784,42.395,49.041,4228.727,96.627,99.732,100.741,101.505,662.338,655.24,657.607,659.941,88.248,101.053,3.492,7.883,3.058,0.662,0.314,0.233,2.942,14.178,14.638,21.536,NORMAL,0.0,-1.0,100.0
E001,T1-0000,549.0,260.03285,37,3913.408,-10.384,62.339,71.77,42.389,49.014,4227.535,97.081,99.512,100.692,101.571,661.332,657.607,659.262,662.13,88.237,101.157,3.487,7.88,3.072,0.651,0.319,0.237,2.937,14.158,14.869,21.534,NORMAL,0.0,-1.0,100.0
E001,T1-0000,550.0,260.03313,38,3912.796,-10.38,62.344,71.756,42.384,48.948,4224.462,97.188,99.855,100.749,100.847,658.749,657.087,659.02,660.683,88.296,101.129,3.492,7.872,3.053,0.662,0.319,0.234,2.982,14.178,15.071,21.528,NORMAL,0.0,-1.0,100.0
E001,T1-0000,551.0,260.0334,39,3912.183,-10.376,62.349,71.742,42.379,48.972,4222.436,96.843,99.351,100.591,100.25,657.964,659.298,658.027,658.881,88.25,101.151,3.489,7.866,3.062,0.654,0.32,0.234,2.972,14.182,14.518,21.525,NORMAL,0.0,-1.0,100.0
E001,T1-0000,552.0,260.03368,40,3911.569,-10.372,62.354,71.729,42.374,48.993,4226.311,97.495,99.387,100.108,100.905,659.494,657.854,658.532,656.548,88.199,101.121,3.489,7.875,3.06,0.658,0.326,0.232,2.981,14.225,14.85,21.532,NORMAL,0.0,-1.0,100.0
E001,T1-0000,553.0,260.03396,41,3910.955,-10.368,62.359,71.715,42.368,49.035,4225.155,97.507,99.628,100.183,101.194,661.269,660.303,659.259,657.793,88.136,101.213,3.491,7.872,3.045,0.656,0.323,0.229,3.014,14.19,15.003,21.53,NORMAL,0.0,-1.0,100.0
E001,T1-0000,554.0,260.03424,42,3910.339,-10.364,62.364,71.701,42.363,49.084,4225.083,97.717,99.806,99.942,100.535,660.716,661.208,661.304,657.043,88.26,101.003,3.495,7.871,3.056,0.691,0.323,0.227,2.989,14.174,14.85,21.53,NORMAL,0.0,-1.0,100.0
E001,T1-0000,555.0,260.03452,43,3909.724,-10.36,62.369,71.687,42.358,48.969,4225.934,97.845,99.791,100.055,100.29,657.715,659.392,661.892,657.414,88.165,101.112,3.489,7.873,3.052,0.671,0.316,0.225,2.986,14.224,14.982,21.532,NORMAL,0.0,-1.0,100.0
E001,T1-0000,556.0,260.03479,44,3909.107,-10.356,62.374,71.672,42.352,48.882,4228.849,98.031,100.0,99.729,100.181,659.691,661.756,661.968,659.744,88.103,101.062,3.483,7.88,3.037,0.664,0.323,0.23,2.99,14.206,14.894,21.538,NORMAL,0.0,-1.0,100.0
E001,T1-0000,557.0,260.03507,45,3908.49,-10.352,62.379,71.658,42.347,48.937,4226.761,98.339,99.604,100.154,99.898,659.642,661.102,659.996,659.552,88.128,100.977,3.492,7.874,3.045,0.663,0.329,0.227,2.961,14.198,14.671,21.534,NORMAL,0.0,-1.0,100.0
E001,T1-0000,558.0,260.03535,46,3907.872,-10.348,62.384,71.644,42.341,49.044,4225.969,98.867,100.259,100.197,99.773,659.836,662.067,658.79,658.014,88.181,101.105,3.485,7.872,3.046,0.648,0.322,0.224,2.979,14.197,14.908,21.533,NORMAL,0.0,-1.0,100.0
E001,T1-0000,559.0,260.03563,47,3907.253,-10.344,62.389,71.63,42.336,49.013,4225.185,98.525,100.332,100.908,99.79,659.511,659.826,659.221,656.169,88.315,101.129,3.492,7.869,3.047,0.638,0.32,0.223,2.985,14.218,14.61,21.532,NORMAL,0.0,-1.0,100.0
E001,T1-0000,560.0,260.0359,48,3906.633,-10.34,62.394,71.615,42.33,49.026,4220.155,98.426,100.18,101.155,100.023,660.272,658.002,663.516,655.494,88.234,101.082,3.486,7.856,3.055,0.651,0.318,0.221,2.988,14.184,14.761,21.522,NORMAL,0.0,-1.0,100.0
E001,T1-0000,561.0,260.03618,49,3906.013,-10.336,62.399,71.601,42.325,49.017,4219.805,98.278,100.162,101.259,99.862,661.616,660.595,663.703,657.762,88.031,101.167,3.486,7.855,3.071,0.68,0.318,0.223,2.977,14.165,14.717,21.522,NORMAL,0.0,-1.0,100.0
E001,T1-0000,562.0,260.03646,50,3905.393,-10.332,62.404,71.587,42.319,49.1,4220.094,98.13,100.245,101.84,99.624,660.162,659.018,665.342,657.748,88.16,101.096,3.493,7.855,3.063,0.665,0.315,0.223,2.994,14.199,14.922,21.522,NORMAL,0.0,-1.0,100.0
E001,T1-0000,563.0,260.03674,51,3904.771,-10.328,62.409,71.572,42.313,49.107,4224.616,97.546,100.552,101.658,99.886,661.069,661.215,662.925,659.993,88.205,101.101,3.484,7.866,3.052,0.655,0.31,0.223,3.028,14.206,14.715,21.531,NORMAL,0.0,-1.0,100.0
E001,T1-0000,564.0,260.03702,52,3904.15,-10.324,62.414,71.557,42.308,48.939,4220.078,97.554,100.056,101.499,99.664,660.011,660.428,661.007,658.471,88.183,101.079,3.494,7.854,3.08,0.666,0.308,0.224,3.042,14.191,14.753,21.523,NORMAL,0.0,-1.0,100.0
E001,T1-0000,565.0,260.03729,53,3903.527,-10.32,62.419,71.543,42.302,49.055,4218.504,97.011,99.712,101.483,99.567,660.485,657.376,662.4,658.622,88.06,101.076,3.488,7.849,3.06,0.653,0.305,0.223,3.061,14.185,14.514,21.52,NORMAL,0.0,-1.0,100.0
E001,T1-0000,566.0,260.03757,54,3902.904,-10.316,62.424,71.528,42.296,49.008,4219.349,96.78,99.991,101.293,100.036,661.201,654.598,661.678,659.614,88.249,101.113,3.487,7.851,3.043,0.655,0.304,0.221,3.039,14.184,14.741,21.522,NORMAL,0.0,-1.0,100.0
E001,T1-0000,567.0,260.03785,55,3902.281,-10.312,62.429,71.513,42.29,49.014,4217.153,96.838,98.801,101.736,99.784,665.453,656.127,657.112,660.269,88.177,101.141,3.489,7.845,3.032,0.644,0.305,0.222,3.036,14.222,14.902,21.518,NORMAL,0.0,-1.0,100.0
E001,T1-0000,568.0,260.03813,56,3901.657,-10.308,62.434,71.498,42.284,49.007,4220.539,96.504,98.664,101.755,99.32,664.911,654.879,656.475,659.945,88.05,101.022,3.494,7.853,3.047,0.648,0.303,0.226,3.032,14.196,14.537,21.525,NORMAL,0.0,-1.0,100.0
E001,T1-0000,569.0,260.0384,57,3901.032,-10.304,62.439,71.483,42.278,49.016,4228.516,96.597,99.297,101.411,99.852,661.799,655.114,657.848,660.858,88.077,101.114,3.499,7.872,3.071,0.648,0.307,0.223,3.002,14.196,14.784,21.54,NORMAL,0.0,-1.0,100.0
E001,T1-0000,570.0,260.03868,58,3900.407,-10.3,62.444,71.468,42.272,49.006,4227.054,96.388,98.935,101.778,99.823,660.408,654.317,661.08,658.935,88.198,101.137,3.491,7.868,3.053,0.656,0.304,0.222,2.992,14.18,14.761,21.537,NORMAL,0.0,-1.0,100.0
E001,T1-0000,571.0,260.03896,59,3899.782,-10.296,62.45,71.453,42.266,48.937,4224.19,96.505,98.734,101.783,100.214,658.533,656.961,661.134,658.513,88.136,101.049,3.491,7.86,3.048,0.663,0.302,0.221,2.996,14.221,14.7,21.532,NORMAL,0.0,-1.0,100.0
E001,T1-0000,572.0,260.03924,60,3899.156,-10.292,62.455,71.438,42.26,48.973,4218.056,96.465,99.189,101.324,100.251,659.36,658.074,662.103,658.337,88.134,101.098,3.487,7.844,3.047,0.647,0.311,0.219,3.008,14.203,15.259,21.521,NORMAL,0.0,-1.0,100.0
E001,T1-0000,573.0,260.03952,61,3898.529,-10.288,62.46,71.423,42.254,48.944,4214.734,96.258,98.476,101.471,99.849,658.999,658.916,664.454,658.024,88.272,101.016,3.478,7.836,3.045,0.639,0.313,0.219,3.036,14.217,14.935,21.515,NORMAL,0.0,-1.0,100.0
E001,T1-0000,574.0,260.03979,62,3897.903,-10.284,62.465,71.408,42.248,49.014,4211.907,96.412,98.811,100.974,99.863,659.933,660.354,663.431,658.398,88.127,101.155,3.484,7.828,3.054,0.642,0.313,0.22,3.022,14.186,14.896,21.509,NORMAL,0.0,-1.0,100.0
E001,T1-0000,575.0,260.04007,63,3897.275,-10.279,62.47,71.393,42.242,48.95,4215.218,95.991,98.718,100.588,100.134,659.611,658.358,664.052,656.557,87.989,101.146,3.48,7.836,3.058,0.632,0.315,0.22,3.039,14.191,14.837,21.516,NORMAL,0.0,-1.0,100.0
E001,T1-0000,576.0,260.04035,64,3896.648,-10.275,62.475,71.377,42.236,48.962,4215.338,95.882,98.786,100.862,99.979,657.333,660.68,660.809,654.576,88.187,100.987,3.487,7.836,3.04,0.642,0.314,0.221,3.06,14.223,14.589,21.516,NORMAL,0.0,-1.0,100.0
E001,T1-0000,577.0,260.04063,65,3896.02,-10.271,62.48,71.362,42.23,48.983,4214.963,96.16,98.769,101.052,99.962,659.175,660.718,661.87,655.601,88.11,100.994,3.483,7.834,3.062,0.636,0.314,0.227,3.0,14.222,14.825,21.516,NORMAL,0.0,-1.0,100.0
E001,T1-0000,578.0,260.0409,66,3895.392,-10.267,62.485,71.346,42.224,48.979,4215.2,96.064,98.206,101.043,99.658,660.825,661.478,660.653,657.288,88.099,101.076,3.484,7.834,3.023,0.646,0.311,0.231,3.004,14.189,14.607,21.517,NORMAL,0.0,-1.0,100.0
E001,T1-0000,579.0,260.04118,67,3894.763,-10.263,62.49,71.331,42.217,48.986,4217.796,96.394,98.252,101.045,100.074,663.349,660.975,662.152,657.628,88.027,101.007,3.488,7.84,3.037,0.656,0.31,0.228,2.986,14.191,14.706,21.522,NORMAL,0.0,-1.0,100.0
E001,T1-0000,580.0,260.04146,68,3894.134,-10.259,62.495,71.315,42.211,48.901,4215.534,96.632,98.171,100.387,99.618,663.376,658.534,661.4,657.989,88.119,100.977,3.482,7.834,3.06,0.642,0.307,0.227,2.985,14.221,14.552,21.518,NORMAL,0.0,-1.0,100.0
E001,T1-0000,581.0,260.04174,69,3893.505,-10.255,62.5,71.3,42.205,48.986,4222.997,97.256,97.136,100.702,99.353,662.602,658.072,661.248,660.518,88.034,101.029,3.488,7.852,3.05,0.64,0.306,0.232,3.019,14.192,14.67,21.532,NORMAL,0.0,-1.0,100.0
E001,T1-0000,582.0,260.04202,70,3892.875,-10.251,62.506,71.284,42.198,48.889,4213.975,96.79,97.748,101.11,99.324,664.118,658.518,661.337,662.513,88.221,101.042,3.485,7.828,3.058,0.648,0.304,0.228,3.021,14.192,14.675,21.515,NORMAL,0.0,-1.0,100.0
E001,T1-0000,583.0,260.04229,71,3892.246,-10.247,62.511,71.268,42.192,48.973,4212.465,96.748,97.821,101.086,99.197,664.027,660.206,663.623,664.487,88.208,101.001,3.485,7.824,3.024,0.64,0.306,0.227,3.023,14.187,14.738,21.512,NORMAL,0.0,-1.0,100.0
E001,T1-0000,584.0,260.04257,72,3891.616,-10.243,62.516,71.253,42.186,48.858,4216.909,96.891,97.424,100.753,99.311,660.782,661.893,662.749,661.667,88.26,101.102,3.488,7.834,3.064,0.637,0.319,0.226,3.118,14.206,14.759,21.521,NORMAL,0.0,-1.0,100.0
E001,T1-0000,585.0,260.04285,73,3890.985,-10.239,62.521,71.237,42.179,48.893,4212.289,97.01,97.683,100.68,99.278,659.206,659.881,660.481,659.84,88.171,100.956,3.486,7.822,3.065,0.641,0.316,0.224,3.106,14.164,14.651,21.513,NORMAL,0.0,-1.0,100.0
E001,T1-0000,586.0,260.04313,74,3890.355,-10.235,62.526,71.221,42.173,48.939,4220.701,96.908,98.356,100.896,99.375,659.353,659.018,663.558,659.374,88.297,101.112,3.492,7.842,3.057,0.633,0.312,0.222,3.043,14.18,14.972,21.529,NORMAL,0.0,-1.0,100.0
E001,T1-0000,587.0,260.0434,75,3889.724,-10.23,62.531,71.205,42.166,48.905,4219.814,97.89,97.983,100.476,99.253,661.678,659.57,660.376,660.249,88.323,101.069,3.49,7.84,3.053,0.634,0.312,0.222,3.067,14.23,14.949,21.527,NORMAL,0.0,-1.0,100.0
E001,T1-0000,588.0,260.04368,76,3889.093,-10.226,62.536,71.189,42.16,48.959,4219.083,97.797,97.983,100.358,99.338,663.476,659.132,660.395,659.469,88.416,101.047,3.489,7.837,3.054,0.646,0.309,0.224,3.086,14.228,14.674,21.526,NORMAL,0.0,-1.0,100.0
E001,T1-0000,589.0,260.04396,77,3888.462,-10.222,62.541,71.173,42.153,48.871,4221.687,98.482,97.863,100.128,99.483,660.769,659.041,658.34,660.081,88.181,101.156,3.494,7.843,3.03,0.637,0.311,0.223,3.112,14.233,14.762,21.531,NORMAL,0.0,-1.0,100.0
E001,T1-0000,590.0,260.04424,78,3887.831,-10.218,62.547,71.157,42.146,48.963,4212.99,98.291,97.727,100.519,98.907,660.066,659.935,657.469,660.123,88.356,101.081,3.486,7.821,3.038,0.651,0.319,0.226,3.132,14.201,14.651,21.515,NORMAL,0.0,-1.0,100.0
E001,T1-0000,591.0,260.04452,79,3887.2,-10.214,62.552,71.14,42.14,48.952,4206.806,98.308,97.748,100.236,99.452,661.537,661.472,657.075,659.149,88.391,101.046,3.489,7.804,3.042,0.647,0.319,0.225,3.124,14.214,14.695,21.504,NORMAL,0.0,-1.0,100.0
E001,T1-0000,592.0,260.04479,80,3886.569,-10.21,62.557,71.124,42.133,48.988,4208.528,97.892,97.712,100.66,99.71,660.003,659.487,657.447,657.372,88.398,100.977,3.483,7.808,3.057,0.637,0.317,0.224,3.113,14.168,14.578,21.507,NORMAL,0.0,-1.0,100.0
E001,T1-0000,593.0,260.04507,81,3885.937,-10.206,62.562,71.108,42.126,48.823,4207.809,97.638,97.603,100.634,99.71,662.034,661.934,657.648,655.021,88.264,101.101,3.484,7.806,3.064,0.631,0.312,0.226,3.135,14.224,14.838,21.506,NORMAL,0.0,-1.0,100.0
E001,T1-0000,594.0,260.04535,82,3885.306,-10.202,62.567,71.092,42.119,48.923,4206.074,97.528,96.65,100.387,99.888,662.186,656.967,659.006,657.746,88.339,101.091,3.482,7.801,3.04,0.643,0.308,0.223,3.094,14.223,14.91,21.503,NORMAL,0.0,-1.0,100.0
E001,T1-0000,595.0,260.04563,83,3884.674,-10.198,62.572,71.075,42.113,48.878,4211.742,97.366,96.312,100.969,100.175,659.922,656.515,658.907,658.61,88.265,101.105,3.484,7.814,3.075,0.648,0.313,0.222,3.062,14.184,14.887,21.514,NORMAL,0.0,-1.0,100.0
E001,T1-0000,596.0,260.0459,84,3884.043,-10.193,62.577,71.059,42.106,49.003,4213.087,97.587,96.684,100.858,100.297,663.353,658.051,658.09,661.337,88.267,101.049,3.488,7.817,3.067,0.644,0.311,0.222,3.056,14.199,14.782,21.517,NORMAL,0.0,-1.0,100.0
E001,T1-0000,597.0,260.04618,85,3883.411,-10.189,62.583,71.042,42.099,48.948,4215.135,98.266,97.073,101.195,100.722,662.299,658.485,656.834,659.211,88.204,101.148,3.477,7.821,3.044,0.658,0.317,0.224,3.078,14.209,14.68,21.521,NORMAL,0.0,-1.0,100.0
E001,T1-0000,598.0,260.04646,86,3882.78,-10.185,62.588,71.026,42.092,48.911,4211.936,98.19,96.708,101.045,100.181,662.194,656.187,657.749,655.954,88.291,101.119,3.487,7.813,3.032,0.653,0.319,0.225,3.037,14.184,14.678,21.515,NORMAL,0.0,-1.0,100.0
E001,T1-0000,599.0,260.04674,87,3882.148,-10.181,62.593,71.009,42.085,48.805,4208.845,98.05,96.553,100.957,100.518,659.498,655.886,660.362,659.061,88.252,101.084,3.48,7.805,3.056,0.647,0.324,0.223,3.028,14.179,14.563,21.509,NORMAL,0.0,-1.0,100.0
E001,T1-0000,600.0,260.04702,88,3881.517,-10.177,62.598,70.992,42.078,48.869,4213.031,97.959,96.724,100.849,100.96,660.438,655.776,662.434,660.128,88.189,101.081,3.494,7.814,3.067,0.65,0.32,0.221,3.017,14.208,14.852,21.518,NORMAL,0.0,-1.0,100.0
E001,T1-0000,601.0,260.04729,89,3880.885,-10.173,62.603,70.976,42.071,48.928,4213.858,97.768,96.758,100.627,100.515,658.673,655.586,661.114,659.398,88.198,101.078,3.496,7.816,3.053,0.641,0.33,0.225,3.03,14.194,14.597,21.519,NORMAL,0.0,-1.0,100.0
E001,T1-0000,602.0,260.04757,90,3880.254,-10.169,62.608,70.959,42.064,48.989,4211.514,97.514,96.865,100.298,100.747,661.165,658.173,658.446,656.563,88.445,101.077,3.486,7.809,3.041,0.662,0.322,0.226,3.037,14.206,14.584,21.515,NORMAL,0.0,-1.0,100.0
E001,T1-0000,603.0,260.04785,91,3879.622,-10.165,62.613,70.942,42.057,48.957,4206.364,98.065,97.376,99.745,100.803,660.118,660.636,657.37,656.759,88.124,101.077,3.484,7.796,3.047,0.65,0.319,0.229,3.03,14.169,14.829,21.506,NORMAL,0.0,-1.0,100.0
E001,T1-0000,604.0,260.04813,92,3878.991,-10.161,62.618,70.925,42.05,48.917,4208.7,97.661,97.332,99.226,101.706,657.741,659.711,660.503,657.908,88.113,101.091,3.48,7.801,3.061,0.641,0.322,0.228,3.057,14.188,14.806,21.51,NORMAL,0.0,-1.0,100.0
E001,T1-0000,605.0,260.0484,93,3878.36,-10.157,62.624,70.908,42.042,48.983,4212.005,97.769,97.247,99.12,102.781,660.298,660.645,658.378,659.414,88.114,101.059,3.49,7.809,3.05,0.645,0.324,0.229,3.075,14.196,14.671,21.517,NORMAL,0.0,-1.0,100.0
E001,T1-0000,606.0,260.04868,94,3877.729,-10.152,62.629,70.891,42.035,48.804,4207.687,97.376,97.706,98.659,102.748,660.002,661.187,658.975,659.161,88.171,101.041,3.49,7.797,3.074,0.646,0.323,0.228,3.017,14.211,14.608,21.509,NORMAL,0.0,-1.0,100.0
E001,T1-0000,607.0,260.04896,95,3877.098,-10.148,62.634,70.874,42.028,48.88,4205.698,97.212,98.127,98.599,103.255,661.161,659.965,657.161,658.27,88.202,100.985,3.477,7.792,3.045,0.663,0.319,0.227,3.038,14.177,14.336,21.505,NORMAL,0.0,-1.0,100.0
E001,T1-0000,608.0,260.04924,96,3876.468,-10.144,62.639,70.857,42.021,48.866,4203.276,97.624,98.342,98.448,103.077,660.103,658.533,658.754,657.886,88.1,101.159,3.48,7.785,3.072,0.669,0.32,0.225,3.007,14.21,14.806,21.501,NORMAL,0.0,-1.0,100.0
E001,T1-0000,609.0,260.04952,97,3875.837,-10.14,62.644,70.84,42.014,48.884,4201.602,98.141,98.378,98.624,103.142,657.349,660.822,659.365,659.482,87.97,101.023,3.48,7.78,3.021,0.659,0.326,0.224,2.991,14.184,14.611,21.498,NORMAL,0.0,-1.0,100.0
E001,T1-0000,610.0,260.04979,98,3875.207,-10.136,62.649,70.823,42.006,49.018,4199.468,98.597,98.364,98.337,103.134,656.14,661.682,657.945,660.217,88.085,101.044,3.481,7.774,3.054,0.647,0.32,0.226,2.99,14.18,14.835,21.494,NORMAL,0.0,-1.0,100.0
E001,T1-0000,611.0,260.05007,99,3874.577,-10.132,62.654,70.806,41.999,48.837,4204.351,98.849,98.38,98.072,102.118,657.149,659.991,658.487,658.915,88.036,100.943,3.481,7.786,3.056,0.639,0.328,0.224,3.062,14.159,14.662,21.504,NORMAL,0.0,-1.0,100.0
E001,T1-0000,612.0,260.05035,100,3873.948,-10.128,62.66,70.788,41.991,48.93,4204.352,98.985,98.409,98.464,101.988,661.149,658.547,659.923,660.128,87.982,100.945,3.481,7.785,3.046,0.664,0.328,0.225,3.114,14.205,14.732,21.504,NORMAL,0.0,-1.0,100.0
E001,T1-0000,613.0,260.05063,101,3873.318,-10.124,62.665,70.771,41.984,48.84,4205.266,98.557,99.033,99.177,102.181,662.135,662.352,655.824,657.734,87.983,101.137,3.481,7.787,3.079,0.673,0.322,0.223,3.097,14.19,14.485,21.506,NORMAL,0.0,-1.0,100.0
E001,T1-0000,614.0,260.0509,102,3872.689,-10.12,62.67,70.754,41.977,48.777,4202.242,99.021,99.145,98.087,102.614,659.783,660.745,656.025,659.763,87.981,101.014,3.482,7.779,3.056,0.663,0.32,0.221,3.125,14.167,14.491,21.501,NORMAL,0.0,-1.0,100.0
E001,T1-0000,615.0,260.05118,103,3872.06,-10.116,62.675,70.736,41.969,48.876,4203.674,98.218,98.974,97.648,102.179,657.597,661.336,656.919,659.568,87.967,101.095,3.482,7.781,3.04,0.676,0.32,0.22,3.085,14.212,14.683,21.504,NORMAL,0.0,-1.0,100.0
E001,T1-0000,616.0,260.05146,104,3871.432,-10.112,62.68,70.719,41.962,48.836,4204.89,98.257,98.232,97.452,101.897,658.487,659.156,655.607,659.805,87.929,100.878,3.478,7.783,3.027,0.675,0.314,0.225,3.048,14.193,14.412,21.506,NORMAL,0.0,-1.0,100.0
E001,T1-0000,617.0,260.05174,105,3870.803,-10.107,62.685,70.701,41.954,48.877,4203.441,97.705,98.185,97.122,101.586,658.449,657.093,655.392,658.868,88.068,100.981,3.479,7.779,3.074,0.657,0.316,0.222,3.006,14.2,14.552,21.504,NORMAL,0.0,-1.0,100.0
E001,T1-0000,618.0,260.05202,106,3870.175,-10.103,62.69,70.684,41.946,48.839,4197.63,98.412,97.974,97.184,101.572,658.331,656.092,656.208,658.011,88.031,101.013,3.477,7.764,3.041,0.649,0.314,0.224,3.044,14.163,14.444,21.493,NORMAL,0.0,-1.0,100.0
E001,T1-0000,619.0,260.05229,107,3869.548,-10.099,62.695,70.666,41.939,48.762,4198.429,97.968,97.352,97.455,101.36,659.566,656.813,655.228,657.52,87.984,100.987,3.478,7.765,3.055,0.661,0.31,0.224,2.967,14.191,14.353,21.495,NORMAL,0.0,-1.0,100.0
E001,T1-0000,620.0,260.05257,108,3868.921,-10.095,62.7,70.649,41.931,48.736,4206.019,97.459,97.285,97.067,101.713,656.557,658.196,654.739,657.397,88.071,100.978,3.482,7.783,3.06,0.67,0.307,0.224,2.967,14.205,14.506,21.509,NORMAL,0.0,-1.0,100.0
E001,T1-0000,621.0,260.05285,109,3868.294,-10.091,62.706,70.631,41.924,48.845,4202.159,96.967,97.863,97.377,101.791,657.309,658.147,655.678,659.267,88.101,100.937,3.481,7.773,3.057,0.653,0.307,0.223,2.987,14.215,14.67,21.502,NORMAL,0.0,-1.0,100.0
E001,T1-0000,622.0,260.05313,110,3867.668,-10.087,62.711,70.613,41.916,48.787,4197.966,96.931,97.897,97.12,101.285,657.43,657.863,657.414,660.688,88.106,101.057,3.479,7.762,3.06,0.662,0.304,0.227,3.017,14.184,14.646,21.495,NORMAL,0.0,-1.0,100.0
E001,T1-0000,623.0,260.0534,111,3867.042,-10.083,62.716,70.595,41.908,48.798,4200.635,96.945,97.954,97.769,101.105,658.515,658.534,654.389,660.268,88.132,101.017,3.483,7.767,3.054,0.658,0.302,0.233,2.965,14.167,14.226,21.5,NORMAL,0.0,-1.0,100.0
E001,T1-0000,624.0,260.05368,112,3866.417,-10.079,62.721,70.578,41.9,48.79,4200.114,97.348,98.527,97.805,101.001,658.629,661.226,654.586,661.787,88.229,100.962,3.479,7.765,3.031,0.655,0.308,0.233,3.001,14.236,14.261,21.499,NORMAL,0.0,-1.0,100.0
E001,T1-0000,625.0,260.05396,113,3865.792,-10.075,62.726,70.56,41.892,48.761,4196.325,97.284,98.451,98.286,100.873,658.505,660.308,654.784,662.48,88.245,100.952,3.476,7.755,3.045,0.659,0.305,0.23,3.013,14.209,14.504,21.492,NORMAL,0.0,-1.0,100.0
E001,T1-0000,626.0,260.05424,114,3865.167,-10.071,62.731,70.542,41.885,48.798,4197.425,97.451,98.467,98.012,100.961,658.234,656.677,656.81,660.26,88.136,101.001,3.482,7.757,3.03,0.648,0.312,0.228,3.011,14.145,14.19,21.495,NORMAL,0.0,-1.0,100.0
E001,T1-0000,627.0,260.05452,115,3864.543,-10.067,62.736,70.524,41.877,48.775,4194.938,97.453,98.328,98.613,100.152,656.525,658.151,659.104,661.022,88.203,100.9,3.477,7.75,3.042,0.652,0.315,0.23,3.059,14.199,14.418,21.49,NORMAL,0.0,-1.0,100.0
E001,T1-0000,628.0,260.05479,116,3863.92,-10.063,62.741,70.506,41.869,48.735,4194.997,97.806,98.29,98.583,100.003,657.933,656.971,659.388,659.061,88.155,100.963,3.479,7.75,3.034,0.644,0.319,0.231,3.005,14.154,14.469,21.491,NORMAL,0.0,-1.0,100.0
E001,T1-0000,629.0,260.05507,117,3863.297,-10.059,62.746,70.488,41.861,48.753,4194.914,97.188,98.612,98.878,100.072,661.746,655.137,655.706,653.928,88.113,100.992,3.486,7.748,3.033,0.644,0.323,0.228,3.042,14.189,14.422,21.491,NORMAL,0.0,-1.0,100.0
E001,T1-0000,630.0,260.05535,118,3862.675,-10.055,62.751,70.47,41.853,48.722,4194.153,97.067,99.157,99.078,99.865,663.323,658.29,657.118,657.96,88.176,100.93,3.486,7.746,3.036,0.644,0.317,0.227,3.041,14.234,14.485,21.49,NORMAL,0.0,-1.0,100.0
E001,T1-0000,631.0,260.05563,119,3862.053,-10.051,62.756,70.451,41.845,48.718,4198.157,97.104,98.847,99.044,100.211,662.279,660.103,656.877,657.422,88.224,101.001,3.484,7.755,3.056,0.633,0.315,0.225,2.999,14.21,14.414,21.497,NORMAL,0.0,-1.0,100.0
E001,T1-0000,632.0,260.0559,120,3861.432,-10.047,62.761,70.433,41.837,48.732,4193.418,96.708,98.482,98.394,100.267,661.071,663.106,654.584,658.287,88.027,100.943,3.474,7.743,3.047,0.646,0.313,0.229,2.985,14.216,14.405,21.489,NORMAL,0.0,-1.0,100.0
E001,T1-0000,633.0,260.05618,121,3860.811,-10.042,62.767,70.415,41.829,48.744,4188.052,97.051,98.585,98.225,100.354,659.79,662.54,655.202,657.986,88.035,100.851,3.473,7.729,3.065,0.647,0.315,0.229,3.003,14.171,14.566,21.479,NORMAL,0.0,-1.0,100.0
E001,T1-0000,634.0,260.05646,122,3860.191,-10.038,62.772,70.397,41.821,48.726,4191.349,97.051,98.719,98.246,100.476,659.671,660.591,658.235,656.018,88.12,100.96,3.486,7.736,3.035,0.661,0.312,0.226,2.994,14.212,14.38,21.485,NORMAL,0.0,-1.0,100.0
E001,T1-0000,635.0,260.05674,123,3859.572,-10.034,62.777,70.378,41.813,48.708,4191.138,97.075,98.515,98.791,100.846,659.946,661.519,659.821,655.933,88.089,100.882,3.479,7.735,3.051,0.682,0.322,0.227,2.999,14.192,14.272,21.485,NORMAL,0.0,-1.0,100.0
E001,T1-0000,636.0,260.05702,124,3858.954,-10.03,62.782,70.36,41.805,48.781,4190.463,97.268,98.537,98.657,101.154,660.893,661.854,658.877,655.124,88.232,100.966,3.487,7.732,3.042,0.683,0.32,0.227,2.98,14.181,14.342,21.484,NORMAL,0.0,-1.0,100.0
E001,T1-0000,637.0,260.05729,125,3858.336,-10.026,62.787,70.342,41.796,48.644,4189.296,97.631,98.689,98.179,101.139,656.541,658.881,658.537,660.761,88.142,100.909,3.477,7.728,3.056,0.661,0.315,0.225,2.944,14.17,14.521,21.482,NORMAL,0.0,-1.0,100.0
E001,T1-0000,638.0,260.05757,126,3857.718,-10.022,62.792,70.323,41.788,48.727,4192.805,97.631,98.265,97.778,101.36,655.125,659.025,657.19,657.965,88.188,100.98,3.482,7.736,3.06,0.662,0.32,0.224,2.952,14.194,14.117,21.489,NORMAL,0.0,-1.0,100.0
E001,T1-0000,639.0,260.05785,127,3857.102,-10.018,62.797,70.305,41.78,48.704,4191.664,97.779,98.363,97.823,100.715,653.888,657.881,655.511,660.201,88.107,100.899,3.475,7.732,3.046,0.66,0.315,0.221,2.972,14.202,14.479,21.487,NORMAL,0.0,-1.0,100.0
E001,T1-0000,640.0,260.05813,128,3856.486,-10.014,62.802,70.286,41.772,48.713,4194.646,97.659,98.081,97.995,100.34,656.385,658.303,659.005,661.06,88.22,100.931,3.478,7.739,3.033,0.666,0.313,0.22,2.974,14.198,14.522,21.493,NORMAL,0.0,-1.0,100.0
E001,T1-0000,641.0,260.0584,129,3855.871,-10.01,62.807,70.268,41.763,48.709,4192.877,97.18,98.319,98.286,101.031,660.114,658.438,658.897,659.908,88.249,100.949,3.484,7.734,3.026,0.663,0.315,0.22,2.972,14.244,14.314,21.49,NORMAL,0.0,-1.0,100.0
E001,T1-0000,642.0,260.05868,130,3855.257,-10.006,62.812,70.249,41.755,48.775,4190.21,97.324,98.531,98.052,100.898,661.116,658.332,659.184,659.14,88.109,100.878,3.475,7.726,3.068,0.658,0.315,0.221,3.008,14.187,14.572,21.486,NORMAL,0.0,-1.0,100.0
E001,T1-0000,643.0,260.05896,131,3854.643,-10.002,62.817,70.231,41.747,48.751,4192.144,97.013,98.266,97.833,100.536,659.949,656.901,658.378,656.28,87.929,100.852,3.471,7.73,3.04,0.656,0.312,0.225,2.948,14.173,14.277,21.489,NORMAL,0.0,-1.0,100.0
E001,T1-0000,644.0,260.05924,132,3854.031,-9.998,62.822,70.212,41.738,48.697,4185.117,97.057,98.321,97.869,99.929,661.453,656.381,657.456,658.594,88.257,100.915,3.476,7.712,3.046,0.643,0.308,0.225,2.94,14.195,14.222,21.476,NORMAL,0.0,-1.0,100.0
E001,T1-0000,645.0,260.05952,133,3853.419,-9.994,62.827,70.193,41.73,48.702,4191.442,97.131,97.893,98.239,100.426,659.144,658.47,659.028,657.34,88.277,100.777,3.483,7.727,3.037,0.633,0.311,0.227,2.982,14.155,14.18,21.489,NORMAL,0.0,-1.0,100.0
E001,T1-0000,646.0,260.05979,134,3852.808,-9.99,62.832,70.174,41.721,48.666,4182.548,97.046,98.232,98.617,100.428,658.431,656.169,658.144,658.746,88.181,100.94,3.47,7.704,3.052,0.651,0.308,0.234,3.017,14.151,14.193,21.472,NORMAL,0.0,-1.0,100.0
E001,T1-0000,647.0,260.06007,135,3852.198,-9.986,62.837,70.156,41.713,48.596,4187.293,97.395,97.537,98.465,101.446,658.594,654.661,658.94,655.652,88.177,100.893,3.476,7.715,3.057,0.641,0.305,0.23,3.024,14.204,14.292,21.481,NORMAL,0.0,-1.0,100.0
E001,T1-0000,648.0,260.06035,136,3851.588,-9.983,62.842,70.137,41.704,48.637,4188.922,97.473,97.272,98.345,101.48,659.254,656.382,659.933,656.623,88.394,100.945,3.474,7.718,3.04,0.652,0.305,0.227,3.02,14.178,14.45,21.485,NORMAL,0.0,-1.0,100.0
E001,T1-0000,649.0,260.06063,137,3850.98,-9.979,62.847,70.118,41.696,48.684,4190.999,96.788,97.645,98.453,101.588,656.588,659.061,656.44,658.035,88.35,100.956,3.478,7.722,3.06,0.649,0.303,0.227,3.002,14.212,14.186,21.489,NORMAL,0.0,-1.0,100.0
E001,T1-0000,650.0,260.0609,138,3850.372,-9.975,62.852,70.099,41.687,48.749,4187.539,96.746,97.524,98.407,101.219,657.734,657.682,656.466,658.446,88.223,100.789,3.472,7.712,3.052,0.644,0.301,0.226,3.031,14.194,14.319,21.483,NORMAL,0.0,-1.0,100.0
E001,T1-0000,651.0,260.06118,139,3849.766,-9.971,62.857,70.08,41.679,48.662,4190.735,96.342,97.758,98.78,101.3,659.432,659.088,657.42,659.857,88.311,100.927,3.47,7.72,3.047,0.652,0.302,0.224,2.996,14.2,14.282,21.489,NORMAL,0.0,-1.0,100.0
E001,T1-0000,652.0,260.06146,140,3849.16,-9.967,62.862,70.061,41.67,48.611,4191.569,96.711,97.451,99.357,101.644,657.531,660.559,658.156,656.936,88.271,100.89,3.478,7.721,3.042,0.646,0.302,0.222,3.015,14.172,14.165,21.491,NORMAL,0.0,-1.0,100.0
E001,T1-0000,653.0,260.06174,141,3848.555,-9.963,62.867,70.042,41.661,48.698,4196.741,96.786,97.628,99.372,102.289,659.552,661.107,657.604,658.287,88.333,100.898,3.478,7.733,3.071,0.644,0.308,0.225,3.004,14.197,14.475,21.501,NORMAL,0.0,-1.0,100.0
E001,T1-0000,654.0,260.06202,142,3847.952,-9.959,62.871,70.023,41.653,48.782,4192.976,96.723,97.637,99.336,102.162,656.864,658.853,658.446,658.589,88.249,101.018,3.47,7.723,3.052,0.634,0.31,0.223,2.983,14.233,14.379,21.494,NORMAL,0.0,-1.0,100.0
E001,T1-0000,655.0,260.06229,143,3847.349,-9.955,62.876,70.004,41.644,48.724,4189.491,96.952,97.848,99.377,102.968,655.608,659.265,657.181,656.726,88.381,100.877,3.477,7.713,3.077,0.63,0.308,0.221,2.96,14.201,14.2,21.488,NORMAL,0.0,-1.0,100.0
E001,T1-0000,656.0,260.06257,144,3846.747,-9.951,62.881,69.985,41.635,48.655,4187.72,97.426,98.004,99.105,103.015,657.68,655.485,657.955,654.107,88.3,100.96,3.465,7.708,3.046,0.63,0.304,0.221,2.955,14.198,14.186,21.485,NORMAL,0.0,-1.0,100.0
E001,T1-0000,657.0,260.06285,145,3846.146,-9.947,62.886,69.966,41.626,48.625,4180.16,97.498,97.993,99.451,102.763,659.265,656.277,658.536,656.421,88.254,100.839,3.468,7.688,3.059,0.629,0.303,0.22,2.956,14.213,14.191,21.471,NORMAL,0.0,-1.0,100.0
E001,T1-0000,658.0,260.06313,146,3845.547,-9.943,62.891,69.947,41.618,48.622,4178.183,97.729,98.251,99.426,103.075,660.626,659.042,657.884,656.9,88.235,100.905,3.474,7.683,3.06,0.63,0.309,0.22,2.944,14.193,14.355,21.468,NORMAL,0.0,-1.0,100.0
E001,T1-0000,659.0,260.0634,147,3844.948,-9.939,62.896,69.928,41.609,48.677,4178.25,97.568,98.54,99.616,103.075,659.601,656.856,656.932,659.748,88.223,100.903,3.474,7.682,3.033,0.656,0.305,0.222,2.966,14.217,14.233,21.468,NORMAL,0.0,-1.0,100.0
E001,T1-0000,660.0,260.06368,148,3844.35,-9.935,62.901,69.908,41.6,48.677,4177.535,97.758,98.249,100.066,102.604,658.305,656.456,658.112,661.066,88.287,100.906,3.473,7.679,3.062,0.643,0.307,0.226,2.989,14.21,14.358,21.467,NORMAL,0.0,-1.0,100.0
E001,T1-0000,661.0,260.06396,149,3843.754,-9.932,62.906,69.889,41.591,48.653,4180.289,97.497,98.594,100.411,102.707,659.733,657.488,657.216,662.31,88.286,100.923,3.477,7.685,3.048,0.651,0.309,0.229,2.999,14.228,13.93,21.472,NORMAL,0.0,-1.0,100.0
E001,T1-0000,662.0,260.06424,150,3843.158,-9.928,62.911,69.87,41.582,48.624,4181.786,97.437,98.666,99.729,102.517,657.826,658.836,658.691,660.2,88.163,100.921,3.471,7.688,3.054,0.66,0.319,0.229,2.971,14.183,14.303,21.476,NORMAL,0.0,-1.0,100.0
E001,T1-0000,663.0,260.06452,151,3842.564,-9.924,62.915,69.85,41.573,48.637,4178.206,96.98,98.686,99.447,103.464,657.48,659.511,658.994,655.327,88.276,100.984,3.474,7.678,3.061,0.654,0.316,0.227,2.98,14.237,14.246,21.469,NORMAL,0.0,-1.0,100.0
E001,T1-0000,664.0,260.06479,152,3841.971,-9.92,62.92,69.831,41.564,48.54,4173.49,96.909,99.037,99.563,103.494,655.736,660.263,659.727,655.794,88.125,100.851,3.468,7.666,3.036,0.665,0.315,0.23,2.975,14.207,14.209,21.46,NORMAL,0.0,-1.0,100.0
E001,T1-0000,665.0,260.06507,153,3841.379,-9.916,62.925,69.812,41.555,48.552,4174.706,96.874,98.522,99.969,103.097,653.757,659.039,658.963,656.296,88.295,100.939,3.471,7.668,3.048,0.659,0.317,0.228,2.94,14.241,14.249,21.463,NORMAL,0.0,-1.0,100.0
E001,T1-0000,666.0,260.06535,154,3840.788,-9.912,62.93,69.792,41.546,48.63,4177.961,96.821,98.062,99.565,102.454,657.579,659.161,658.975,658.651,88.237,100.851,3.467,7.675,3.043,0.646,0.313,0.228,2.94,14.228,14.363,21.47,NORMAL,0.0,-1.0,100.0
E001,T1-0000,667.0,260.06563,155,3840.198,-9.908,62.935,69.773,41.537,48.553,4182.621,96.802,98.535,99.875,102.775,657.971,657.24,661.188,657.03,88.068,100.862,3.468,7.685,3.051,0.641,0.311,0.227,2.937,14.204,14.179,21.479,NORMAL,0.0,-1.0,100.0
E001,T1-0000,668.0,260.0659,156,3839.61,-9.905,62.94,69.753,41.528,48.629,4183.857,96.754,98.788,99.744,102.502,658.25,659.462,659.544,656.97,88.242,100.919,3.474,7.688,3.048,0.65,0.31,0.228,2.965,14.189,14.345,21.481,NORMAL,0.0,-1.0,100.0
E001,T1-0000,669.0,260.06618,157,3839.022,-9.901,62.944,69.734,41.519,48.587,4179.906,96.648,98.579,99.777,102.526,657.012,656.761,660.93,657.485,88.116,101.008,3.469,7.677,3.031,0.646,0.308,0.226,2.947,14.179,14.39,21.474,NORMAL,0.0,-1.0,100.0
E001,T1-0000,670.0,260.06646,158,3838.436,-9.897,62.949,69.714,41.51,48.563,4175.753,96.902,99.397,99.464,102.272,656.539,657.732,664.634,659.945,88.258,100.852,3.469,7.666,3.041,0.638,0.319,0.226,2.97,14.244,13.96,21.467,NORMAL,0.0,-1.0,100.0
E001,T1-0000,671.0,260.06674,159,3837.852,-9.893,62.954,69.695,41.501,48.507,4179.608,96.906,99.455,99.729,102.103,656.216,656.62,662.223,657.784,88.036,100.837,3.472,7.675,3.025,0.628,0.317,0.225,3.015,14.205,14.156,21.474,NORMAL,0.0,-1.0,100.0
E001,T1-0000,672.0,260.06702,160,3837.268,-9.889,62.959,69.675,41.492,48.591,4181.772,97.472,99.54,99.786,101.926,656.792,655.978,662.072,656.885,88.059,100.889,3.472,7.679,3.05,0.632,0.321,0.223,3.033,14.188,13.932,21.479,NORMAL,0.0,-1.0,100.0
E001,T1-0000,673.0,260.06729,161,3836.686,-9.886,62.963,69.655,41.482,48.525,4184.413,97.599,99.383,99.699,101.935,659.492,657.738,661.146,658.166,88.117,100.944,3.471,7.685,3.037,0.638,0.32,0.223,3.033,14.191,14.258,21.484,NORMAL,0.0,-1.0,100.0
E001,T1-0000,674.0,260.06757,162,3836.105,-9.882,62.968,69.636,41.473,48.466,4183.092,97.802,99.287,99.739,101.785,657.183,656.941,660.25,659.115,87.93,100.924,3.474,7.681,3.055,0.651,0.325,0.223,2.992,14.199,13.866,21.482,NORMAL,0.0,-1.0,100.0
E001,T1-0000,675.0,260.06785,163,3835.525,-9.878,62.973,69.616,41.464,48.58,4178.025,97.924,98.661,100.07,101.611,658.595,654.751,657.991,657.931,88.011,100.893,3.473,7.667,3.041,0.658,0.318,0.226,3.007,14.183,14.024,21.473,NORMAL,0.0,-1.0,100.0
E001,T1-0000,676.0,260.06813,164,3834.947,-9.874,62.978,69.596,41.455,48.55,4175.859,98.164,98.703,99.866,101.576,656.362,655.036,659.709,656.874,88.052,100.884,3.463,7.661,3.032,0.659,0.317,0.227,3.01,14.176,14.329,21.469,NORMAL,0.0,-1.0,100.0
E001,T1-0000,677.0,260.0684,165,3834.37,-9.871,62.982,69.576,41.445,48.554,4174.633,98.399,98.96,99.652,101.639,656.251,655.866,659.958,655.965,87.962,100.938,3.469,7.657,3.038,0.661,0.319,0.227,3.013,14.205,13.825,21.467,NORMAL,0.0,-1.0,100.0
E001,T1-0000,678.0,260.06868,166,3833.794,-9.867,62.987,69.557,41.436,48.567,4171.568,98.167,99.071,99.015,101.774,656.884,656.849,659.032,656.796,87.9,100.899,3.465,7.649,3.046,0.68,0.316,0.224,3.039,14.225,14.221,21.461,NORMAL,0.0,-1.0,100.0
E001,T1-0000,679.0,260.06896,167,3833.22,-9.863,62.992,69.537,41.427,48.523,4172.451,98.014,99.934,99.463,101.381,657.251,658.061,660.03,655.072,87.621,100.914,3.472,7.65,3.059,0.671,0.314,0.222,3.011,14.216,13.974,21.463,NORMAL,0.0,-1.0,100.0
E001,T1-0000,680.0,260.06924,168,3832.647,-9.859,62.996,69.517,41.417,48.495,4174.087,97.883,99.838,99.074,101.74,655.33,658.798,657.663,656.848,87.884,100.848,3.46,7.653,3.073,0.654,0.311,0.22,3.036,14.173,14.317,21.467,NORMAL,0.0,-1.0,100.0
E001,T1-0000,681.0,260.06952,169,3832.076,-9.856,63.001,69.497,41.408,48.523,4172.673,97.294,99.773,98.881,101.301,657.201,657.331,655.739,654.846,87.844,100.837,3.468,7.649,3.063,0.667,0.307,0.223,3.046,14.195,14.085,21.464,NORMAL,0.0,-1.0,100.0
E001,T1-0000,682.0,260.06979,170,3831.506,-9.852,63.006,69.477,41.398,48.599,4174.757,97.285,100.168,98.993,101.051,655.767,656.28,655.268,656.258,87.826,100.828,3.464,7.653,3.049,0.692,0.307,0.223,3.02,14.227,14.091,21.469,NORMAL,0.0,-1.0,100.0
E001,T1-0000,683.0,260.07007,171,3830.937,-9.848,63.01,69.457,41.389,48.507,4168.302,97.277,100.589,98.835,101.168,655.048,655.502,657.627,657.864,87.834,100.882,3.461,7.636,3.064,0.68,0.305,0.227,3.022,14.206,13.982,21.457,NORMAL,0.0,-1.0,100.0
E001,T1-0000,684.0,260.07035,172,3830.37,-9.845,63.015,69.437,41.38,48.461,4168.868,96.772,100.471,98.545,100.702,658.111,654.726,655.006,659.593,87.842,100.873,3.467,7.637,3.044,0.673,0.302,0.226,2.971,14.21,13.807,21.458,NORMAL,0.0,-1.0,100.0
E001,T1-0000,685.0,260.07063,173,3829.805,-9.841,63.02,69.417,41.37,48.494,4170.797,97.164,100.235,98.628,100.348,657.516,657.982,654.809,657.663,87.763,100.805,3.466,7.64,3.026,0.66,0.306,0.23,2.919,14.203,14.097,21.462,NORMAL,0.0,-1.0,100.0
E001,T1-0000,686.0,260.0709,174,3829.241,-9.837,63.024,69.397,41.361,48.431,4167.419,97.135,100.021,98.834,100.569,658.676,659.366,651.281,654.665,87.958,100.75,3.466,7.631,3.036,0.651,0.314,0.227,2.918,14.196,14.153,21.456,NORMAL,0.0,-1.0,100.0
E001,T1-0000,687.0,260.07118,175,3828.678,-9.834,63.029,69.377,41.351,48.429,4168.169,96.981,99.519,98.933,100.71,658.582,659.034,653.442,654.33,87.868,100.815,3.471,7.632,3.047,0.644,0.318,0.226,2.913,14.207,14.146,21.458,NORMAL,0.0,-1.0,100.0
E001,T1-0000,688.0,260.07146,176,3828.117,-9.83,63.034,69.357,41.341,48.496,4168.698,96.865,99.939,98.743,100.815,659.011,657.778,649.94,654.141,87.825,100.868,3.47,7.632,3.053,0.65,0.314,0.226,2.875,14.213,14.078,21.459,NORMAL,0.0,-1.0,100.0
E001,T1-0000,689.0,260.07174,177,3827.557,-9.826,63.038,69.337,41.332,48.488,4168.687,96.734,99.946,99.301,100.86,660.855,656.467,651.806,654.056,87.889,100.777,3.466,7.631,3.067,0.638,0.314,0.226,2.906,14.199,14.182,21.46,NORMAL,0.0,-1.0,100.0
E001,T1-0000,690.0,260.07202,178,3826.999,-9.823,63.043,69.317,41.322,48.495,4169.073,96.733,99.82,99.254,101.056,662.597,656.29,651.686,655.118,87.896,100.81,3.458,7.631,3.049,0.652,0.313,0.229,2.915,14.181,13.578,21.461,NORMAL,0.0,-1.0,100.0
E001,T1-0000,691.0,260.07229,179,3826.443,-9.819,63.047,69.297,41.312,48.494,4168.591,96.747,99.751,99.517,101.454,661.079,657.226,653.289,655.629,87.857,100.764,3.472,7.629,3.055,0.646,0.309,0.229,2.887,14.165,13.928,21.46,NORMAL,0.0,-1.0,100.0
E001,T1-0000,692.0,260.07257,180,3825.888,-9.815,63.052,69.277,41.303,48.485,4168.809,96.592,99.45,98.805,101.622,659.035,656.596,653.584,654.539,87.972,100.613,3.472,7.628,3.065,0.641,0.307,0.229,2.942,14.165,13.871,21.461,NORMAL,0.0,-1.0,100.0
E001,T1-0000,693.0,260.07285,181,3825.334,-9.812,63.056,69.257,41.293,48.441,4163.619,96.503,99.543,98.745,101.607,661.425,659.241,653.531,653.2,87.958,100.713,3.462,7.615,3.059,0.642,0.307,0.228,2.983,14.191,13.979,21.451,NORMAL,0.0,-1.0,100.0
E001,T1-0000,694.0,260.07313,182,3824.783,-9.808,63.061,69.237,41.283,48.349,4165.762,96.244,99.797,99.018,101.647,661.525,659.082,653.69,656.224,87.958,100.673,3.466,7.619,3.051,0.672,0.315,0.226,2.974,14.175,14.162,21.456,NORMAL,0.0,-1.0,100.0
E001,T1-0000,695.0,260.0734,183,3824.233,-9.805,63.065,69.216,41.274,48.385,4168.778,96.677,99.751,99.337,102.064,663.055,657.513,653.476,654.605,87.874,100.788,3.468,7.625,3.036,0.686,0.31,0.223,2.939,14.214,13.962,21.462,NORMAL,0.0,-1.0,100.0
E001,T1-0000,696.0,260.07368,184,3823.684,-9.801,63.07,69.196,41.264,48.447,4163.109,97.204,99.888,99.497,102.038,659.958,657.509,655.478,655.378,87.821,100.753,3.471,7.61,3.04,0.672,0.309,0.229,2.883,14.193,14.084,21.451,NORMAL,0.0,-1.0,100.0
E001,T1-0000,697.0,260.07396,185,3823.137,-9.798,63.074,69.176,41.254,48.376,4163.285,97.175,99.217,99.653,101.906,657.451,658.372,657.372,654.779,87.704,100.631,3.456,7.61,3.033,0.675,0.31,0.227,2.859,14.203,14.025,21.452,NORMAL,0.0,-1.0,100.0
E001,T1-0000,698.0,260.07424,186,3822.592,-9.794,63.079,69.156,41.244,48.425,4165.292,97.464,99.436,99.599,101.82,656.274,659.456,658.979,656.744,87.834,100.73,3.464,7.614,3.03,0.666,0.306,0.225,2.86,14.205,14.057,21.456,NORMAL,0.0,-1.0,100.0
E001,T1-0000,699.0,260.07452,187,3822.049,-9.791,63.083,69.135,41.234,48.499,4169.071,96.909,99.699,100.574,101.557,658.755,660.49,659.391,659.171,87.964,100.644,3.47,7.622,3.035,0.659,0.307,0.225,2.86,14.192,14.001,21.464,NORMAL,0.0,-1.0,100.0
E001,T1-0000,700.0,260.07479,188,3821.507,-9.787,63.088,69.115,41.225,48.467,4167.131,96.549,99.789,101.321,101.65,657.886,658.415,659.423,657.192,87.822,100.737,3.467,7.616,3.042,0.649,0.305,0.225,2.88,14.221,13.899,21.46,NORMAL,0.0,-1.0,100.0
E001,T1-0000,701.0,260.07507,189,3820.967,-9.783,63.092,69.095,41.215,48.428,4164.683,96.42,100.073,101.462,101.546,655.778,658.232,658.251,656.049,87.84,100.667,3.466,7.609,3.062,0.644,0.306,0.224,2.877,14.23,13.926,21.456,NORMAL,0.0,-1.0,100.0
E001,T1-0000,702.0,260.07535,190,3820.429,-9.78,63.096,69.075,41.205,48.406,4162.528,96.714,100.218,101.539,102.049,658.241,656.992,657.863,657.106,87.915,100.728,3.471,7.603,3.044,0.685,0.303,0.224,2.901,14.177,13.86,21.452,NORMAL,0.0,-1.0,100.0
E001,T1-0000,703.0,260.07563,191,3819.892,-9.777,63.101,69.054,41.195,48.504,4162.584,96.905,100.587,101.505,101.381,658.284,655.819,657.118,654.112,87.982,100.587,3.469,7.602,3.04,0.665,0.304,0.225,2.926,14.199,13.936,21.453,NORMAL,0.0,-1.0,100.0
E001,T1-0000,704.0,260.0759,192,3819.358,-9.773,63.105,69.034,41.185,48.418,4163.359,96.92,100.587,100.299,101.527,656.134,657.077,658.39,654.792,87.893,100.707,3.466,7.603,3.05,0.665,0.315,0.223,2.995,14.237,13.872,21.455,NORMAL,0.0,-1.0,100.0
E001,T1-0000,705.0,260.07618,193,3818.825,-9.77,63.11,69.013,41.175,48.406,4162.27,97.112,101.157,100.499,100.905,658.548,655.39,658.83,654.234,87.9,100.755,3.463,7.599,3.066,0.672,0.309,0.224,2.972,14.164,13.892,21.453,NORMAL,0.0,-1.0,100.0
E001,T1-0000,706.0,260.07646,194,3818.293,-9.766,63.114,68.993,41.165,48.321,4163.835,96.815,100.913,100.709,100.654,657.778,656.256,658.641,656.479,88.063,100.653,3.473,7.602,3.048,0.684,0.305,0.226,2.937,14.222,13.982,21.456,NORMAL,0.0,-1.0,100.0
E001,T1-0000,707.0,260.07674,195,3817.764,-9.763,63.118,68.973,41.155,48.341,4160.337,96.257,101.035,100.452,100.409,656.851,657.086,658.245,656.36,88.094,100.646,3.466,7.592,3.054,0.687,0.311,0.234,2.953,14.2,13.832,21.45,NORMAL,0.0,-1.0,100.0
E001,T1-0000,708.0,260.07702,196,3817.237,-9.759,63.123,68.952,41.145,48.296,4158.394,96.073,100.645,101.014,100.776,656.272,657.381,657.48,653.317,88.067,100.728,3.463,7.586,3.034,0.682,0.307,0.235,2.943,14.174,13.997,21.447,NORMAL,0.0,-1.0,100.0
E001,T1-0000,709.0,260.07729,197,3816.711,-9.756,63.127,68.932,41.135,48.38,4156.893,96.083,100.35,100.943,101.462,656.579,657.521,656.851,650.948,87.935,100.737,3.458,7.582,3.031,0.664,0.311,0.233,2.964,14.209,13.95,21.444,NORMAL,0.0,-1.0,100.0
E001,T1-0000,710.0,260.07757,198,3816.187,-9.752,63.131,68.911,41.125,48.314,4151.436,96.504,100.315,101.165,100.977,655.659,655.539,658.696,652.873,87.898,100.66,3.467,7.567,3.046,0.672,0.318,0.233,2.93,14.174,13.877,21.434,NORMAL,0.0,-1.0,100.0
E001,T1-0000,711.0,260.07785,199,3815.665,-9.749,63.135,68.891,41.115,48.417,4150.059,97.223,100.278,101.727,101.094,657.014,658.295,656.574,654.196,87.962,100.641,3.456,7.563,3.048,0.676,0.316,0.23,2.986,14.228,13.785,21.432,NORMAL,0.0,-1.0,100.0
E001,T1-0000,712.0,260.07813,200,3815.145,-9.746,63.14,68.87,41.105,48.353,4155.934,97.787,100.588,101.201,101.071,654.832,654.15,658.064,653.91,87.848,100.614,3.461,7.576,3.026,0.659,0.317,0.227,2.998,14.219,13.787,21.443,NORMAL,0.0,-1.0,100.0
E001,T1-0000,713.0,260.0784,201,3814.627,-9.742,63.144,68.85,41.094,48.379,4153.307,97.742,99.69,101.452,100.568,655.972,656.495,658.466,654.217,87.861,100.581,3.463,7.569,3.067,0.654,0.314,0.229,3.014,14.181,13.661,21.439,NORMAL,0.0,-1.0,100.0
E001,T1-0000,714.0,260.07868,202,3814.11,-9.739,63.148,68.829,41.084,48.362,4153.223,97.73,99.949,101.974,100.657,656.194,656.532,661.189,654.216,87.911,100.566,3.46,7.567,3.044,0.645,0.317,0.225,3.044,14.179,13.81,21.439,NORMAL,0.0,-1.0,100.0
E001,T1-0000,715.0,260.07896,203,3813.596,-9.736,63.152,68.809,41.074,48.299,4150.975,97.567,100.494,102.529,100.591,656.632,658.421,658.834,655.681,87.844,100.667,3.465,7.561,3.048,0.642,0.311,0.222,3.107,14.142,13.672,21.435,NORMAL,0.0,-1.0,100.0
E001,T1-0000,716.0,260.07924,204,3813.083,-9.732,63.157,68.788,41.064,48.27,4151.597,98.273,100.823,103.013,99.876,659.284,660.971,653.663,655.979,87.817,100.658,3.464,7.561,3.045,0.639,0.309,0.224,3.091,14.217,13.325,21.436,NORMAL,0.0,-1.0,100.0
E001,T1-0000,717.0,260.07952,205,3812.573,-9.729,63.161,68.767,41.054,48.313,4155.52,98.267,100.819,103.221,99.648,661.809,659.917,654.189,655.976,87.979,100.584,3.465,7.57,3.059,0.651,0.31,0.225,3.034,14.212,13.955,21.444,NORMAL,0.0,-1.0,100.0
E001,T1-0000,718.0,260.07979,206,3812.064,-9.726,63.165,68.747,41.043,48.271,4153.103,98.229,100.782,103.119,99.978,656.51,661.57,653.613,656.412,88.042,100.542,3.462,7.563,3.067,0.639,0.309,0.224,3.036,14.192,13.714,21.44,NORMAL,0.0,-1.0,100.0
E001,T1-0000,719.0,260.08007,207,3811.558,-9.722,63.169,68.726,41.033,48.31,4151.131,98.555,100.215,102.421,99.795,655.898,660.088,655.667,656.57,87.802,100.636,3.454,7.557,3.054,0.64,0.308,0.221,2.999,14.235,13.654,21.437,NORMAL,0.0,-1.0,100.0
E001,T1-0000,720.0,260.08035,208,3811.053,-9.719,63.173,68.706,41.023,48.291,4146.818,98.516,100.266,102.079,99.499,659.415,658.161,656.888,655.784,87.926,100.682,3.46,7.545,3.05,0.639,0.307,0.221,2.923,14.212,13.606,21.429,NORMAL,0.0,-1.0,100.0
E001,T1-0000,721.0,260.08063,209,3810.55,-9.716,63.177,68.685,41.013,48.241,4147.902,98.754,99.888,101.885,99.677,654.945,655.752,657.252,655.777,88.074,100.519,3.458,7.547,3.056,0.644,0.305,0.22,2.887,14.222,13.733,21.431,NORMAL,0.0,-1.0,100.0
E001,T1-0000,722.0,260.0809,210,3810.05,-9.713,63.181,68.664,41.002,48.252,4147.77,99.136,99.694,101.844,99.389,653.974,655.713,657.305,656.398,88.026,100.599,3.456,7.545,3.044,0.641,0.302,0.219,2.891,14.207,13.8,21.431,NORMAL,0.0,-1.0,100.0
E001,T1-0000,723.0,260.08118,211,3809.551,-9.709,63.186,68.644,40.992,48.269,4146.157,99.483,99.241,101.506,99.429,651.331,656.494,656.373,655.305,87.957,100.545,3.455,7.54,3.05,0.636,0.303,0.218,2.9,14.191,13.682,21.429,NORMAL,0.0,-1.0,100.0
E001,T1-0000,724.0,260.08146,212,3809.055,-9.706,63.19,68.623,40.982,48.24,4146.802,99.284,99.355,101.574,99.478,654.697,654.258,654.928,656.646,88.08,100.573,3.459,7.541,3.066,0.643,0.308,0.218,2.841,14.248,13.745,21.43,NORMAL,0.0,-1.0,100.0
E001,T1-0000,725.0,260.08174,213,3808.56,-9.703,63.194,68.602,40.971,48.22,4152.345,99.13,100.134,101.404,99.867,653.938,656.879,655.388,654.772,87.945,100.525,3.462,7.553,3.03,0.646,0.305,0.22,2.846,14.256,13.588,21.441,NORMAL,0.0,-1.0,100.0
E001,T1-0000,726.0,260.08202,214,3808.068,-9.7,63.198,68.582,40.961,48.285,4149.208,98.941,100.147,101.425,100.14,653.636,654.826,656.29,655.425,88.005,100.491,3.457,7.545,3.054,0.634,0.304,0.218,2.853,14.212,13.692,21.436,NORMAL,0.0,-1.0,100.0
E001,T1-0000,727.0,260.08229,215,3807.578,-9.696,63.202,68.561,40.95,48.181,4145.754,99.111,100.5,101.05,100.055,654.862,654.856,658.208,658.737,88.082,100.618,3.462,7.535,3.057,0.63,0.304,0.217,2.924,14.181,13.608,21.429,NORMAL,0.0,-1.0,100.0
E001,T1-0000,728.0,260.08257,216,3807.09,-9.693,63.206,68.54,40.94,48.253,4147.733,98.455,101.042,101.381,100.703,654.588,658.786,657.208,656.669,87.997,100.608,3.457,7.539,3.045,0.638,0.303,0.216,3.004,14.18,13.66,21.433,NORMAL,0.0,-1.0,100.0
E001,T1-0000,729.0,260.08285,217,3806.604,-9.69,63.21,68.52,40.93,48.161,4155.409,98.937,100.197,101.445,100.861,656.723,660.763,656.45,653.3,88.417,100.62,3.456,7.556,3.059,0.646,0.308,0.218,3.004,14.2,13.598,21.448,NORMAL,0.0,-1.0,100.0
E001,T1-0000,730.0,260.08313,218,3806.12,-9.687,63.214,68.499,40.919,48.186,4146.406,98.564,99.267,101.206,100.109,656.593,661.509,656.657,655.587,88.193,100.526,3.454,7.533,3.035,0.662,0.311,0.219,3.023,14.178,13.622,21.432,NORMAL,0.0,-1.0,100.0
E001,T1-0000,731.0,260.0834,219,3805.638,-9.684,63.218,68.478,40.909,48.253,4142.181,98.554,99.422,100.814,99.778,655.297,658.522,654.601,655.846,88.282,100.646,3.459,7.521,3.064,0.649,0.315,0.219,2.983,14.193,13.59,21.424,NORMAL,0.0,-1.0,100.0
E001,T1-0000,732.0,260.08368,220,3805.158,-9.681,63.222,68.457,40.898,48.119,4148.386,98.431,99.289,100.284,99.636,654.314,659.583,654.898,657.763,88.208,100.625,3.459,7.535,3.029,0.658,0.312,0.22,3.006,14.204,13.655,21.436,NORMAL,0.0,-1.0,100.0
E001,T1-0000,733.0,260.08396,221,3804.681,-9.678,63.225,68.437,40.888,48.229,4144.43,98.237,99.275,100.667,99.847,655.684,659.259,656.397,657.225,88.1,100.615,3.458,7.525,3.054,0.68,0.311,0.219,2.989,14.217,13.524,21.429,NORMAL,0.0,-1.0,100.0
E001,T1-0000,734.0,260.08424,222,3804.205,-9.675,63.229,68.416,40.877,48.269,4147.65,98.451,99.345,100.647,99.518,657.164,657.291,655.876,657.23,88.112,100.63,3.46,7.532,3.051,0.683,0.308,0.218,2.971,14.222,13.715,21.436,NORMAL,0.0,-1.0,100.0
E001,T1-0000,735.0,260.08452,223,3803.732,-9.671,63.233,68.395,40.867,48.157,4150.116,98.693,99.257,100.934,99.975,655.046,658.506,656.255,654.103,88.016,100.628,3.456,7.536,3.078,0.667,0.308,0.216,2.941,14.159,13.351,21.441,NORMAL,0.0,-1.0,100.0
E001,T1-0000,736.0,260.08479,224,3803.262,-9.668,63.237,68.374,40.856,48.218,4149.522,98.011,99.153,100.786,99.911,655.174,660.012,654.836,656.805,88.146,100.517,3.458,7.534,3.042,0.649,0.312,0.223,2.973,14.222,13.595,21.44,NORMAL,0.0,-1.0,100.0
E001,T1-0000,737.0,260.08507,225,3802.793,-9.665,63.241,68.354,40.845,48.189,4145.4,98.256,99.152,100.844,99.446,655.387,658.021,653.894,655.268,88.1,100.509,3.459,7.523,3.045,0.655,0.31,0.225,2.977,14.189,13.773,21.432,NORMAL,0.0,-1.0,100.0
E001,T1-0000,738.0,260.08535,226,3802.327,-9.662,63.245,68.333,40.835,48.19,4140.626,98.286,98.558,100.805,99.219,656.587,658.145,651.886,654.881,88.1,100.543,3.458,7.51,3.046,0.647,0.309,0.225,2.964,14.185,13.409,21.424,NORMAL,0.0,-1.0,100.0
E001,T1-0000,739.0,260.08563,227,3801.862,-9.659,63.249,68.312,40.824,48.164,4138.518,98.796,99.436,101.229,99.056,658.099,656.816,650.585,655.129,88.426,100.49,3.454,7.504,3.056,0.643,0.313,0.223,3.001,14.192,13.458,21.42,NORMAL,0.0,-1.0,100.0
E001,T1-0000,740.0,260.0859,228,3801.4,-9.656,63.252,68.291,40.814,48.169,4141.11,98.25,99.234,101.007,99.138,659.25,659.261,650.961,657.768,88.235,100.472,3.457,7.509,3.084,0.635,0.321,0.221,3.021,14.177,13.249,21.425,NORMAL,0.0,-1.0,100.0
E001,T1-0000,741.0,260.08618,229,3800.941,-9.653,63.256,68.27,40.803,48.179,4138.668,97.879,98.854,100.842,99.658,657.188,657.104,653.003,656.601,88.375,100.631,3.451,7.501,3.031,0.628,0.322,0.221,3.042,14.189,13.42,21.421,NORMAL,0.0,-1.0,100.0
E001,T1-0000,742.0,260.08646,230,3800.483,-9.65,63.26,68.25,40.792,48.246,4136.649,97.642,99.241,100.614,99.435,657.98,655.621,652.684,658.24,88.264,100.645,3.448,7.495,3.057,0.634,0.316,0.223,3.017,14.185,13.753,21.418,NORMAL,0.0,-1.0,100.0
E001,T1-0000,743.0,260.08674,231,3800.028,-9.647,63.264,68.229,40.782,48.032,4133.663,97.005,98.859,100.273,99.315,658.591,656.767,655.173,656.542,88.194,100.634,3.455,7.487,3.066,0.636,0.311,0.221,2.949,14.168,13.668,21.412,NORMAL,0.0,-1.0,100.0
E001,T1-0000,744.0,260.08702,232,3799.576,-9.644,63.267,68.208,40.771,48.151,4135.15,97.075,99.04,100.239,99.596,656.805,656.332,653.34,654.781,88.283,100.613,3.45,7.489,3.02,0.631,0.307,0.221,2.939,14.194,13.349,21.416,NORMAL,0.0,-1.0,100.0
E001,T1-0000,745.0,260.08729,233,3799.125,-9.642,63.271,68.187,40.76,48.211,4133.985,96.533,99.414,100.578,99.215,659.512,657.748,655.805,654.741,88.407,100.586,3.456,7.485,3.061,0.655,0.308,0.221,2.925,14.179,13.356,21.414,NORMAL,0.0,-1.0,100.0
E001,T1-0000,746.0,260.08757,234,3798.677,-9.639,63.275,68.166,40.749,48.021,4140.58,96.71,99.31,100.409,99.227,658.716,656.047,655.401,653.625,88.287,100.472,3.45,7.5,3.043,0.645,0.307,0.226,2.944,14.212,13.477,21.427,NORMAL,0.0,-1.0,100.0
E001,T1-0000,747.0,260.08785,235,3798.232,-9.636,63.278,68.145,40.739,48.133,4137.179,96.655,99.325,100.22,99.317,657.166,653.809,653.91,652.469,88.105,100.54,3.451,7.491,3.055,0.632,0.306,0.225,2.94,14.186,13.381,21.421,NORMAL,0.0,-1.0,100.0
E001,T1-0000,748.0,260.08813,236,3797.788,-9.633,63.282,68.125,40.728,48.097,4139.746,97.377,99.973,100.279,100.152,655.258,653.356,654.903,650.503,88.136,100.538,3.451,7.496,3.057,0.649,0.306,0.225,2.996,14.221,13.113,21.426,NORMAL,0.0,-1.0,100.0
E001,T1-0000,749.0,260.0884,237,3797.347,-9.63,63.286,68.104,40.717,48.031,4135.941,97.729,99.816,100.331,100.179,653.852,653.273,654.278,651.843,88.236,100.67,3.455,7.486,3.067,0.641,0.313,0.228,2.983,14.167,13.206,21.419,NORMAL,0.0,-1.0,100.0
E001,T1-0000,750.0,260.08868,238,3796.909,-9.627,63.289,68.083,40.706,48.094,4131.069,97.037,100.023,100.427,100.131,654.109,656.529,655.935,654.006,88.162,100.502,3.452,7.473,3.019,0.636,0.318,0.228,3.028,14.204,13.241,21.41,NORMAL,0.0,-1.0,100.0
E001,T1-0000,751.0,260.08896,239,3796.472,-9.624,63.293,68.062,40.696,48.125,4133.091,96.236,99.694,99.642,99.904,652.235,657.235,657.712,652.829,88.19,100.498,3.454,7.477,3.049,0.645,0.316,0.225,2.993,14.199,13.405,21.414,NORMAL,0.0,-1.0,100.0
E001,T1-0000,752.0,260.08924,240,3796.039,-9.621,63.296,68.041,40.685,48.053,4134.896,95.944,99.728,100.188,99.687,654.907,658.718,658.109,649.851,88.217,100.589,3.45,7.48,3.072,0.65,0.317,0.226,2.952,14.183,13.576,21.418,NORMAL,0.0,-1.0,100.0
E001,T1-0000,753.0,260.08952,241,3795.607,-9.619,63.3,68.02,40.674,48.067,4134.606,96.099,99.695,99.371,99.82,657.658,658.194,659.417,648.927,88.193,100.636,3.448,7.478,3.062,0.665,0.311,0.226,2.955,14.181,13.344,21.418,NORMAL,0.0,-1.0,100.0
E001,T1-0000,754.0,260.08979,242,3795.178,-9.616,63.303,68.0,40.663,48.033,4134.602,95.944,98.985,98.987,100.428,654.1,655.638,655.396,648.518,88.104,100.555,3.453,7.477,3.048,0.653,0.309,0.227,2.969,14.21,13.649,21.418,NORMAL,0.0,-1.0,100.0
E001,T1-0000,755.0,260.09007,243,3794.752,-9.613,63.307,67.979,40.652,47.946,4132.434,96.122,99.09,99.184,100.544,656.523,655.115,654.388,651.892,88.205,100.405,3.452,7.47,3.06,0.644,0.317,0.231,3.011,14.202,13.405,21.415,NORMAL,0.0,-1.0,100.0
E001,T1-0000,756.0,260.09035,244,3794.328,-9.61,63.31,67.958,40.641,48.051,4129.058,96.734,98.864,99.364,100.472,655.713,654.301,655.64,653.582,88.181,100.496,3.445,7.461,3.032,0.65,0.313,0.228,3.034,14.206,13.451,21.409,NORMAL,0.0,-1.0,100.0
E001,T1-0000,757.0,260.09063,245,3793.906,-9.608,63.314,67.937,40.631,48.017,4128.915,97.112,99.638,99.565,100.999,658.913,655.775,656.698,653.783,88.214,100.538,3.454,7.46,3.055,0.642,0.308,0.226,2.997,14.22,13.21,21.409,NORMAL,0.0,-1.0,100.0
E001,T1-0000,758.0,260.0909,246,3793.487,-9.605,63.317,67.916,40.62,48.165,4125.855,96.348,99.026,99.175,100.76,656.779,653.58,654.613,654.547,88.322,100.629,3.438,7.451,3.035,0.674,0.32,0.231,3.014,14.191,13.396,21.403,NORMAL,0.0,-1.0,100.0
E001,T1-0000,759.0,260.09118,247,3793.071,-9.602,63.321,67.895,40.609,48.078,4130.459,96.214,98.993,99.331,101.465,656.361,651.036,653.573,653.368,88.226,100.559,3.444,7.461,3.033,0.681,0.326,0.228,2.971,14.222,13.206,21.412,NORMAL,0.0,-1.0,100.0
E001,T1-0000,760.0,260.09146,248,3792.656,-9.599,63.324,67.875,40.598,48.129,4124.732,96.399,99.26,98.975,101.693,652.755,654.695,656.892,654.944,88.164,100.678,3.441,7.446,3.049,0.682,0.322,0.226,2.994,14.227,13.134,21.402,NORMAL,0.0,-1.0,100.0
E001,T1-0000,761.0,260.09174,249,3792.245,-9.597,63.327,67.854,40.587,48.006,4124.598,95.643,98.88,99.264,101.926,650.105,655.938,652.853,653.909,88.118,100.553,3.454,7.444,3.032,0.69,0.318,0.226,2.953,14.214,13.419,21.402,NORMAL,0.0,-1.0,100.0
E001,T1-0000,762.0,260.09202,250,3791.836,-9.594,63.331,67.833,40.576,47.993,4126.846,95.195,98.588,98.411,101.171,650.291,656.655,652.144,652.08,88.308,100.533,3.448,7.449,3.053,0.671,0.312,0.224,2.975,14.178,13.049,21.407,NORMAL,0.0,-1.0,100.0
E001,T1-0000,763.0,260.09229,251,3791.429,-9.591,63.334,67.812,40.565,47.963,4128.071,95.683,98.389,98.099,101.38,650.935,656.111,654.806,651.147,88.309,100.435,3.451,7.45,3.06,0.654,0.317,0.226,2.965,14.193,13.374,21.409,NORMAL,0.0,-1.0,100.0
E001,T1-0000,764.0,260.09257,252,3791.025,-9.589,63.337,67.791,40.554,48.003,4129.218,96.033,97.939,98.35,100.641,649.861,655.507,654.784,650.69,88.282,100.606,3.459,7.452,3.037,0.639,0.319,0.225,2.996,14.208,13.197,21.412,NORMAL,0.0,-1.0,100.0
E001,T1-0000,765.0,260.09285,253,3790.624,-9.586,63.341,67.771,40.543,47.859,4126.597,95.167,97.368,98.108,100.457,649.52,654.623,652.018,651.529,88.333,100.601,3.441,7.444,3.06,0.632,0.321,0.222,3.005,14.181,13.334,21.407,NORMAL,0.0,-1.0,100.0
E001,T1-0000,766.0,260.09313,254,3790.225,-9.584,63.344,67.75,40.532,48.002,4124.331,95.595,97.404,98.375,100.684,652.925,653.242,653.902,653.005,88.337,100.547,3.448,7.438,3.054,0.628,0.317,0.226,2.996,14.186,13.338,21.403,NORMAL,0.0,-1.0,100.0
E001,T1-0000,767.0,260.0934,255,3789.829,-9.581,63.347,67.729,40.521,48.053,4122.927,95.794,97.68,98.492,100.498,652.567,652.918,652.918,654.578,88.446,100.495,3.445,7.433,3.08,0.649,0.311,0.225,3.007,14.181,13.328,21.401,NORMAL,0.0,-1.0,100.0
E001,T1-0000,768.0,260.09368,0,3789.435,-9.579,63.351,67.708,40.51,47.927,4129.855,95.72,97.923,98.292,100.445,652.293,653.665,652.442,654.174,88.459,100.507,3.453,7.449,3.031,0.637,0.312,0.223,2.994,14.164,13.214,21.415,NORMAL,0.0,-1.0,100.0
E001,T1-0000,769.0,260.09396,1,3789.044,-9.576,63.354,67.687,40.499,47.886,4127.242,95.136,97.172,98.395,100.316,652.886,653.909,654.356,652.668,88.392,100.552,3.447,7.441,3.037,0.64,0.31,0.225,2.987,14.206,13.0,21.41,NORMAL,0.0,-1.0,100.0
E001,T1-0000,770.0,260.09424,2,3788.656,-9.573,63.357,67.667,40.488,47.96,4123.382,95.326,97.547,98.137,100.361,656.225,656.83,655.04,654.529,88.225,100.555,3.444,7.43,3.047,0.638,0.306,0.222,2.965,14.186,13.475,21.403,NORMAL,0.0,-1.0,100.0
E001,T1-0000,771.0,260.09452,3,3788.27,-9.571,63.36,67.646,40.477,47.929,4123.841,95.434,97.658,98.231,99.895,655.921,655.882,655.585,654.066,88.328,100.523,3.449,7.431,3.052,0.66,0.303,0.226,3.005,14.171,13.094,21.404,NORMAL,0.0,-1.0,100.0
E001,T1-0000,772.0,260.09479,4,3787.887,-9.568,63.363,67.625,40.466,47.862,4121.489,95.034,97.726,98.089,99.797,656.693,653.636,657.972,656.793,88.288,100.619,3.448,7.424,3.065,0.653,0.301,0.227,2.959,14.221,13.17,21.4,NORMAL,0.0,-1.0,100.0
E001,T1-0000,773.0,260.09507,5,3787.506,-9.566,63.366,67.604,40.455,47.907,4119.358,94.823,98.553,97.859,100.022,657.591,654.99,656.757,659.538,88.242,100.573,3.444,7.417,3.048,0.658,0.302,0.225,2.963,14.197,13.436,21.397,NORMAL,0.0,-1.0,100.0
E001,T1-0000,774.0,260.09535,6,3787.129,-9.564,63.37,67.583,40.444,47.865,4112.515,94.73,98.059,97.643,99.906,655.915,653.643,653.822,656.118,88.304,100.581,3.44,7.4,3.059,0.664,0.303,0.227,2.966,14.205,13.13,21.384,NORMAL,0.0,-1.0,100.0
E001,T1-0000,775.0,260.09563,7,3786.753,-9.561,63.373,67.563,40.433,47.982,4119.598,94.939,97.339,97.815,99.728,657.867,654.957,648.42,655.951,88.407,100.554,3.449,7.416,3.067,0.655,0.302,0.225,2.943,14.19,13.017,21.398,NORMAL,0.0,-1.0,100.0
E001,T1-0000,776.0,260.0959,8,3786.381,-9.559,63.376,67.542,40.422,47.937,4120.177,95.248,97.431,97.39,100.112,656.467,654.103,647.841,656.286,88.248,100.68,3.443,7.416,3.07,0.656,0.299,0.225,2.914,14.196,13.249,21.399,NORMAL,0.0,-1.0,100.0
E001,T1-0000,777.0,260.09618,9,3786.011,-9.556,63.379,67.521,40.411,47.946,4114.291,95.007,96.946,97.603,100.356,654.506,653.157,649.232,658.194,88.403,100.533,3.445,7.4,3.051,0.648,0.301,0.223,2.924,14.222,13.008,21.389,NORMAL,0.0,-1.0,100.0
E001,T1-0000,778.0,260.09646,10,3785.644,-9.554,63.382,67.5,40.399,47.892,4116.12,95.341,97.521,98.27,100.727,656.862,652.73,651.968,656.974,88.388,100.599,3.443,7.403,3.055,0.653,0.304,0.227,2.938,14.2,12.944,21.392,NORMAL,0.0,-1.0,100.0
E001,T1-0000,779.0,260.09674,11,3785.28,-9.552,63.385,67.48,40.388,47.846,4118.617,95.399,98.332,99.002,100.821,657.209,651.544,653.383,658.463,88.199,100.537,3.439,7.408,3.048,0.648,0.312,0.227,2.962,14.227,13.135,21.398,NORMAL,0.0,-1.0,100.0
E001,T1-0000,780.0,260.09702,12,3784.918,-9.549,63.388,67.459,40.377,47.797,4113.624,95.547,98.53,98.614,101.197,659.297,652.082,657.065,660.529,88.242,100.502,3.439,7.395,3.048,0.638,0.31,0.224,2.974,14.187,12.956,21.388,NORMAL,0.0,-1.0,100.0
E001,T1-0000,781.0,260.09729,13,3784.559,-9.547,63.391,67.438,40.366,47.88,4117.956,95.525,98.702,98.919,101.693,659.329,651.967,655.447,657.206,88.199,100.557,3.446,7.404,3.03,0.635,0.307,0.223,2.963,14.204,12.98,21.397,NORMAL,0.0,-1.0,100.0
E001,T1-0000,782.0,260.09757,14,3784.203,-9.545,63.394,67.418,40.355,47.886,4110.901,95.514,99.189,99.411,102.298,659.838,649.039,656.124,656.545,88.114,100.492,3.447,7.386,3.023,0.632,0.305,0.226,2.962,14.208,12.928,21.384,NORMAL,0.0,-1.0,100.0
E001,T1-0000,783.0,260.09785,15,3783.849,-9.542,63.396,67.397,40.344,47.811,4113.146,95.411,98.683,99.23,102.437,656.276,648.65,653.107,657.906,88.032,100.542,3.438,7.391,3.043,0.625,0.302,0.224,2.951,14.189,13.021,21.389,NORMAL,0.0,-1.0,100.0
E001,T1-0000,784.0,260.09813,16,3783.498,-9.54,63.399,67.376,40.333,47.856,4112.752,95.382,98.931,99.668,103.016,653.943,654.025,650.796,656.157,87.983,100.453,3.439,7.389,3.061,0.65,0.306,0.223,2.988,14.206,13.037,21.388,NORMAL,0.0,-1.0,100.0
E001,T1-0000,785.0,260.0984,17,3783.151,-9.538,63.402,67.356,40.321,47.781,4114.621,95.34,99.447,100.219,103.079,653.416,652.239,650.495,654.509,87.915,100.51,3.444,7.392,3.041,0.664,0.303,0.223,2.999,14.217,13.062,21.392,NORMAL,0.0,-1.0,100.0
E001,T1-0000,786.0,260.09868,18,3782.805,-9.535,63.405,67.335,40.31,47.848,4114.244,95.227,99.826,99.781,102.851,654.996,652.98,649.887,654.337,87.585,100.517,3.441,7.39,3.049,0.658,0.309,0.22,3.0,14.216,13.13,21.392,NORMAL,0.0,-1.0,100.0
E001,T1-0000,787.0,260.09896,19,3782.463,-9.533,63.408,67.314,40.299,47.852,4111.625,95.372,99.836,99.661,103.133,652.988,651.552,654.9,650.868,87.816,100.516,3.445,7.383,3.059,0.654,0.308,0.226,2.997,14.195,13.023,21.387,NORMAL,0.0,-1.0,100.0
E001,T1-0000,788.0,260.09924,20,3782.123,-9.531,63.411,67.294,40.288,47.797,4115.036,95.937,99.038,99.658,103.046,653.152,651.03,656.072,652.704,87.789,100.497,3.442,7.39,3.042,0.674,0.308,0.229,2.997,14.178,13.196,21.394,NORMAL,0.0,-1.0,100.0
E001,T1-0000,789.0,260.09952,21,3781.787,-9.529,63.413,67.273,40.277,47.744,4115.007,95.589,98.567,99.531,102.804,654.537,652.135,658.457,652.965,87.929,100.49,3.445,7.389,3.037,0.67,0.312,0.226,2.993,14.21,12.955,21.395,NORMAL,0.0,-1.0,100.0
E001,T1-0000,790.0,260.09979,22,3781.453,-9.527,63.416,67.252,40.265,47.773,4114.856,95.528,99.331,99.468,102.377,656.448,652.282,657.186,652.493,87.843,100.394,3.444,7.387,3.054,0.65,0.314,0.223,3.024,14.205,12.859,21.395,NORMAL,0.0,-1.0,100.0
E001,T1-0000,791.0,260.10007,23,3781.122,-9.524,63.419,67.232,40.254,47.842,4112.335,95.563,99.583,99.051,102.196,658.674,654.009,658.088,653.69,87.672,100.562,3.435,7.38,3.05,0.661,0.311,0.224,3.03,14.173,13.159,21.39,NORMAL,0.0,-1.0,100.0
E001,T1-0000,792.0,260.10035,24,3780.793,-9.522,63.422,67.211,40.243,47.758,4114.671,95.187,99.449,99.787,102.014,657.276,654.702,658.466,652.946,87.858,100.387,3.443,7.384,3.058,0.651,0.307,0.224,3.025,14.227,13.049,21.395,NORMAL,0.0,-1.0,100.0
E001,T1-0000,793.0,260.10063,25,3780.468,-9.52,63.424,67.191,40.232,47.843,4116.757,94.497,98.915,99.684,102.056,656.835,653.196,656.323,654.03,87.857,100.48,3.443,7.388,3.062,0.651,0.303,0.224,2.985,14.187,12.889,21.4,NORMAL,0.0,-1.0,100.0
E001,T1-0000,794.0,260.1009,26,3780.145,-9.518,63.427,67.17,40.22,47.795,4106.151,94.433,99.313,99.31,101.873,655.005,652.249,655.993,654.136,87.803,100.523,3.442,7.361,3.05,0.663,0.309,0.221,3.007,14.189,13.015,21.38,NORMAL,0.0,-1.0,100.0
E001,T1-0000,795.0,260.10118,27,3779.826,-9.516,63.43,67.15,40.209,47.771,4106.312,95.088,99.302,98.371,101.946,654.573,648.219,653.088,656.88,87.747,100.497,3.439,7.36,3.039,0.652,0.307,0.224,3.023,14.196,13.156,21.381,NORMAL,0.0,-1.0,100.0
E001,T1-0000,796.0,260.10146,28,3779.509,-9.514,63.432,67.129,40.198,47.728,4105.611,94.576,99.154,98.39,101.992,655.049,650.064,651.334,654.903,87.647,100.497,3.443,7.358,3.041,0.637,0.303,0.223,3.02,14.177,12.833,21.38,NORMAL,0.0,-1.0,100.0
E001,T1-0000,797.0,260.10174,29,3779.195,-9.512,63.435,67.109,40.187,47.715,4107.52,94.438,99.131,98.369,101.888,653.951,652.158,651.487,653.578,87.873,100.427,3.435,7.361,3.039,0.634,0.304,0.221,2.98,14.193,12.774,21.384,NORMAL,0.0,-1.0,100.0
E001,T1-0000,798.0,260.10202,30,3778.884,-9.51,63.437,67.088,40.175,47.754,4107.913,94.616,98.494,98.143,101.797,653.687,651.842,652.708,655.634,87.736,100.28,3.442,7.361,3.042,0.632,0.306,0.228,2.946,14.233,12.671,21.385,NORMAL,0.0,-1.0,100.0
E001,T1-0000,799.0,260.10229,31,3778.575,-9.508,63.44,67.068,40.164,47.74,4109.329,94.66,98.673,98.869,101.696,652.254,650.391,651.082,656.07,87.782,100.356,3.445,7.363,3.063,0.644,0.303,0.226,2.934,14.192,12.916,21.388,NORMAL,0.0,-1.0,100.0
E001,T1-0000,800.0,260.10257,32,3778.27,-9.506,63.442,67.047,40.153,47.81,4107.44,94.458,98.11,98.593,102.016,651.202,650.32,651.297,654.218,87.685,100.233,3.434,7.357,3.052,0.631,0.307,0.223,2.892,14.219,12.874,21.385,NORMAL,0.0,-1.0,100.0
E001,T1-0000,801.0,260.10285,33,3777.968,-9.504,63.445,67.027,40.142,47.764,4105.14,94.478,97.41,98.34,102.139,651.876,653.555,652.43,659.109,87.683,100.41,3.439,7.35,3.048,0.636,0.304,0.22,2.92,14.18,13.077,21.381,NORMAL,0.0,-1.0,100.0
E001,T1-0000,802.0,260.10313,34,3777.668,-9.502,63.447,67.006,40.13,47.805,4104.601,95.26,96.946,98.453,101.517,652.853,652.977,651.497,657.932,87.591,100.269,3.44,7.348,3.061,0.627,0.305,0.221,2.931,14.222,12.927,21.38,NORMAL,0.0,-1.0,100.0
E001,T1-0000,803.0,260.1034,35,3777.372,-9.5,63.45,66.986,40.119,47.733,4105.986,94.922,97.316,98.42,101.477,653.104,650.841,650.441,660.193,87.761,100.362,3.447,7.35,3.056,0.637,0.309,0.221,2.983,14.24,12.812,21.383,NORMAL,0.0,-1.0,100.0
E001,T1-0000,804.0,260.10368,36,3777.078,-9.498,63.452,66.965,40.108,47.734,4106.658,94.543,97.538,98.25,101.297,653.259,652.921,648.113,656.836,87.654,100.349,3.445,7.35,3.053,0.636,0.307,0.227,2.921,14.211,12.909,21.385,NORMAL,0.0,-1.0,100.0
E001,T1-0000,805.0,260.10396,37,3776.788,-9.496,63.454,66.945,40.096,47.679,4103.295,94.415,97.65,98.073,100.851,654.153,652.331,651.057,658.534,87.763,100.262,3.44,7.341,3.047,0.661,0.303,0.23,2.962,14.171,12.404,21.379,NORMAL,0.0,-1.0,100.0
E001,T1-0000,806.0,260.10424,38,3776.5,-9.494,63.457,66.925,40.085,47.704,4102.028,94.931,97.771,97.773,100.934,653.629,652.423,648.803,655.934,87.707,100.231,3.435,7.337,3.03,0.659,0.303,0.227,2.957,14.218,13.209,21.377,NORMAL,0.0,-1.0,100.0
E001,T1-0000,807.0,260.10452,39,3776.215,-9.493,63.459,66.904,40.074,47.733,4098.713,94.597,98.407,98.621,101.301,654.556,655.39,652.681,653.204,87.91,100.248,3.441,7.327,3.042,0.656,0.302,0.229,2.974,14.193,12.57,21.371,NORMAL,0.0,-1.0,100.0
E001,T1-0000,808.0,260.10479,40,3775.934,-9.491,63.462,66.884,40.063,47.681,4095.822,94.695,98.542,99.283,101.433,651.919,656.704,655.811,652.96,87.882,100.37,3.441,7.319,3.067,0.641,0.304,0.229,2.961,14.186,12.812,21.366,NORMAL,0.0,-1.0,100.0
E001,T1-0000,809.0,260.10507,41,3775.655,-9.489,63.464,66.864,40.051,47.695,4102.87,94.629,98.358,98.931,100.814,652.393,654.631,651.197,653.761,87.919,100.24,3.438,7.335,3.06,0.628,0.301,0.232,2.966,14.229,13.057,21.38,NORMAL,0.0,-1.0,100.0
E001,T1-0000,810.0,260.10535,42,3775.379,-9.487,63.466,66.844,40.04,47.684,4098.201,94.603,98.343,99.146,100.385,655.277,651.411,655.517,655.008,87.935,100.417,3.439,7.322,3.052,0.649,0.299,0.231,3.002,14.215,12.96,21.371,NORMAL,0.0,-1.0,100.0
E001,T1-0000,811.0,260.10563,43,3775.106,-9.485,63.468,66.823,40.029,47.636,4089.28,94.557,98.867,98.998,100.49,658.073,652.712,653.543,651.145,88.007,100.254,3.435,7.299,3.059,0.66,0.301,0.228,3.022,14.197,12.471,21.355,NORMAL,0.0,-1.0,100.0
E001,T1-0000,812.0,260.1059,44,3774.836,-9.484,63.471,66.803,40.017,47.574,4092.778,94.372,98.59,99.876,100.251,655.829,653.65,654.938,652.337,87.869,100.269,3.433,7.306,3.02,0.662,0.306,0.224,3.011,14.179,12.673,21.362,NORMAL,0.0,-1.0,100.0
E001,T1-0000,813.0,260.10618,45,3774.57,-9.482,63.473,66.783,40.006,47.67,4093.337,94.625,98.738,100.323,100.031,656.005,652.811,654.795,653.219,87.876,100.292,3.434,7.307,3.049,0.654,0.309,0.223,3.017,14.224,12.672,21.363,NORMAL,0.0,-1.0,100.0
E001,T1-0000,814.0,260.10646,46,3774.306,-9.48,63.475,66.763,39.995,47.612,4095.396,94.31,98.759,99.848,100.367,655.731,654.007,658.674,652.424,87.875,100.337,3.442,7.31,3.023,0.659,0.312,0.224,3.025,14.223,12.51,21.367,NORMAL,0.0,-1.0,100.0
E001,T1-0000,815.0,260.10674,47,3774.045,-9.479,63.477,66.742,39.983,47.628,4092.41,94.17,98.727,99.689,100.669,653.408,654.848,656.75,649.049,87.965,100.293,3.441,7.302,3.047,0.642,0.313,0.226,3.007,14.194,12.658,21.362,NORMAL,0.0,-1.0,100.0
E001,T1-0000,816.0,260.10702,48,3773.788,-9.477,63.479,66.722,39.972,47.598,4091.108,94.145,98.545,99.901,101.072,652.18,654.378,655.232,651.064,87.963,100.26,3.437,7.298,3.051,0.645,0.313,0.224,2.998,14.175,12.65,21.36,NORMAL,0.0,-1.0,100.0
E001,T1-0000,817.0,260.10729,49,3773.533,-9.475,63.481,66.702,39.961,47.624,4092.649,94.287,97.963,99.87,100.973,650.569,651.377,657.122,650.543,87.981,100.245,3.43,7.3,3.057,0.643,0.31,0.222,2.949,14.204,12.659,21.363,NORMAL,0.0,-1.0,100.0
E001,T1-0000,818.0,260.10757,50,3773.281,-9.474,63.483,66.682,39.949,47.547,4094.849,93.885,97.821,99.539,100.837,653.601,651.294,654.735,648.623,88.121,100.275,3.44,7.304,3.059,0.632,0.313,0.227,2.944,14.208,12.744,21.368,NORMAL,0.0,-1.0,100.0
E001,T1-0000,819.0,260.10785,51,3773.033,-9.472,63.485,66.662,39.938,47.587,4094.261,94.364,98.376,99.338,100.689,653.469,651.034,654.542,649.989,88.211,100.259,3.435,7.301,3.036,0.64,0.307,0.226,2.897,14.201,12.46,21.367,NORMAL,0.0,-1.0,100.0
E001,T1-0000,820.0,260.10813,52,3772.787,-9.47,63.487,66.642,39.927,47.565,4092.351,95.053,98.328,100.111,101.096,653.436,650.099,655.579,652.197,87.956,100.276,3.439,7.295,3.061,0.639,0.304,0.23,2.922,14.199,12.745,21.364,NORMAL,0.0,-1.0,100.0
E001,T1-0000,821.0,260.1084,53,3772.545,-9.469,63.489,66.622,39.915,47.544,4094.087,94.584,98.162,99.623,101.119,654.872,653.827,657.399,650.777,88.147,100.261,3.437,7.298,3.052,0.653,0.305,0.227,2.983,14.209,12.521,21.368,NORMAL,0.0,-1.0,100.0
E001,T1-0000,822.0,260.10868,54,3772.305,-9.467,63.491,66.602,39.904,47.572,4091.928,94.745,98.566,99.865,101.031,654.691,651.235,657.511,649.113,87.995,100.254,3.426,7.292,3.04,0.655,0.304,0.224,2.947,14.211,12.255,21.364,NORMAL,0.0,-1.0,100.0
E001,T1-0000,823.0,260.10896,55,3772.069,-9.466,63.493,66.582,39.893,47.536,4089.917,94.619,98.503,100.329,100.642,655.505,651.298,655.749,649.444,88.02,100.218,3.433,7.286,3.046,0.679,0.311,0.223,3.028,14.2,12.645,21.36,NORMAL,0.0,-1.0,100.0
E001,T1-0000,824.0,260.10924,56,3771.836,-9.464,63.495,66.562,39.881,47.515,4092.776,94.771,97.782,100.178,100.817,655.299,653.187,650.959,647.199,88.135,100.187,3.434,7.291,3.028,0.664,0.308,0.226,3.063,14.205,12.417,21.366,NORMAL,0.0,-1.0,100.0
E001,T1-0000,825.0,260.10952,57,3771.606,-9.463,63.497,66.542,39.87,47.484,4087.91,95.163,98.239,100.495,101.078,655.389,651.322,649.346,649.497,88.253,100.25,3.436,7.278,3.066,0.66,0.315,0.224,3.08,14.203,12.475,21.357,NORMAL,0.0,-1.0,100.0
E001,T1-0000,826.0,260.10979,58,3771.379,-9.461,63.499,66.522,39.859,47.48,4085.73,95.151,98.186,100.372,101.111,656.579,652.556,648.613,651.555,88.31,100.328,3.425,7.272,3.037,0.649,0.311,0.226,3.062,14.192,12.473,21.354,NORMAL,0.0,-1.0,100.0
E001,T1-0000,827.0,260.11007,59,3771.155,-9.46,63.501,66.502,39.847,47.462,4085.143,95.46,99.19,100.548,100.803,656.329,654.466,651.911,655.246,88.126,100.206,3.433,7.269,3.053,0.648,0.314,0.225,3.053,14.169,12.324,21.353,NORMAL,0.0,-1.0,100.0
E001,T1-0000,828.0,260.11035,60,3770.934,-9.458,63.503,66.482,39.836,47.582,4085.729,95.418,98.713,100.119,100.818,657.148,653.834,650.025,653.064,88.113,100.324,3.433,7.269,3.033,0.634,0.319,0.226,3.031,14.197,12.713,21.355,NORMAL,0.0,-1.0,100.0
E001,T1-0000,829.0,260.11063,61,3770.716,-9.457,63.504,66.462,39.825,47.641,4089.536,95.331,99.007,100.157,100.594,656.252,651.66,651.212,653.699,88.297,100.34,3.44,7.277,3.047,0.641,0.311,0.229,3.062,14.213,12.595,21.362,NORMAL,0.0,-1.0,100.0
E001,T1-0000,830.0,260.1109,62,3770.502,-9.455,63.506,66.443,39.813,47.541,4086.701,95.518,98.927,100.371,100.355,656.157,655.238,652.195,652.268,88.022,100.261,3.436,7.269,3.04,0.666,0.315,0.226,3.055,14.235,12.367,21.357,NORMAL,0.0,-1.0,100.0
E001,T1-0000,831.0,260.11118,63,3770.29,-9.454,63.508,66.423,39.802,47.452,4090.894,95.336,99.31,100.547,99.949,653.693,651.858,655.301,652.776,87.995,100.297,3.441,7.278,3.051,0.66,0.309,0.229,3.068,14.212,12.511,21.366,NORMAL,0.0,-1.0,100.0
E001,T1-0000,832.0,260.11146,64,3770.082,-9.453,63.51,66.403,39.791,47.439,4083.883,95.566,99.195,100.94,99.741,652.458,652.894,652.147,653.213,88.204,100.263,3.43,7.26,3.036,0.678,0.309,0.229,3.1,14.224,12.418,21.353,NORMAL,0.0,-1.0,100.0
E001,T1-0000,833.0,260.11174,65,3769.877,-9.451,63.511,66.383,39.779,47.414,4081.405,95.545,98.885,100.809,99.648,653.155,653.618,650.061,650.221,88.153,100.233,3.429,7.253,3.042,0.659,0.309,0.229,3.058,14.196,12.547,21.348,NORMAL,0.0,-1.0,100.0
E001,T1-0000,834.0,260.11202,66,3769.675,-9.45,63.513,66.364,39.768,47.477,4085.101,95.391,99.102,100.762,100.136,651.925,651.637,650.515,648.931,87.966,100.241,3.436,7.26,3.045,0.648,0.312,0.231,3.038,14.217,12.52,21.356,NORMAL,0.0,-1.0,100.0
E001,T1-0000,835.0,260.11229,67,3769.476,-9.449,63.515,66.344,39.757,47.473,4079.862,94.864,98.929,100.356,100.387,651.346,651.424,649.589,649.575,87.932,100.3,3.429,7.247,3.047,0.642,0.31,0.227,3.054,14.196,12.458,21.346,NORMAL,0.0,-1.0,100.0
E001,T1-0000,836.0,260.11257,68,3769.281,-9.448,63.516,66.324,39.745,47.261,4081.145,95.181,98.448,100.299,100.278,652.052,654.756,650.533,647.391,87.904,100.166,3.428,7.249,3.046,0.638,0.314,0.228,3.072,14.182,12.334,21.349,NORMAL,0.0,-1.0,100.0
E001,T1-0000,837.0,260.11285,69,3769.088,-9.446,63.518,66.305,39.734,47.417,4084.262,95.526,98.424,99.405,100.473,652.66,655.082,648.988,647.772,87.967,100.162,3.436,7.255,3.038,0.643,0.311,0.224,3.067,14.205,12.502,21.355,NORMAL,0.0,-1.0,100.0
E001,T1-0000,838.0,260.11313,70,3768.899,-9.445,63.519,66.285,39.723,47.521,4085.037,95.542,98.585,98.68,100.301,651.231,655.552,651.152,647.925,88.006,100.12,3.437,7.256,3.054,0.638,0.306,0.226,3.011,14.184,12.454,21.357,NORMAL,0.0,-1.0,100.0
E001,T1-0000,839.0,260.1134,71,3768.712,-9.444,63.521,66.266,39.711,47.435,4080.279,95.659,98.402,98.192,99.985,648.96,656.235,649.732,648.766,87.864,100.174,3.43,7.243,3.047,0.626,0.303,0.226,2.98,14.231,12.394,21.349,NORMAL,0.0,-1.0,100.0
E001,T1-0000,840.0,260.11368,72,3768.529,-9.443,63.522,66.246,39.7,47.5,4082.22,95.817,98.747,97.907,100.047,649.009,655.659,651.308,650.553,87.818,100.265,3.433,7.246,3.06,0.625,0.307,0.229,2.931,14.225,12.741,21.353,NORMAL,0.0,-1.0,100.0
E001,T1-0000,841.0,260.11396,73,3768.35,-9.441,63.524,66.227,39.689,47.365,4081.59,96.565,98.352,97.476,99.837,650.632,652.996,649.399,650.545,87.934,100.224,3.434,7.244,3.046,0.634,0.31,0.23,3.007,14.2,12.028,21.352,NORMAL,0.0,-1.0,100.0
E001,T1-0000,842.0,260.11424,74,3768.173,-9.44,63.525,66.207,39.677,47.402,4081.378,96.465,98.054,97.541,99.872,652.301,652.263,652.476,652.371,87.814,100.219,3.432,7.242,3.064,0.63,0.314,0.228,2.972,14.198,12.363,21.352,NORMAL,0.0,-1.0,100.0
E001,T1-0000,843.0,260.11452,75,3768.0,-9.439,63.527,66.188,39.666,47.388,4081.444,96.344,97.759,97.513,100.557,648.654,654.558,652.129,652.384,87.945,100.201,3.422,7.241,3.065,0.633,0.311,0.229,2.941,14.16,12.027,21.352,NORMAL,0.0,-1.0,100.0
E001,T1-0000,844.0,260.11479,76,3767.829,-9.438,63.528,66.168,39.655,47.403,4080.392,96.355,98.155,98.196,100.345,649.753,654.733,651.282,654.864,87.94,100.125,3.432,7.237,3.052,0.649,0.306,0.235,2.997,14.193,11.974,21.351,NORMAL,0.0,-1.0,100.0
E001,T1-0000,845.0,260.11507,77,3767.662,-9.437,63.53,66.149,39.643,47.356,4076.637,95.653,97.734,98.431,100.066,650.2,658.002,650.823,654.178,87.917,100.147,3.43,7.227,3.04,0.663,0.31,0.235,3.009,14.184,12.406,21.344,NORMAL,0.0,-1.0,100.0
E001,T1-0000,846.0,260.11535,78,3767.498,-9.436,63.531,66.13,39.632,47.432,4075.638,96.198,97.954,98.501,99.798,652.681,654.225,649.823,652.354,87.858,100.171,3.428,7.223,3.038,0.659,0.306,0.231,3.002,14.214,12.472,21.343,NORMAL,0.0,-1.0,100.0
E001,T1-0000,847.0,260.11563,79,3767.338,-9.435,63.532,66.11,39.621,47.36,4075.037,96.307,97.873,97.891,99.794,650.434,654.966,650.603,654.958,87.986,100.255,3.423,7.221,3.055,0.652,0.303,0.228,3.018,14.217,12.408,21.342,NORMAL,0.0,-1.0,100.0
E001,T1-0000,848.0,260.1159,80,3767.18,-9.434,63.534,66.091,39.609,47.299,4076.768,96.436,97.927,98.512,100.058,651.891,653.967,653.56,655.59,87.888,100.174,3.429,7.223,3.056,0.638,0.304,0.226,2.994,14.195,12.376,21.345,NORMAL,0.0,-1.0,100.0
E001,T1-0000,849.0,260.11618,81,3767.026,-9.433,63.535,66.072,39.598,47.312,4077.944,96.303,98.371,98.438,100.162,652.153,652.916,652.019,655.022,87.78,100.138,3.431,7.225,3.051,0.631,0.306,0.224,2.958,14.201,12.244,21.348,NORMAL,0.0,-1.0,100.0
E001,T1-0000,850.0,260.11646,82,3766.875,-9.432,63.536,66.053,39.587,47.291,4078.634,96.959,97.996,98.426,100.057,653.635,651.839,652.907,654.495,87.844,100.133,3.427,7.225,3.055,0.65,0.306,0.221,2.987,14.208,12.149,21.35,NORMAL,0.0,-1.0,100.0
E001,T1-0000,851.0,260.11674,83,3766.728,-9.431,63.537,66.033,39.576,47.454,4078.675,96.874,97.501,98.565,100.193,652.491,651.07,653.835,652.262,87.949,100.118,3.43,7.224,3.056,0.669,0.305,0.219,2.959,14.208,12.061,21.35,NORMAL,0.0,-1.0,100.0
E001,T1-0000,852.0,260.11702,84,3766.583,-9.43,63.538,66.014,39.564,47.244,4075.963,96.8,97.859,98.326,99.879,652.325,653.787,654.485,651.386,88.037,100.16,3.418,7.217,3.08,0.652,0.302,0.219,2.946,14.163,12.13,21.346,NORMAL,0.0,-1.0,100.0
E001,T1-0000,853.0,260.11729,85,3766.442,-9.429,63.54,65.995,39.553,47.398,4080.384,96.384,97.96,98.643,100.157,652.238,654.144,656.944,651.109,88.063,100.134,3.433,7.226,3.04,0.668,0.304,0.221,2.906,14.197,12.306,21.354,NORMAL,0.0,-1.0,100.0
E001,T1-0000,854.0,260.11757,86,3766.304,-9.428,63.541,65.976,39.542,47.354,4072.099,96.746,97.791,99.151,100.543,650.999,654.841,655.951,651.521,87.916,100.104,3.427,7.205,3.049,0.647,0.3,0.219,2.885,14.17,12.308,21.339,NORMAL,0.0,-1.0,100.0
E001,T1-0000,855.0,260.11785,87,3766.169,-9.427,63.542,65.957,39.531,47.299,4075.551,97.164,97.482,99.593,100.9,653.36,654.959,655.396,648.799,87.955,100.092,3.431,7.212,3.059,0.642,0.299,0.218,2.984,14.199,11.874,21.346,NORMAL,0.0,-1.0,100.0
E001,T1-0000,856.0,260.11813,88,3766.038,-9.426,63.543,65.938,39.519,47.19,4071.911,97.207,98.036,99.881,100.954,652.881,656.193,654.809,650.118,87.987,100.118,3.433,7.202,3.046,0.661,0.305,0.223,2.984,14.193,12.223,21.339,NORMAL,0.0,-1.0,100.0
E001,T1-0000,857.0,260.1184,89,3765.909,-9.426,63.544,65.919,39.508,47.289,4070.34,97.959,97.186,99.836,100.906,648.95,651.019,655.402,650.682,87.833,100.032,3.428,7.197,3.052,0.652,0.301,0.221,2.988,14.199,12.117,21.337,NORMAL,0.0,-1.0,100.0
E001,T1-0000,858.0,260.11868,90,3765.784,-9.425,63.545,65.9,39.497,47.301,4067.28,97.738,97.006,99.81,100.226,647.732,652.511,655.802,648.105,88.043,100.105,3.421,7.188,3.061,0.637,0.3,0.219,2.955,14.202,12.185,21.331,NORMAL,0.0,-1.0,100.0
E001,T1-0000,859.0,260.11896,91,3765.663,-9.424,63.546,65.881,39.486,47.169,4065.362,97.724,97.392,99.273,100.514,647.359,654.133,656.255,646.559,88.111,100.149,3.424,7.182,3.053,0.638,0.297,0.221,2.96,14.224,12.189,21.328,NORMAL,0.0,-1.0,100.0
E001,T1-0000,860.0,260.11924,92,3765.544,-9.423,63.547,65.862,39.474,47.171,4071.086,97.352,97.706,99.826,100.474,650.06,651.129,655.714,644.537,88.036,100.158,3.429,7.195,3.052,0.631,0.299,0.219,2.956,14.195,12.297,21.339,NORMAL,0.0,-1.0,100.0
E001,T1-0000,861.0,260.11952,93,3765.429,-9.422,63.548,65.844,39.463,47.243,4066.876,97.649,97.878,99.824,100.605,652.439,652.817,654.76,645.122,88.084,100.123,3.436,7.183,3.064,0.637,0.305,0.217,2.998,14.145,11.691,21.332,NORMAL,0.0,-1.0,100.0
E001,T1-0000,862.0,260.11979,94,3765.317,-9.422,63.549,65.825,39.452,47.364,4071.048,97.003,97.769,99.736,100.826,653.761,652.849,653.63,644.879,88.056,100.1,3.436,7.192,3.037,0.655,0.308,0.217,2.995,14.179,12.536,21.34,NORMAL,0.0,-1.0,100.0
E001,T1-0000,863.0,260.12007,95,3765.208,-9.421,63.55,65.806,39.441,47.265,4072.581,96.931,97.81,99.618,100.913,653.796,654.059,652.79,648.12,88.046,100.162,3.42,7.194,3.055,0.645,0.312,0.219,3.013,14.2,11.938,21.343,NORMAL,0.0,-1.0,100.0
E001,T1-0000,864.0,260.12035,96,3765.103,-9.42,63.551,65.787,39.43,47.233,4069.752,96.949,97.698,99.644,100.375,650.133,655.338,652.956,648.173,87.993,100.14,3.427,7.186,3.03,0.636,0.309,0.22,2.954,14.189,12.161,21.338,NORMAL,0.0,-1.0,100.0
E001,T1-0000,865.0,260.12063,97,3765.001,-9.42,63.551,65.769,39.418,47.224,4072.99,97.243,97.767,99.627,100.282,649.842,653.453,652.373,646.638,88.033,100.047,3.436,7.193,3.057,0.624,0.304,0.218,2.967,14.222,12.241,21.345,NORMAL,0.0,-1.0,100.0
E001,T1-0000,866.0,260.1209,98,3764.902,-9.419,63.552,65.75,39.407,47.242,4073.163,96.665,98.13,99.36,100.494,648.9,650.539,654.424,647.595,87.892,99.976,3.429,7.192,3.045,0.631,0.311,0.222,3.02,14.174,11.901,21.346,NORMAL,0.0,-1.0,100.0
E001,T1-0000,867.0,260.12118,99,3764.806,-9.418,63.553,65.732,39.396,47.243,4071.252,96.38,97.515,99.125,100.248,648.127,649.494,651.344,648.017,87.749,100.04,3.423,7.187,3.051,0.643,0.312,0.221,2.978,14.172,11.942,21.342,NORMAL,0.0,-1.0,100.0
E001,T1-0000,868.0,260.12146,100,3764.714,-9.418,63.554,65.713,39.385,47.216,4073.828,96.696,98.159,99.647,100.057,647.208,649.584,649.175,647.523,87.874,100.068,3.43,7.192,3.056,0.632,0.31,0.22,2.92,14.222,12.086,21.348,NORMAL,0.0,-1.0,100.0
E001,T1-0000,869.0,260.12174,101,3764.625,-9.417,63.555,65.694,39.374,47.19,4073.104,96.899,98.401,99.608,100.405,648.95,648.554,649.334,648.614,87.886,99.956,3.429,7.189,3.058,0.649,0.314,0.223,2.955,14.204,12.086,21.347,NORMAL,0.0,-1.0,100.0
E001,T1-0000,870.0,260.12202,102,3764.54,-9.417,63.555,65.676,39.362,47.205,4069.635,97.13,97.955,99.469,100.195,652.343,651.084,648.711,650.792,87.866,100.022,3.423,7.179,3.043,0.642,0.311,0.222,2.963,14.213,11.823,21.341,NORMAL,0.0,-1.0,100.0
E001,T1-0000,871.0,260.12229,103,3764.457,-9.416,63.556,65.658,39.351,47.19,4072.114,97.313,97.838,99.667,99.81,652.912,649.671,647.127,651.952,87.977,100.059,3.431,7.184,3.059,0.639,0.313,0.223,2.956,14.2,11.887,21.346,NORMAL,0.0,-1.0,100.0
E001,T1-0000,872.0,260.12257,104,3764.378,-9.416,63.557,65.639,39.34,47.235,4068.008,96.57,97.658,100.341,99.749,652.463,652.153,650.129,650.249,88.057,100.101,3.43,7.172,3.049,0.663,0.31,0.223,2.969,14.188,11.72,21.338,NORMAL,0.0,-1.0,100.0
E001,T1-0000,873.0,260.12285,105,3764.302,-9.415,63.557,65.621,39.329,47.201,4064.212,96.434,97.542,100.385,99.621,652.994,655.699,650.499,651.466,88.03,100.062,3.427,7.162,3.04,0.644,0.307,0.222,2.947,14.153,11.851,21.331,NORMAL,0.0,-1.0,100.0
E001,T1-0000,874.0,260.12313,106,3764.23,-9.415,63.558,65.603,39.318,47.164,4060.83,96.697,97.948,100.975,99.531,654.756,652.215,648.15,651.965,88.171,100.18,3.425,7.153,3.046,0.639,0.303,0.22,2.954,14.208,12.202,21.325,NORMAL,0.0,-1.0,100.0
E001,T1-0000,875.0,260.1234,107,3764.161,-9.414,63.558,65.584,39.307,47.022,4060.257,96.826,97.442,100.685,98.901,654.764,654.384,649.808,651.727,88.009,100.06,3.42,7.15,3.057,0.627,0.309,0.225,2.918,14.2,11.825,21.325,NORMAL,0.0,-1.0,100.0
E001,T1-0000,876.0,260.12368,108,3764.095,-9.414,63.559,65.566,39.296,47.091,4063.74,96.667,97.684,101.554,99.086,655.876,653.334,650.539,650.485,88.016,100.084,3.421,7.157,3.063,0.621,0.311,0.222,2.947,14.196,11.976,21.332,NORMAL,0.0,-1.0,100.0
E001,T1-0000,877.0,260.12396,109,3764.032,-9.413,63.559,65.548,39.285,47.15,4059.909,96.527,98.15,101.418,99.058,655.496,650.225,649.125,649.972,88.159,100.083,3.419,7.147,3.061,0.639,0.307,0.224,2.928,14.227,11.881,21.325,NORMAL,0.0,-1.0,100.0
E001,T1-0000,878.0,260.12424,110,3763.973,-9.413,63.56,65.53,39.274,47.168,4061.623,96.47,98.095,101.328,98.948,653.553,651.384,649.763,651.446,88.116,100.061,3.415,7.149,3.041,0.631,0.308,0.224,2.903,14.217,11.855,21.329,NORMAL,0.0,-1.0,100.0
E001,T1-0000,879.0,260.12452,111,3763.917,-9.413,63.56,65.512,39.263,47.029,4061.192,96.986,97.842,101.252,98.293,652.421,653.629,646.212,649.779,87.93,100.007,3.419,7.147,3.069,0.641,0.307,0.226,2.925,14.193,11.73,21.328,NORMAL,0.0,-1.0,100.0
E001,T1-0000,880.0,260.12479,112,3763.864,-9.412,63.561,65.494,39.251,47.076,4058.981,97.105,98.275,101.232,98.564,651.242,651.855,648.554,652.348,87.969,100.075,3.413,7.141,3.033,0.642,0.306,0.224,2.981,14.185,11.585,21.324,NORMAL,0.0,-1.0,100.0
E001,T1-0000,881.0,260.12507,113,3763.815,-9.412,63.561,65.476,39.24,47.103,4062.659,97.155,98.94,101.05,98.945,650.365,652.514,648.477,651.911,88.043,100.041,3.43,7.148,3.071,0.632,0.303,0.223,2.986,14.228,11.791,21.332,NORMAL,0.0,-1.0,100.0
E001,T1-0000,882.0,260.12535,114,3763.769,-9.412,63.562,65.458,39.229,47.1,4057.838,96.93,98.985,101.56,98.677,650.545,650.69,648.919,650.194,87.985,100.063,3.43,7.136,3.054,0.621,0.309,0.225,2.951,14.193,11.796,21.323,NORMAL,0.0,-1.0,100.0
E001,T1-0000,883.0,260.12563,115,3763.726,-9.411,63.562,65.44,39.218,47.136,4057.54,96.372,98.884,101.948,98.385,651.522,655.712,650.039,652.296,87.818,99.94,3.415,7.134,3.044,0.626,0.309,0.224,3.006,14.215,11.676,21.323,NORMAL,0.0,-1.0,100.0
E001,T1-0000,884.0,260.1259,116,3763.687,-9.411,63.562,65.422,39.207,47.081,4058.009,96.296,98.964,101.505,98.086,651.877,656.379,647.516,651.228,87.934,100.084,3.421,7.134,3.038,0.639,0.308,0.225,2.992,14.186,11.84,21.324,NORMAL,0.0,-1.0,100.0
E001,T1-0000,885.0,260.12618,117,3763.651,-9.411,63.563,65.404,39.196,47.019,4056.275,96.105,98.18,100.931,98.157,650.682,654.751,649.014,649.244,87.743,100.078,3.427,7.128,3.042,0.63,0.308,0.223,3.007,14.221,11.747,21.321,NORMAL,0.0,-1.0,100.0
E001,T1-0000,886.0,260.12646,118,3763.618,-9.411,63.563,65.386,39.185,47.086,4057.578,96.738,98.477,100.73,98.779,650.317,653.281,648.11,649.947,87.839,100.013,3.422,7.13,3.052,0.619,0.306,0.221,2.997,14.222,11.782,21.324,NORMAL,0.0,-1.0,100.0
E001,T1-0000,887.0,260.12674,119,3763.589,-9.411,63.563,65.369,39.174,47.052,4059.061,96.861,98.919,101.056,98.942,649.833,654.854,649.925,652.819,87.925,99.969,3.412,7.133,3.048,0.614,0.306,0.224,3.032,14.172,11.882,21.327,NORMAL,0.0,-1.0,100.0
E001,T1-0000,888.0,260.12702,120,3763.563,-9.41,63.563,65.351,39.163,46.974,4058.011,97.003,99.788,101.593,99.084,650.074,655.136,652.902,650.396,87.926,100.017,3.423,7.129,3.053,0.638,0.308,0.224,3.021,14.174,11.802,21.326,NORMAL,0.0,-1.0,100.0
E001,T1-0000,889.0,260.12729,121,3763.54,-9.41,63.564,65.333,39.153,47.03,4055.707,97.16,99.154,101.261,99.447,650.077,655.01,651.581,650.665,87.924,99.964,3.415,7.122,3.045,0.632,0.307,0.223,2.967,14.182,11.791,21.322,NORMAL,0.0,-1.0,100.0
E001,T1-0000,890.0,260.12757,122,3763.52,-9.41,63.564,65.316,39.142,47.07,4053.276,97.147,99.695,100.695,98.781,652.076,653.243,650.672,653.309,87.731,99.875,3.419,7.115,3.042,0.63,0.306,0.224,2.913,14.203,11.685,21.317,NORMAL,0.0,-1.0,100.0
E001,T1-0000,891.0,260.12785,123,3763.504,-9.41,63.564,65.298,39.131,47.11,4052.686,97.579,99.662,100.339,98.557,650.341,652.006,648.884,650.394,87.919,99.992,3.416,7.112,3.059,0.633,0.303,0.223,2.943,14.182,11.839,21.317,NORMAL,0.0,-1.0,100.0
E001,T1-0000,892.0,260.12813,124,3763.491,-9.41,63.564,65.281,39.12,46.987,4055.892,97.701,99.959,99.745,98.214,651.522,651.726,649.008,648.279,87.811,99.888,3.419,7.119,3.044,0.669,0.304,0.226,2.937,14.199,11.246,21.323,NORMAL,0.0,-1.0,100.0
E001,T1-0000,893.0,260.1284,125,3763.482,-9.41,63.564,65.263,39.109,46.968,4053.732,97.732,100.379,99.901,97.794,651.775,653.936,649.62,647.373,87.826,100.014,3.412,7.113,3.05,0.661,0.304,0.225,2.941,14.199,11.509,21.319,NORMAL,0.0,-1.0,100.0
E001,T1-0000,894.0,260.12868,126,3763.476,-9.41,63.564,65.246,39.098,46.973,4056.554,97.35,99.656,99.094,98.417,651.166,654.618,648.438,646.331,88.003,99.96,3.422,7.118,3.049,0.667,0.303,0.226,2.922,14.18,11.714,21.325,NORMAL,0.0,-1.0,100.0
E001,T1-0000,895.0,260.12896,127,3763.473,-9.41,63.564,65.228,39.087,46.956,4053.326,97.524,99.53,99.175,98.808,651.289,653.242,652.258,646.52,87.979,99.901,3.42,7.109,3.045,0.655,0.303,0.223,2.965,14.175,11.29,21.319,NORMAL,0.0,-1.0,100.0
E001,T1-0000,896.0,260.12924,128,3763.473,-9.41,63.564,65.211,39.076,47.026,4052.425,97.396,99.011,98.815,99.271,648.606,654.844,653.06,647.465,87.846,99.974,3.425,7.106,3.053,0.66,0.302,0.227,3.032,14.182,11.69,21.318,NORMAL,0.0,-1.0,100.0
E001,T1-0000,897.0,260.12952,129,3763.477,-9.41,63.564,65.194,39.065,46.952,4051.68,97.112,98.33,98.714,99.132,647.915,654.823,650.177,649.957,87.977,99.949,3.42,7.102,3.057,0.648,0.305,0.228,3.03,14.242,11.387,21.317,NORMAL,0.0,-1.0,100.0
E001,T1-0000,898.0,260.12979,130,3763.484,-9.41,63.564,65.176,39.055,46.924,4048.752,97.052,98.036,98.311,99.524,649.343,653.175,647.489,648.773,88.105,99.921,3.42,7.094,3.06,0.646,0.31,0.227,3.034,14.201,11.85,21.312,NORMAL,0.0,-1.0,100.0
E001,T1-0000,899.0,260.13007,131,3763.495,-9.41,63.564,65.159,39.044,46.954,4048.551,97.591,97.957,97.924,99.523,649.576,649.521,647.943,647.441,87.871,99.958,3.424,7.093,3.059,0.644,0.31,0.224,3.009,14.194,11.506,21.312,NORMAL,0.0,-1.0,100.0
E001,T1-0000,900.0,260.13035,132,3763.509,-9.41,63.564,65.142,39.033,46.984,4050.897,97.957,97.754,98.079,98.648,649.302,651.283,650.486,648.185,87.963,99.999,3.421,7.097,3.045,0.636,0.305,0.221,3.013,14.175,11.544,21.317,NORMAL,0.0,-1.0,100.0
E001,T1-0000,901.0,260.13063,133,3763.526,-9.41,63.564,65.125,39.022,46.896,4048.188,97.637,98.017,97.585,98.642,649.943,650.258,652.186,645.698,87.924,99.876,3.417,7.089,3.048,0.666,0.313,0.219,3.022,14.208,11.437,21.312,NORMAL,0.0,-1.0,100.0
E001,T1-0000,902.0,260.1309,134,3763.546,-9.41,63.563,65.108,39.011,46.914,4048.567,97.604,97.963,97.587,97.876,651.132,653.17,652.17,646.065,87.95,99.896,3.428,7.089,3.071,0.665,0.31,0.223,3.038,14.194,11.699,21.313,NORMAL,0.0,-1.0,100.0
E001,T1-0000,903.0,260.13118,135,3763.57,-9.41,63.563,65.091,39.001,46.959,4049.446,96.964,97.987,97.1,98.244,652.917,650.557,647.932,646.226,87.997,99.879,3.42,7.09,3.036,0.649,0.308,0.221,3.07,14.233,11.437,21.315,NORMAL,0.0,-1.0,100.0
E001,T1-0000,904.0,260.13146,136,3763.597,-9.411,63.563,65.074,38.99,46.922,4044.154,96.73,98.003,96.472,98.411,649.675,648.39,647.715,647.391,87.888,99.793,3.42,7.076,3.061,0.634,0.304,0.228,3.058,14.212,11.57,21.305,NORMAL,0.0,-1.0,100.0
E001,T1-0000,905.0,260.13174,137,3763.627,-9.411,63.563,65.057,38.979,46.961,4040.467,96.625,98.113,96.452,98.348,646.529,646.143,648.168,650.945,87.911,99.862,3.413,7.066,3.051,0.644,0.302,0.228,3.055,14.214,11.574,21.299,NORMAL,0.0,-1.0,100.0
E001,T1-0000,906.0,260.13202,138,3763.661,-9.411,63.563,65.041,38.968,46.871,4037.944,96.485,98.584,96.48,97.802,646.606,647.616,648.76,650.423,87.893,99.916,3.419,7.059,3.053,0.646,0.299,0.224,3.02,14.182,11.629,21.294,NORMAL,0.0,-1.0,100.0
E001,T1-0000,907.0,260.13229,139,3763.698,-9.411,63.562,65.024,38.958,46.861,4038.589,96.53,98.582,96.384,97.921,648.626,649.626,649.899,649.968,87.848,99.868,3.417,7.059,3.036,0.641,0.302,0.223,3.035,14.197,11.575,21.296,NORMAL,0.0,-1.0,100.0
E001,T1-0000,908.0,260.13257,140,3763.738,-9.412,63.562,65.007,38.947,46.915,4040.568,96.54,98.022,96.367,97.817,650.41,647.358,651.354,650.198,88.008,99.898,3.414,7.063,3.073,0.635,0.303,0.222,3.019,14.208,11.583,21.3,NORMAL,0.0,-1.0,100.0
E001,T1-0000,909.0,260.13285,141,3763.782,-9.412,63.562,64.99,38.936,46.86,4038.877,96.592,98.158,97.094,98.041,650.521,648.15,652.252,650.838,87.944,99.999,3.411,7.058,3.052,0.666,0.301,0.221,2.998,14.147,11.242,21.297,NORMAL,0.0,-1.0,100.0
E001,T1-0000,910.0,260.13313,142,3763.829,-9.412,63.561,64.974,38.926,46.798,4039.943,96.263,98.027,97.179,98.283,650.463,647.624,650.02,649.378,88.051,99.85,3.418,7.059,3.051,0.664,0.306,0.219,2.973,14.196,11.429,21.3,NORMAL,0.0,-1.0,100.0
E001,T1-0000,911.0,260.1334,143,3763.879,-9.412,63.561,64.957,38.915,46.805,4041.462,96.256,97.869,97.312,98.946,649.882,647.743,650.437,648.342,87.827,99.758,3.415,7.061,3.049,0.666,0.304,0.221,2.97,14.189,11.575,21.303,NORMAL,0.0,-1.0,100.0
E001,T1-0000,912.0,260.13368,144,3763.933,-9.413,63.56,64.941,38.905,46.908,4047.118,96.073,97.869,96.981,98.29,648.45,647.744,649.474,647.265,88.055,99.851,3.422,7.073,3.059,0.656,0.303,0.219,2.969,14.206,11.4,21.314,NORMAL,0.0,-1.0,100.0
E001,T1-0000,913.0,260.13396,145,3763.99,-9.413,63.56,64.924,38.894,46.881,4047.494,95.922,97.292,97.428,97.768,649.117,649.775,647.161,647.17,88.123,99.949,3.422,7.073,3.044,0.667,0.3,0.219,2.983,14.203,11.392,21.315,NORMAL,0.0,-1.0,100.0
E001,T1-0000,914.0,260.13424,146,3764.05,-9.414,63.559,64.908,38.883,46.734,4041.856,95.579,97.266,97.86,97.614,648.284,650.12,646.374,649.071,87.998,99.962,3.421,7.058,3.047,0.651,0.306,0.218,2.946,14.212,11.405,21.305,NORMAL,0.0,-1.0,100.0
E001,T1-0000,915.0,260.13452,147,3764.114,-9.414,63.559,64.892,38.873,46.921,4044.118,95.653,96.923,97.868,97.562,648.345,649.31,646.086,650.707,88.109,99.932,3.413,7.062,3.047,0.635,0.308,0.216,2.906,14.19,11.641,21.309,NORMAL,0.0,-1.0,100.0
E001,T1-0000,916.0,260.13479,148,3764.181,-9.414,63.558,64.875,38.862,46.801,4042.262,95.316,96.636,97.67,98.398,647.734,652.177,647.211,650.571,87.929,99.905,3.421,7.057,3.033,0.623,0.317,0.22,2.839,14.245,11.224,21.306,NORMAL,0.0,-1.0,100.0
E001,T1-0000,917.0,260.13507,149,3764.251,-9.415,63.558,64.859,38.852,46.797,4037.44,95.388,96.487,97.599,98.633,649.334,649.279,649.213,650.898,88.087,99.965,3.41,7.044,3.043,0.637,0.31,0.218,2.833,14.213,11.363,21.297,NORMAL,0.0,-1.0,100.0
E001,T1-0000,918.0,260.13535,150,3764.324,-9.415,63.557,64.843,38.841,46.836,4037.791,94.994,96.74,97.906,98.319,649.12,650.097,647.909,649.93,88.008,100.055,3.416,7.044,3.046,0.653,0.309,0.217,2.884,14.232,11.102,21.298,NORMAL,0.0,-1.0,100.0
E001,T1-0000,919.0,260.13563,151,3764.401,-9.416,63.556,64.827,38.831,46.687,4035.773,95.567,96.861,97.553,99.029,647.667,647.649,648.652,651.058,88.112,99.827,3.409,7.038,3.05,0.641,0.307,0.219,2.951,14.192,11.307,21.295,NORMAL,0.0,-1.0,100.0
E001,T1-0000,920.0,260.1359,152,3764.481,-9.416,63.556,64.811,38.82,46.794,4039.142,95.511,97.041,97.404,99.19,649.453,647.537,648.64,652.703,88.168,99.936,3.415,7.045,3.059,0.628,0.306,0.217,2.97,14.199,11.32,21.302,NORMAL,0.0,-1.0,100.0
E001,T1-0000,921.0,260.13618,153,3764.564,-9.417,63.555,64.795,38.81,46.703,4033.215,95.628,96.973,97.078,99.945,650.153,647.043,647.002,650.234,88.079,99.835,3.414,7.029,3.046,0.618,0.306,0.215,2.968,14.181,11.24,21.291,NORMAL,0.0,-1.0,100.0
E001,T1-0000,922.0,260.13646,154,3764.651,-9.417,63.554,64.779,38.799,46.726,4040.295,95.834,96.811,96.614,100.157,647.613,645.356,649.765,649.701,88.132,99.886,3.417,7.045,3.06,0.61,0.301,0.217,2.963,14.195,11.506,21.305,NORMAL,0.0,-1.0,100.0
E001,T1-0000,923.0,260.13674,155,3764.741,-9.418,63.554,64.763,38.789,46.823,4035.263,95.508,97.435,97.13,99.968,645.456,645.629,651.4,648.285,88.003,99.938,3.416,7.032,3.043,0.611,0.307,0.218,2.911,14.221,11.222,21.295,NORMAL,0.0,-1.0,100.0
E001,T1-0000,924.0,260.13702,156,3764.834,-9.419,63.553,64.747,38.779,46.724,4035.84,95.683,97.691,96.881,100.279,645.654,643.718,650.521,646.175,87.968,99.905,3.413,7.032,3.051,0.617,0.305,0.219,2.952,14.202,11.121,21.297,NORMAL,0.0,-1.0,100.0
E001,T1-0000,925.0,260.13729,157,3764.931,-9.419,63.552,64.731,38.768,46.766,4032.582,95.762,97.47,96.862,100.101,646.786,646.66,648.364,649.074,88.073,99.839,3.414,7.023,3.054,0.631,0.309,0.217,2.918,14.188,11.4,21.291,NORMAL,0.0,-1.0,100.0
E001,T1-0000,926.0,260.13757,158,3765.03,-9.42,63.551,64.715,38.758,46.75,4030.083,95.89,98.038,96.27,100.328,646.189,650.584,646.334,649.725,87.991,99.905,3.411,7.016,3.06,0.633,0.323,0.222,2.978,14.213,11.334,21.287,NORMAL,0.0,-1.0,100.0
E001,T1-0000,927.0,260.13785,159,3765.133,-9.421,63.55,64.7,38.748,46.728,4031.665,95.608,97.539,96.721,100.498,645.173,651.596,649.138,649.798,88.073,99.788,3.407,7.019,3.058,0.625,0.318,0.226,3.023,14.198,10.987,21.29,NORMAL,0.0,-1.0,100.0
E001,T1-0000,928.0,260.13813,160,3765.24,-9.421,63.55,64.684,38.737,46.714,4031.201,95.775,97.708,97.468,100.925,647.624,650.604,648.536,646.208,88.097,99.821,3.417,7.016,3.037,0.623,0.311,0.224,3.017,14.143,11.559,21.29,NORMAL,0.0,-1.0,100.0
E001,T1-0000,929.0,260.1384,161,3765.349,-9.422,63.549,64.668,38.727,46.732,4027.282,96.021,97.786,97.437,101.111,647.996,653.275,646.687,644.27,88.185,99.846,3.4,7.005,3.048,0.647,0.306,0.223,3.079,14.226,11.295,21.283,NORMAL,0.0,-1.0,100.0
E001,T1-0000,930.0,260.13868,162,3765.462,-9.423,63.548,64.653,38.717,46.793,4026.142,96.638,97.676,97.632,100.747,647.767,651.601,649.617,649.596,88.108,99.972,3.411,7.002,3.073,0.636,0.303,0.226,3.087,14.163,10.946,21.281,NORMAL,0.0,-1.0,100.0
E001,T1-0000,931.0,260.13896,163,3765.578,-9.423,63.547,64.638,38.707,46.662,4026.515,96.947,97.522,98.541,100.796,648.889,651.955,649.037,649.587,88.082,99.836,3.409,7.001,3.059,0.641,0.299,0.224,3.115,14.217,11.248,21.282,NORMAL,0.0,-1.0,100.0
E001,T1-0000,932.0,260.13924,164,3765.698,-9.424,63.546,64.622,38.696,46.785,4025.772,97.273,97.65,99.005,100.764,649.152,650.225,650.394,649.244,88.117,99.782,3.404,6.999,3.059,0.674,0.299,0.222,3.065,14.164,11.515,21.281,NORMAL,0.0,-1.0,100.0
E001,T1-0000,933.0,260.13952,165,3765.821,-9.425,63.545,64.607,38.686,46.723,4026.854,96.825,97.678,98.994,100.769,651.483,653.45,649.8,649.265,88.206,99.833,3.409,7.0,3.044,0.672,0.297,0.223,3.041,14.214,10.957,21.283,NORMAL,0.0,-1.0,100.0
E001,T1-0000,934.0,260.13979,166,3765.947,-9.426,63.544,64.592,38.676,46.696,4027.922,97.099,97.93,99.034,100.514,651.508,652.665,651.976,644.785,88.207,99.805,3.408,7.001,3.066,0.669,0.297,0.223,3.033,14.214,11.084,21.286,NORMAL,0.0,-1.0,100.0
E001,T1-0000,935.0,260.14007,167,3766.076,-9.427,63.543,64.576,38.666,46.661,4029.901,96.737,98.29,98.852,101.146,650.457,652.711,649.596,650.017,88.116,99.825,3.411,7.005,3.073,0.662,0.302,0.222,2.981,14.24,11.255,21.29,NORMAL,0.0,-1.0,100.0
E001,T1-0000,936.0,260.14035,168,3766.208,-9.428,63.542,64.561,38.656,46.639,4029.22,96.814,98.63,98.641,101.144,648.392,651.782,652.575,649.484,88.016,99.756,3.401,7.002,3.044,0.642,0.307,0.221,2.976,14.211,11.003,21.289,NORMAL,0.0,-1.0,100.0
E001,T1-0000,937.0,260.14063,169,3766.344,-9.428,63.54,64.546,38.645,46.612,4030.736,96.681,98.418,98.596,101.102,647.583,651.657,651.984,651.033,88.105,99.801,3.407,7.005,3.054,0.665,0.304,0.225,3.033,14.226,10.943,21.292,NORMAL,0.0,-1.0,100.0
E001,T1-0000,938.0,260.1409,170,3766.483,-9.429,63.539,64.531,38.635,46.631,4027.675,96.949,98.651,98.406,101.513,649.138,649.886,651.242,649.353,87.831,99.835,3.404,6.996,3.044,0.676,0.31,0.227,3.016,14.203,10.864,21.286,NORMAL,0.0,-1.0,100.0
E001,T1-0000,939.0,260.14118,171,3766.625,-9.43,63.538,64.516,38.625,46.513,4032.04,97.089,97.703,99.099,101.081,648.949,650.343,651.82,647.935,87.985,99.813,3.415,7.006,3.051,0.691,0.311,0.224,3.051,14.186,10.905,21.295,NORMAL,0.0,-1.0,100.0
E001,T1-0000,940.0,260.14146,172,3766.77,-9.431,63.537,64.501,38.615,46.494,4029.429,96.594,97.522,98.784,101.054,650.162,648.31,651.706,645.115,88.127,99.856,3.406,6.998,3.039,0.664,0.308,0.224,3.095,14.228,10.947,21.29,NORMAL,0.0,-1.0,100.0
E001,T1-0000,941.0,260.14174,173,3766.919,-9.432,63.536,64.486,38.605,46.633,4031.622,96.929,97.811,99.252,101.563,647.892,648.332,650.48,646.703,88.011,99.813,3.415,7.002,3.057,0.658,0.303,0.225,3.1,14.198,10.982,21.295,NORMAL,0.0,-1.0,100.0
E001,T1-0000,942.0,260.14202,174,3767.071,-9.433,63.534,64.472,38.595,46.555,4032.1,96.273,97.978,99.538,101.561,651.048,647.834,649.614,645.866,87.925,100.023,3.409,7.002,3.055,0.655,0.299,0.225,3.079,14.203,11.057,21.296,NORMAL,0.0,-1.0,100.0
E001,T1-0000,943.0,260.14229,175,3767.226,-9.434,63.533,64.457,38.585,46.617,4028.118,96.533,98.517,99.666,101.698,652.259,648.115,650.107,648.398,87.948,99.82,3.405,6.992,3.058,0.647,0.297,0.227,3.051,14.186,10.839,21.289,NORMAL,0.0,-1.0,100.0
E001,T1-0000,944.0,260.14257,176,3767.384,-9.435,63.532,64.442,38.575,46.644,4025.423,96.82,99.186,99.645,101.54,648.679,648.165,647.045,649.871,88.007,99.835,3.411,6.984,3.046,0.631,0.298,0.225,3.036,14.189,10.871,21.284,NORMAL,0.0,-1.0,100.0
E001,T1-0000,945.0,260.14285,177,3767.546,-9.436,63.531,64.428,38.565,46.57,4024.764,97.049,98.798,100.187,101.296,647.32,646.054,647.401,651.521,87.907,99.865,3.408,6.981,3.079,0.646,0.295,0.223,3.063,14.188,10.632,21.283,NORMAL,0.0,-1.0,100.0
E001,T1-0000,946.0,260.14313,178,3767.711,-9.437,63.529,64.413,38.555,46.569,4023.818,96.994,98.995,99.631,101.368,647.693,644.849,646.233,648.6,88.076,99.835,3.408,6.978,3.052,0.649,0.298,0.22,3.039,14.219,10.688,21.282,NORMAL,0.0,-1.0,100.0
E001,T1-0000,947.0,260.1434,179,3767.879,-9.438,63.528,64.398,38.545,46.604,4022.525,97.13,98.743,99.725,101.923,646.994,643.576,644.876,647.088,88.123,99.821,3.41,6.974,3.049,0.655,0.301,0.223,3.026,14.206,10.589,21.28,NORMAL,0.0,-1.0,100.0
E001,T1-0000,948.0,260.14368,180,3768.05,-9.44,63.526,64.384,38.536,46.513,4024.384,97.1,98.335,99.298,101.976,648.534,644.714,645.251,649.281,88.076,99.737,3.407,6.977,3.063,0.653,0.299,0.225,2.991,14.195,10.889,21.284,NORMAL,0.0,-1.0,100.0
E001,T1-0000,949.0,260.14396,181,3768.224,-9.441,63.525,64.37,38.526,46.474,4023.92,96.834,97.883,98.73,102.302,646.163,645.571,648.736,644.806,88.123,99.763,3.41,6.975,3.041,0.648,0.303,0.225,3.091,14.198,11.115,21.283,NORMAL,0.0,-1.0,100.0
E001,T1-0000,950.0,260.14424,182,3768.402,-9.442,63.523,64.355,38.516,46.567,4025.164,96.739,98.412,98.598,102.718,648.113,646.434,649.38,645.808,88.099,99.843,3.409,6.977,3.061,0.635,0.309,0.225,3.116,14.223,10.83,21.286,NORMAL,0.0,-1.0,100.0
E001,T1-0000,951.0,260.14452,183,3768.583,-9.443,63.522,64.341,38.506,46.576,4023.642,96.575,98.189,98.182,102.624,651.627,649.806,644.707,645.141,88.114,99.866,3.404,6.972,3.047,0.645,0.308,0.223,3.101,14.209,10.872,21.283,NORMAL,0.0,-1.0,100.0
E001,T1-0000,952.0,260.14479,184,3768.767,-9.444,63.52,64.327,38.496,46.474,4017.906,96.891,97.941,98.437,102.9,649.398,650.336,647.228,644.384,87.927,99.897,3.409,6.957,3.064,0.639,0.318,0.221,3.135,14.218,10.759,21.273,NORMAL,0.0,-1.0,100.0
E001,T1-0000,953.0,260.14507,185,3768.954,-9.445,63.519,64.313,38.487,46.428,4018.254,96.959,97.884,99.11,102.863,648.021,651.235,646.831,645.16,88.118,99.855,3.397,6.957,3.035,0.631,0.31,0.222,3.133,14.229,10.847,21.274,NORMAL,0.0,-1.0,100.0
E001,T1-0000,954.0,260.14535,186,3769.144,-9.447,63.517,64.299,38.477,46.498,4016.671,97.806,97.395,99.156,102.579,647.04,652.278,648.12,646.651,88.202,99.81,3.403,6.952,3.063,0.629,0.311,0.219,3.127,14.18,10.585,21.271,NORMAL,0.0,-1.0,100.0
E001,T1-0000,955.0,260.14563,187,3769.337,-9.448,63.516,64.285,38.467,46.504,4019.851,98.183,97.658,98.504,102.804,646.419,651.298,650.95,648.556,88.106,99.863,3.407,6.958,3.048,0.622,0.317,0.22,3.16,14.207,10.767,21.278,NORMAL,0.0,-1.0,100.0
E001,T1-0000,956.0,260.1459,188,3769.534,-9.449,63.514,64.271,38.458,46.511,4022.379,98.437,97.24,97.917,102.69,647.163,650.444,652.866,649.431,88.042,99.816,3.411,6.963,3.066,0.616,0.314,0.22,3.127,14.195,10.923,21.283,NORMAL,0.0,-1.0,100.0
E001,T1-0000,957.0,260.14618,189,3769.734,-9.45,63.513,64.257,38.448,46.564,4019.231,98.465,96.97,98.026,102.765,646.099,649.426,649.664,651.023,88.128,99.857,3.401,6.955,3.056,0.611,0.307,0.218,3.097,14.204,10.836,21.277,NORMAL,0.0,-1.0,100.0
E001,T1-0000,958.0,260.14646,190,3769.937,-9.452,63.511,64.243,38.438,46.558,4020.034,98.622,97.666,98.304,103.223,646.184,652.227,649.921,647.789,88.192,99.784,3.411,6.955,3.052,0.627,0.303,0.216,3.149,14.199,10.916,21.279,NORMAL,0.0,-1.0,100.0
E001,T1-0000,959.0,260.14674,191,3770.143,-9.453,63.509,64.23,38.429,46.508,4023.43,98.255,97.613,97.598,103.549,648.251,647.266,648.21,648.787,88.25,99.816,3.406,6.962,3.047,0.621,0.298,0.216,3.182,14.225,11.006,21.286,NORMAL,0.0,-1.0,100.0
E001,T1-0000,960.0,260.14702,192,3770.352,-9.454,63.507,64.216,38.419,46.481,4015.512,98.083,97.986,98.114,103.164,645.899,646.17,647.627,647.206,88.052,99.801,3.404,6.942,3.07,0.647,0.296,0.214,3.131,14.21,10.874,21.271,NORMAL,0.0,-1.0,100.0
E001,T1-0000,961.0,260.14729,193,3770.564,-9.456,63.506,64.202,38.41,46.506,4022.081,97.853,98.003,98.678,103.395,648.46,646.218,651.094,647.872,88.231,99.751,3.411,6.957,3.044,0.635,0.296,0.215,3.076,14.205,10.715,21.284,NORMAL,0.0,-1.0,100.0
E001,T1-0000,962.0,260.14757,194,3770.78,-9.457,63.504,64.189,38.4,46.446,4017.538,97.465,97.939,99.012,103.302,648.04,646.825,648.062,650.085,88.229,99.708,3.404,6.945,3.06,0.653,0.295,0.216,3.047,14.201,10.574,21.275,NORMAL,0.0,-1.0,100.0
E001,T1-0000,963.0,260.14785,195,3770.998,-9.459,63.502,64.175,38.391,46.459,4015.625,97.221,98.151,99.815,102.645,647.508,645.388,647.707,652.319,88.247,99.783,3.403,6.939,3.048,0.67,0.298,0.215,3.041,14.194,10.787,21.272,NORMAL,0.0,-1.0,100.0
E001,T1-0000,964.0,260.14813,196,3771.22,-9.46,63.5,64.162,38.381,46.419,4020.558,97.379,98.007,99.315,102.684,648.44,645.98,648.709,648.767,88.087,99.707,3.399,6.95,3.036,0.651,0.296,0.217,3.048,14.19,10.623,21.282,NORMAL,0.0,-1.0,100.0
E001,T1-0000,965.0,260.1484,197,3771.445,-9.462,63.498,64.149,38.372,46.473,4015.556,97.711,97.88,99.365,102.141,647.817,643.33,649.433,651.486,88.118,99.761,3.411,6.937,3.045,0.635,0.295,0.223,3.015,14.234,10.747,21.273,NORMAL,0.0,-1.0,100.0
E001,T1-0000,966.0,260.14868,198,3771.673,-9.463,63.497,64.135,38.362,46.475,4019.549,98.223,97.845,99.293,102.132,647.915,644.361,649.336,648.782,88.264,99.742,3.406,6.945,3.04,0.629,0.298,0.22,3.077,14.225,10.587,21.281,NORMAL,0.0,-1.0,100.0
E001,T1-0000,967.0,260.14896,199,3771.904,-9.465,63.495,64.122,38.353,46.43,4019.856,97.98,97.877,99.169,101.61,646.605,645.522,646.462,648.948,88.161,99.762,3.407,6.945,3.039,0.66,0.296,0.219,3.058,14.209,10.499,21.282,NORMAL,0.0,-1.0,100.0
E001,T1-0000,968.0,260.14924,200,3772.138,-9.466,63.493,64.109,38.344,46.46,4011.675,97.652,98.058,99.776,101.902,647.899,644.612,646.514,647.773,88.233,99.846,3.404,6.924,3.056,0.654,0.294,0.22,3.059,14.188,10.803,21.266,NORMAL,0.0,-1.0,100.0
E001,T1-0000,969.0,260.14952,201,3772.375,-9.468,63.491,64.096,38.334,46.339,4010.706,97.52,98.299,99.977,101.401,648.165,646.88,645.536,646.898,88.229,99.723,3.398,6.921,3.057,0.651,0.3,0.219,3.046,14.264,10.72,21.265,NORMAL,0.0,-1.0,100.0
E001,T1-0000,970.0,260.14979,202,3772.615,-9.469,63.489,64.083,38.325,46.411,4011.712,97.121,98.259,99.654,101.423,649.577,647.039,644.054,648.989,88.334,99.764,3.398,6.922,3.059,0.65,0.298,0.219,3.025,14.194,10.683,21.267,NORMAL,0.0,-1.0,100.0
E001,T1-0000,971.0,260.15007,203,3772.859,-9.471,63.487,64.07,38.316,46.384,4008.888,97.262,98.46,99.98,101.541,647.708,646.649,647.664,646.28,88.357,99.857,3.401,6.914,3.06,0.641,0.302,0.227,3.037,14.186,10.69,21.262,NORMAL,0.0,-1.0,100.0
E001,T1-0000,972.0,260.15035,204,3773.105,-9.472,63.485,64.057,38.306,46.345,4007.759,97.306,98.602,99.168,102.022,649.351,646.157,648.05,644.296,88.37,99.769,3.403,6.911,3.076,0.633,0.302,0.229,3.028,14.208,10.752,21.26,NORMAL,0.0,-1.0,100.0
E001,T1-0000,973.0,260.15063,205,3773.354,-9.474,63.483,64.045,38.297,46.355,4011.835,96.96,98.767,99.572,102.077,648.723,647.241,646.723,644.011,88.464,99.703,3.41,6.919,3.056,0.636,0.304,0.234,3.072,14.187,10.794,21.268,NORMAL,0.0,-1.0,100.0
E001,T1-0000,974.0,260.1509,206,3773.607,-9.476,63.481,64.032,38.288,46.371,4014.464,96.567,98.785,98.848,101.828,651.079,648.836,646.892,645.059,88.317,99.747,3.397,6.924,3.031,0.668,0.303,0.229,3.01,14.209,10.326,21.274,NORMAL,0.0,-1.0,100.0
E001,T1-0000,975.0,260.15118,207,3773.862,-9.477,63.479,64.019,38.279,46.403,4010.384,96.375,98.636,98.93,102.201,651.089,646.648,648.355,646.225,88.172,99.789,3.398,6.914,3.063,0.67,0.301,0.226,3.03,14.228,10.645,21.266,NORMAL,0.0,-1.0,100.0
E001,T1-0000,976.0,260.15146,208,3774.121,-9.479,63.476,64.007,38.27,46.428,4010.929,96.721,98.245,98.525,101.053,652.574,647.734,649.773,647.556,88.313,99.798,3.401,6.914,3.03,0.655,0.306,0.223,3.049,14.196,10.543,21.267,NORMAL,0.0,-1.0,100.0
E001,T1-0000,977.0,260.15174,209,3774.383,-9.481,63.474,63.994,38.261,46.415,4006.994,96.757,98.987,98.645,100.35,650.777,650.976,650.425,645.781,88.134,99.878,3.4,6.904,3.048,0.652,0.304,0.23,3.037,14.216,10.538,21.26,NORMAL,0.0,-1.0,100.0
E001,T1-0000,978.0,260.15202,210,3774.647,-9.482,63.472,63.982,38.252,46.247,4010.701,96.655,98.67,98.339,100.333,649.021,648.391,647.17,644.687,88.297,99.777,3.402,6.911,3.048,0.65,0.3,0.225,3.036,14.22,10.674,21.268,NORMAL,0.0,-1.0,100.0
E001,T1-0000,979.0,260.15229,211,3774.915,-9.484,63.47,63.969,38.243,46.377,4011.822,97.311,98.923,98.512,100.593,650.095,648.634,645.615,646.801,88.306,99.804,3.398,6.913,3.05,0.646,0.303,0.23,3.008,14.178,10.598,21.27,NORMAL,0.0,-1.0,100.0
E001,T1-0000,980.0,260.15257,212,3775.186,-9.486,63.468,63.957,38.234,46.322,4004.084,97.049,99.024,98.445,100.409,646.946,647.373,644.487,649.138,88.329,99.754,3.395,6.894,3.062,0.63,0.304,0.227,3.02,14.192,10.534,21.256,NORMAL,0.0,-1.0,100.0
E001,T1-0000,981.0,260.15285,213,3775.459,-9.488,63.465,63.945,38.225,46.256,4001.291,97.298,99.216,98.804,100.889,644.167,647.871,645.993,646.175,88.345,99.75,3.394,6.886,3.028,0.619,0.307,0.224,2.938,14.224,10.741,21.251,NORMAL,0.0,-1.0,100.0
E001,T1-0000,982.0,260.15313,214,3775.736,-9.489,63.463,63.933,38.216,46.298,4003.907,97.298,99.377,98.823,100.683,644.235,649.418,650.246,647.628,88.362,99.693,3.394,6.891,3.075,0.619,0.303,0.224,2.944,14.245,10.536,21.256,NORMAL,0.0,-1.0,100.0
E001,T1-0000,983.0,260.1534,215,3776.016,-9.491,63.461,63.921,38.207,46.254,4004.538,97.499,99.21,99.105,100.533,646.854,648.289,652.537,647.323,88.28,99.837,3.39,6.891,3.049,0.632,0.31,0.223,2.937,14.194,10.508,21.258,NORMAL,0.0,-1.0,100.0
E001,T1-0000,984.0,260.15368,216,3776.298,-9.493,63.459,63.909,38.198,46.258,4006.135,97.316,98.899,99.337,100.713,645.063,649.158,649.597,650.531,88.326,99.832,3.397,6.894,3.049,0.633,0.307,0.223,2.959,14.2,10.405,21.261,NORMAL,0.0,-1.0,100.0
E001,T1-0000,985.0,260.15396,217,3776.584,-9.495,63.456,63.897,38.189,46.272,4006.166,97.327,98.962,99.257,100.883,646.095,650.375,650.086,650.648,88.352,99.774,3.399,6.893,3.063,0.634,0.307,0.229,3.01,14.19,10.471,21.261,NORMAL,0.0,-1.0,100.0
E001,T1-0000,986.0,260.15424,218,3776.872,-9.497,63.454,63.885,38.18,46.217,4003.199,97.223,98.336,99.659,101.258,644.377,652.758,648.964,649.081,88.403,99.9,3.394,6.885,3.065,0.642,0.303,0.231,3.013,14.173,10.319,21.256,NORMAL,0.0,-1.0,100.0
E001,T1-0000,987.0,260.15452,219,3777.164,-9.499,63.451,63.873,38.171,46.286,4001.067,96.481,98.759,99.877,101.601,649.18,650.078,648.925,644.867,88.28,99.835,3.396,6.879,3.03,0.628,0.299,0.227,3.048,14.204,10.521,21.252,NORMAL,0.0,-1.0,100.0
E001,T1-0000,988.0,260.15479,220,3777.458,-9.501,63.449,63.861,38.163,46.229,4007.493,96.27,99.097,100.001,101.95,647.665,644.811,645.333,645.259,88.255,99.903,3.402,6.893,3.036,0.641,0.297,0.235,3.06,14.22,10.515,21.265,NORMAL,0.0,-1.0,100.0
E001,T1-0000,989.0,260.15507,221,3777.756,-9.503,63.447,63.85,38.154,46.292,4009.753,95.798,99.547,100.271,102.128,647.952,646.043,646.56,647.962,87.941,99.874,3.389,6.898,3.05,0.651,0.295,0.23,3.029,14.175,10.239,21.269,NORMAL,0.0,-1.0,100.0
E001,T1-0000,990.0,260.15535,222,3778.056,-9.505,63.444,63.838,38.145,46.145,4013.52,96.247,98.998,100.481,102.379,648.153,648.961,646.823,648.063,88.075,99.818,3.402,6.906,3.049,0.634,0.293,0.227,3.008,14.19,10.324,21.277,NORMAL,0.0,-1.0,100.0
E001,T1-0000,991.0,260.15563,223,3778.359,-9.507,63.442,63.827,38.136,46.278,4012.519,96.144,99.099,100.979,102.731,647.146,649.903,649.066,646.036,88.126,99.735,3.399,6.903,3.067,0.638,0.3,0.227,2.996,14.178,10.402,21.275,NORMAL,0.0,-1.0,100.0
E001,T1-0000,992.0,260.1559,224,3778.665,-9.509,63.439,63.815,38.128,46.265,4007.868,96.84,98.471,100.763,103.241,646.904,648.209,651.174,644.982,88.112,99.766,3.401,6.891,3.04,0.635,0.298,0.225,3.008,14.201,10.511,21.267,NORMAL,0.0,-1.0,100.0
E001,T1-0000,993.0,260.15618,225,3778.974,-9.511,63.437,63.804,38.119,46.249,4002.952,96.869,98.149,100.686,102.728,647.205,649.151,648.419,645.343,88.16,99.852,3.392,6.878,3.037,0.647,0.297,0.225,3.037,14.213,10.232,21.258,NORMAL,0.0,-1.0,100.0
E001,T1-0000,994.0,260.15646,226,3779.286,-9.513,63.434,63.792,38.111,46.172,4005.339,96.927,98.207,100.496,102.365,647.161,649.363,648.984,646.172,88.145,99.775,3.402,6.882,3.049,0.635,0.296,0.222,3.028,14.214,10.321,21.262,NORMAL,0.0,-1.0,100.0
E001,T1-0000,995.0,260.15674,227,3779.601,-9.515,63.431,63.781,38.102,46.096,3999.067,96.778,98.516,100.401,102.376,647.919,647.042,649.776,647.067,88.044,99.744,3.401,6.867,3.047,0.638,0.304,0.222,3.035,14.225,10.423,21.251,NORMAL,0.0,-1.0,100.0
E001,T1-0000,996.0,260.15702,228,3779.919,-9.517,63.429,63.77,38.094,46.2,4002.66,96.347,99.031,100.488,102.426,647.855,647.253,651.241,646.651,88.244,99.741,3.386,6.874,3.048,0.64,0.301,0.223,2.972,14.207,10.303,21.258,NORMAL,0.0,-1.0,100.0
E001,T1-0000,997.0,260.15729,229,3780.239,-9.519,63.426,63.759,38.085,46.135,4006.592,96.543,99.011,100.483,102.303,646.3,648.955,652.868,643.377,88.155,99.745,3.391,6.882,3.049,0.638,0.299,0.225,3.007,14.233,10.45,21.266,NORMAL,0.0,-1.0,100.0
E001,T1-0000,998.0,260.15757,230,3780.563,-9.521,63.423,63.748,38.077,46.255,4009.302,95.85,98.926,100.133,101.811,646.586,648.324,651.094,646.339,88.188,99.684,3.398,6.888,3.034,0.632,0.301,0.224,3.013,14.206,10.352,21.271,NORMAL,0.0,-1.0,100.0
E001,T1-0000,999.0,260.15785,231,3780.889,-9.523,63.421,63.737,38.068,46.143,4007.617,96.092,98.598,100.067,101.346,647.563,648.978,650.102,646.689,88.104,99.699,3.403,6.883,3.051,0.636,0.297,0.227,3.012,14.186,10.427,21.268,NORMAL,0.0,-1.0,100.0
E001,T1-0000,1000.0,260.15813,232,3781.218,-9.525,63.418,63.726,38.06,46.167,4003.811,96.35,98.387,99.872,100.958,646.315,650.205,650.288,648.001,88.303,99.75,3.394,6.873,3.048,0.645,0.296,0.226,3.006,14.181,10.371,21.261,NORMAL,0.0,-1.0,100.0
E001,T1-0000,1001.0,260.1584,233,3781.55,-9.527,63.415,63.715,38.051,46.172,3996.88,96.64,97.95,99.797,101.026,648.267,647.746,647.672,650.013,88.163,99.746,3.396,6.855,3.066,0.666,0.3,0.225,2.966,14.209,10.189,21.248,NORMAL,0.0,-1.0,100.0
E001,T1-0000,1002.0,260.15868,234,3781.885,-9.529,63.413,63.705,38.043,46.157,3998.335,97.066,97.668,100.069,101.07,645.109,646.297,649.232,649.149,88.185,99.845,3.395,6.858,3.073,0.658,0.298,0.223,2.936,14.185,10.342,21.252,NORMAL,0.0,-1.0,100.0
E001,T1-0000,1003.0,260.15896,235,3782.222,-9.532,63.41,63.694,38.035,46.091,3998.25,97.418,97.932,100.548,100.911,645.215,649.746,650.353,647.876,88.083,99.698,3.392,6.857,3.045,0.658,0.295,0.223,2.964,14.161,10.078,21.252,NORMAL,0.0,-1.0,100.0
E001,T1-0000,1004.0,260.15924,236,3782.563,-9.534,63.407,63.684,38.027,46.184,3996.186,97.637,97.84,100.021,100.434,645.176,648.637,645.33,645.062,88.291,99.883,3.391,6.851,3.052,0.675,0.295,0.221,2.932,14.225,10.194,21.248,NORMAL,0.0,-1.0,100.0
E001,T1-0000,1005.0,260.15952,237,3782.906,-9.536,63.404,63.673,38.018,46.145,4000.443,98.175,98.059,100.036,100.683,646.478,646.984,644.719,644.773,88.16,99.859,3.389,6.86,3.061,0.659,0.295,0.222,2.98,14.18,10.215,21.256,NORMAL,0.0,-1.0,100.0
E001,T1-0000,1006.0,260.15979,238,3783.252,-9.538,63.401,63.663,38.01,46.125,4000.791,97.885,97.735,100.187,100.393,647.48,646.951,646.514,645.124,88.227,99.908,3.401,6.86,3.054,0.654,0.298,0.222,2.966,14.215,9.77,21.257,NORMAL,0.0,-1.0,100.0
E001,T1-0000,1007.0,260.16007,239,3783.601,-9.541,63.398,63.652,38.002,46.144,4001.663,98.023,97.598,100.562,101.071,647.476,646.325,647.45,644.441,88.215,99.798,3.4,6.861,3.053,0.665,0.297,0.221,2.952,14.194,9.92,21.259,NORMAL,0.0,-1.0,100.0
E001,T1-0000,1008.0,260.16035,240,3783.952,-9.543,63.396,63.642,37.994,46.13,4003.688,97.804,97.917,100.37,101.199,647.681,646.486,646.375,644.87,88.206,99.77,3.39,6.864,3.024,0.68,0.294,0.222,2.941,14.194,10.484,21.263,NORMAL,0.0,-1.0,100.0
E001,T1-0000,1009.0,260.16063,241,3784.306,-9.545,63.393,63.632,37.986,46.143,3997.086,97.742,96.963,100.15,100.955,644.91,647.591,645.399,644.953,88.089,99.667,3.388,6.848,3.063,0.669,0.298,0.221,2.946,14.174,10.053,21.251,NORMAL,0.0,-1.0,100.0
E001,T1-0000,1010.0,260.1609,242,3784.663,-9.548,63.39,63.622,37.978,46.041,3998.891,98.85,96.932,99.837,100.644,647.369,645.666,644.373,646.114,88.224,99.721,3.388,6.851,3.064,0.657,0.297,0.224,2.857,14.219,9.934,21.255,NORMAL,0.0,-1.0,100.0
E001,T1-0000,1011.0,260.16118,243,3785.023,-9.55,63.387,63.612,37.97,46.055,4001.954,99.268,97.299,99.946,101.01,648.668,644.211,644.278,647.68,88.171,99.768,3.398,6.858,3.052,0.655,0.296,0.222,2.885,14.162,9.891,21.261,NORMAL,0.0,-1.0,100.0
E001,T1-0000,1012.0,260.16146,244,3785.386,-9.552,63.384,63.602,37.962,46.206,3999.458,99.437,97.337,100.316,101.126,647.507,643.567,643.731,649.908,88.138,99.814,3.399,6.851,3.068,0.648,0.295,0.221,2.921,14.215,9.863,21.257,NORMAL,0.0,-1.0,100.0
E001,T1-0000,1013.0,260.16174,245,3785.751,-9.555,63.381,63.592,37.954,46.116,3995.115,98.885,97.153,100.648,101.882,647.512,641.716,644.699,648.526,88.104,99.644,3.397,6.84,3.037,0.642,0.295,0.223,2.93,14.184,10.135,21.249,NORMAL,0.0,-1.0,100.0
E001,T1-0000,1014.0,260.16202,246,3786.119,-9.557,63.378,63.582,37.946,46.062,3994.68,98.436,97.609,100.515,101.544,646.458,641.053,645.183,649.221,88.077,99.7,3.393,6.838,3.07,0.648,0.294,0.222,2.928,14.225,10.27,21.248,NORMAL,0.0,-1.0,100.0
E001,T1-0000,1015.0,260.16229,247,3786.489,-9.559,63.375,63.572,37.938,46.029,3992.901,97.902,97.781,100.343,101.009,649.678,639.799,644.409,650.474,88.184,99.772,3.393,6.833,3.06,0.632,0.293,0.222,2.954,14.225,10.022,21.245,NORMAL,0.0,-1.0,100.0
E001,T1-0000,1016.0,260.16257,248,3786.863,-9.562,63.372,63.563,37.93,46.01,3999.397,98.522,98.289,100.087,100.939,648.597,639.9,647.884,651.659,88.158,99.765,3.39,6.847,3.037,0.624,0.3,0.223,2.949,14.186,10.26,21.258,NORMAL,0.0,-1.0,100.0
E001,T1-0000,1017.0,260.16285,249,3787.239,-9.564,63.369,63.553,37.922,46.188,4000.188,98.17,98.28,100.116,100.907,650.214,637.711,647.901,649.405,88.302,99.659,3.399,6.848,3.043,0.637,0.301,0.221,2.94,14.221,10.387,21.259,NORMAL,0.0,-1.0,100.0
E001,T1-0000,1018.0,260.16313,250,3787.617,-9.567,63.365,63.544,37.915,46.122,3996.396,98.211,97.951,100.153,100.842,651.322,642.509,646.852,648.355,88.136,99.815,3.394,6.838,3.039,0.625,0.304,0.221,3.0,14.213,9.96,21.252,NORMAL,0.0,-1.0,100.0
E001,T1-0000,1019.0,260.1634,251,3787.999,-9.569,63.362,63.534,37.907,46.095,3995.26,97.864,97.568,100.999,100.711,650.329,647.075,647.509,645.316,88.011,99.722,3.392,6.834,3.059,0.623,0.302,0.219,3.003,14.21,9.968,21.25,NORMAL,0.0,-1.0,100.0
E001,T1-0000,1020.0,260.16368,252,3788.383,-9.572,63.359,63.525,37.899,46.063,3994.263,97.101,97.209,101.481,100.864,647.542,645.267,647.788,644.453,88.104,99.756,3.399,6.831,3.059,0.634,0.302,0.224,3.01,14.172,10.117,21.249,NORMAL,0.0,-1.0,100.0
E001,T1-0000,1021.0,260.16396,253,3788.769,-9.574,63.356,63.516,37.892,46.071,3991.417,96.771,96.923,101.938,101.609,649.598,643.475,644.948,643.414,88.236,99.782,3.387,6.824,3.041,0.634,0.3,0.221,3.066,14.207,9.941,21.244,NORMAL,0.0,-1.0,100.0
E001,T1-0000,1022.0,260.16424,254,3789.158,-9.577,63.353,63.507,37.884,46.049,3993.353,96.825,96.846,102.093,102.059,647.298,643.701,647.792,644.673,88.198,99.7,3.392,6.827,3.059,0.648,0.301,0.223,3.06,14.195,9.821,21.248,NORMAL,0.0,-1.0,100.0
E001,T1-0000,1023.0,260.16452,255,3789.55,-9.579,63.35,63.498,37.876,45.945,3988.743,96.694,96.403,101.777,101.883,643.891,643.244,648.537,645.109,88.312,99.766,3.385,6.815,3.035,0.637,0.297,0.221,3.116,14.232,9.728,21.239,NORMAL,0.0,-1.0,100.0
E001,T1-0000,1024.0,260.16479,0,3789.944,-9.582,63.346,63.489,37.869,45.931,3991.795,97.004,96.395,101.893,102.061,644.244,645.412,650.335,643.221,88.265,99.778,3.386,6.822,3.049,0.623,0.298,0.22,3.165,14.215,9.782,21.245,NORMAL,0.0,-1.0,100.0
E001,T1-0000,1025.0,260.16507,1,3790.341,-9.584,63.343,63.48,37.861,45.865,3997.945,97.466,96.401,101.557,102.606,644.799,645.909,648.081,646.356,88.15,99.66,3.401,6.835,3.042,0.623,0.298,0.226,3.139,14.148,10.04,21.257,NORMAL,0.0,-1.0,100.0
E001,T1-0000,1026.0,260.16535,2,3790.741,-9.587,63.34,63.471,37.854,46.016,3989.431,97.492,96.707,101.304,102.419,647.569,645.069,650.309,645.312,88.196,99.693,3.386,6.814,3.055,0.631,0.298,0.223,3.055,14.2,9.882,21.241,NORMAL,0.0,-1.0,100.0
E001,T1-0000,1027.0,260.16563,3,3791.143,-9.59,63.337,63.462,37.846,45.99,3987.077,97.761,96.573,101.251,102.367,648.354,644.842,647.531,646.319,88.302,99.81,3.389,6.808,3.067,0.628,0.295,0.222,3.047,14.206,9.782,21.237,NORMAL,0.0,-1.0,100.0
E001,T1-0000,1028.0,260.1659,4,3791.548,-9.592,63.333,63.453,37.839,45.95,3987.547,97.366,96.74,100.536,102.399,646.893,645.505,647.285,647.696,88.093,99.68,3.386,6.808,3.058,0.63,0.294,0.224,3.128,14.161,9.707,21.238,NORMAL,0.0,-1.0,100.0
E001,T1-0000,1029.0,260.16618,5,3791.955,-9.595,63.33,63.445,37.832,45.937,3990.108,97.159,97.272,100.685,102.44,645.363,645.339,646.528,646.294,88.302,99.711,3.39,6.813,3.031,0.635,0.297,0.226,3.072,14.205,9.663,21.243,NORMAL,0.0,-1.0,100.0
E001,T1-0000,1030.0,260.16646,6,3792.365,-9.598,63.326,63.436,37.824,45.967,3995.146,97.236,97.569,101.085,102.175,647.207,646.481,647.321,646.577,88.213,99.868,3.39,6.824,3.041,0.641,0.298,0.225,3.057,14.171,10.013,21.253,NORMAL,0.0,-1.0,100.0
E001,T1-0000,1031.0,260.16674,7,3792.777,-9.6,63.323,63.428,37.817,45.931,3991.891,97.145,97.574,101.148,102.459,647.438,645.37,648.22,646.631,88.219,99.77,3.392,6.815,3.036,0.632,0.3,0.222,3.048,14.191,9.708,21.247,NORMAL,0.0,-1.0,100.0
E001,T1-0000,1032.0,260.16702,8,3793.192,-9.603,63.32,63.419,37.81,45.999,3987.741,97.08,97.322,101.249,102.047,648.041,644.627,648.989,643.305,88.376,99.757,3.402,6.805,3.044,0.63,0.302,0.228,3.033,14.213,9.705,21.24,NORMAL,0.0,-1.0,100.0
E001,T1-0000,1033.0,260.16729,9,3793.609,-9.606,63.316,63.411,37.803,45.892,3984.264,97.172,97.628,100.971,102.282,646.434,645.785,649.566,646.271,88.398,99.782,3.385,6.796,3.052,0.647,0.309,0.225,3.02,14.211,9.801,21.233,NORMAL,0.0,-1.0,100.0
E001,T1-0000,1034.0,260.16757,10,3794.029,-9.608,63.313,63.403,37.795,45.945,3988.028,96.836,97.766,100.73,102.663,645.384,646.09,649.986,646.244,88.354,99.627,3.396,6.804,3.073,0.636,0.306,0.222,2.993,14.187,9.897,21.241,NORMAL,0.0,-1.0,100.0
E001,T1-0000,1035.0,260.16785,11,3794.451,-9.611,63.309,63.394,37.788,45.908,3987.62,96.647,97.791,100.789,102.455,645.271,646.612,647.111,645.471,88.261,99.762,3.386,6.802,3.049,0.623,0.306,0.225,2.981,14.222,9.563,21.24,NORMAL,0.0,-1.0,100.0
E001,T1-0000,1036.0,260.16813,12,3794.876,-9.614,63.306,63.386,37.781,45.971,3983.345,96.68,97.868,100.68,103.15,642.388,646.097,643.176,643.636,88.339,99.628,3.392,6.791,3.076,0.622,0.306,0.222,3.013,14.171,9.891,21.232,NORMAL,0.0,-1.0,100.0
E001,T1-0000,1037.0,260.1684,13,3795.303,-9.617,63.302,63.378,37.774,45.864,3990.365,96.562,97.952,100.628,102.919,643.114,647.556,643.007,645.769,88.354,99.745,3.386,6.806,3.063,0.614,0.301,0.222,2.97,14.189,9.787,21.246,NORMAL,0.0,-1.0,100.0
E001,T1-0000,1038.0,260.16868,14,3795.733,-9.619,63.299,63.371,37.767,45.953,3993.287,96.4,97.854,100.604,102.436,642.629,647.584,644.848,643.819,88.418,99.627,3.394,6.812,3.062,0.612,0.302,0.221,2.996,14.19,9.798,21.252,NORMAL,0.0,-1.0,100.0
E001,T1-0000,1039.0,260.16896,15,3796.165,-9.622,63.295,63.363,37.76,45.885,3992.247,96.4,98.492,99.994,102.101,644.785,649.511,646.076,643.263,88.277,99.779,3.389,6.809,3.04,0.614,0.303,0.221,3.065,14.22,9.909,21.25,NORMAL,0.0,-1.0,100.0
E001,T1-0000,1040.0,260.16924,16,3796.6,-9.625,63.292,63.355,37.753,45.888,3985.172,96.056,98.467,100.088,102.138,645.754,645.888,645.826,644.017,88.132,99.742,3.385,6.792,3.038,0.607,0.301,0.223,2.997,14.23,9.644,21.237,NORMAL,0.0,-1.0,100.0
E001,T1-0000,1041.0,260.16952,17,3797.036,-9.628,63.288,63.347,37.746,45.971,3989.904,96.266,97.697,100.621,102.431,644.333,646.016,643.716,643.497,88.227,99.718,3.39,6.802,3.074,0.618,0.298,0.226,3.005,14.194,9.606,21.246,NORMAL,0.0,-1.0,100.0
E001,T1-0000,1042.0,260.16979,18,3797.476,-9.631,63.285,63.34,37.739,45.842,3991.207,97.003,97.505,100.373,102.197,642.097,646.776,642.001,642.523,88.236,99.74,3.385,6.805,3.044,0.613,0.297,0.225,3.07,14.181,9.593,21.249,NORMAL,0.0,-1.0,100.0
E001,T1-0000,1043.0,260.17007,19,3797.917,-9.634,63.281,63.332,37.733,45.871,3983.736,96.727,97.946,99.926,101.694,645.466,650.625,640.854,642.905,88.038,99.697,3.39,6.786,3.054,0.636,0.297,0.224,3.069,14.202,10.018,21.235,NORMAL,0.0,-1.0,100.0
E001,T1-0000,1044.0,260.17035,20,3798.362,-9.637,63.277,63.325,37.726,45.902,3988.096,95.932,98.517,100.151,101.968,647.355,649.618,642.194,647.343,88.121,99.721,3.392,6.796,3.045,0.638,0.299,0.224,3.024,14.229,9.649,21.243,NORMAL,0.0,-1.0,100.0
E001,T1-0000,1045.0,260.17063,21,3798.808,-9.639,63.274,63.317,37.719,45.82,3988.766,95.707,98.545,100.054,102.532,646.914,645.976,646.01,647.05,88.05,99.773,3.394,6.796,3.053,0.626,0.296,0.222,3.04,14.242,9.807,21.245,NORMAL,0.0,-1.0,100.0
E001,T1-0000,1046.0,260.1709,22,3799.257,-9.642,63.27,63.31,37.712,45.908,3988.108,95.707,98.592,99.738,102.235,645.8,646.617,644.694,645.256,88.079,99.741,3.393,6.794,3.049,0.645,0.298,0.226,3.074,14.213,9.605,21.244,NORMAL,0.0,-1.0,100.0
E001,T1-0000,1047.0,260.17118,23,3799.708,-9.645,63.266,63.303,37.706,45.93,3985.734,96.067,98.103,99.407,101.77,648.182,645.08,645.165,644.772,88.027,99.675,3.389,6.788,3.06,0.63,0.306,0.225,3.098,14.168,9.72,21.239,NORMAL,0.0,-1.0,100.0
E001,T1-0000,1048.0,260.17146,24,3800.161,-9.648,63.263,63.296,37.699,45.821,3984.388,96.227,98.171,99.268,101.99,647.621,644.712,644.354,647.429,88.002,99.77,3.389,6.784,3.062,0.64,0.307,0.227,3.153,14.221,9.765,21.237,NORMAL,0.0,-1.0,100.0
E001,T1-0000,1049.0,260.17174,25,3800.617,-9.651,63.259,63.289,37.693,45.832,3987.202,96.896,98.302,98.964,101.72,647.733,647.396,648.055,644.553,88.091,99.792,3.391,6.79,3.052,0.649,0.301,0.229,3.109,14.224,9.677,21.243,NORMAL,0.0,-1.0,100.0
E001,T1-0000,1050.0,260.17202,26,3801.075,-9.654,63.255,63.282,37.686,45.796,3986.519,96.77,98.4,98.645,101.672,648.346,647.411,646.374,646.144,88.086,99.769,3.383,6.787,3.046,0.649,0.299,0.235,3.08,14.181,9.497,21.242,NORMAL,0.0,-1.0,100.0
E001,T1-0000,1051.0,260.17229,27,3801.535,-9.657,63.251,63.275,37.68,45.843,3983.162,96.284,98.932,99.125,101.677,647.966,644.089,645.339,647.313,88.072,99.701,3.382,6.779,3.069,0.639,0.299,0.231,3.058,14.173,9.775,21.235,NORMAL,0.0,-1.0,100.0
E001,T1-0000,1052.0,260.17257,28,3801.998,-9.66,63.247,63.268,37.673,45.914,3982.797,96.569,99.043,98.869,101.827,648.9,642.66,647.262,646.052,87.907,99.723,3.387,6.777,3.045,0.635,0.299,0.23,3.021,14.197,9.367,21.235,NORMAL,0.0,-1.0,100.0
E001,T1-0000,1053.0,260.17285,29,3802.463,-9.663,63.244,63.262,37.667,45.826,3978.067,97.021,98.918,98.272,101.727,648.098,643.201,642.522,646.108,87.829,99.69,3.385,6.765,3.06,0.627,0.299,0.226,3.06,14.185,9.675,21.226,NORMAL,0.0,-1.0,100.0
E001,T1-0000,1054.0,260.17313,30,3802.93,-9.666,63.24,63.255,37.66,45.816,3985.16,97.39,98.69,98.758,101.43,648.431,643.687,643.001,646.949,88.033,99.642,3.394,6.781,3.042,0.638,0.301,0.223,3.062,14.214,9.625,21.24,NORMAL,0.0,-1.0,100.0
E001,T1-0000,1055.0,260.1734,31,3803.399,-9.669,63.236,63.248,37.654,45.821,3985.13,97.248,98.85,98.363,101.252,646.164,642.079,642.366,647.489,88.242,99.749,3.383,6.78,3.041,0.638,0.301,0.221,3.049,14.207,9.691,21.24,NORMAL,0.0,-1.0,100.0
E001,T1-0000,1056.0,260.17368,32,3803.87,-9.672,63.232,63.242,37.648,45.755,3981.87,97.022,99.524,98.197,101.856,645.654,644.209,638.624,650.043,88.129,99.486,3.396,6.772,3.054,0.636,0.304,0.221,3.055,14.205,9.631,21.234,NORMAL,0.0,-1.0,100.0
E001,T1-0000,1057.0,260.17396,33,3804.344,-9.675,63.228,63.236,37.641,45.825,3982.056,97.004,99.366,97.778,101.528,643.283,643.62,638.365,645.881,88.109,99.617,3.385,6.771,3.044,0.667,0.299,0.224,3.026,14.208,9.456,21.235,NORMAL,0.0,-1.0,100.0
E001,T1-0000,1058.0,260.17424,34,3804.82,-9.679,63.224,63.229,37.635,45.683,3980.751,96.949,98.788,98.081,101.616,640.631,641.426,638.852,646.777,87.993,99.682,3.392,6.767,3.075,0.667,0.314,0.227,3.036,14.209,9.353,21.232,NORMAL,0.0,-1.0,100.0
E001,T1-0000,1059.0,260.17452,35,3805.298,-9.682,63.22,63.223,37.629,45.865,3983.491,95.804,98.638,98.197,101.852,641.497,642.465,641.452,647.019,88.178,99.65,3.387,6.773,3.054,0.649,0.312,0.224,3.004,14.166,9.577,21.238,NORMAL,0.0,-1.0,100.0
E001,T1-0000,1060.0,260.17479,36,3805.778,-9.685,63.216,63.217,37.623,45.802,3977.597,95.461,98.773,98.289,101.493,642.506,644.327,641.748,646.888,88.37,99.889,3.387,6.758,3.049,0.651,0.312,0.223,2.976,14.201,9.332,21.227,NORMAL,0.0,-1.0,100.0
E001,T1-0000,1061.0,260.17507,37,3806.261,-9.688,63.212,63.211,37.617,45.822,3975.895,95.437,98.798,98.301,102.141,643.45,642.405,642.737,646.624,88.151,99.687,3.389,6.753,3.043,0.648,0.308,0.228,2.969,14.214,9.748,21.224,NORMAL,0.0,-1.0,100.0
E001,T1-0000,1062.0,260.17535,38,3806.745,-9.691,63.209,63.205,37.611,45.764,3974.885,94.922,99.083,98.412,101.862,643.139,643.386,642.372,644.995,88.072,99.742,3.383,6.75,3.064,0.637,0.304,0.233,2.992,14.186,9.421,21.222,NORMAL,0.0,-1.0,100.0
E001,T1-0000,1063.0,260.17563,39,3807.232,-9.694,63.205,63.199,37.605,45.722,3979.426,94.749,98.487,98.168,101.441,644.931,641.145,645.685,644.948,88.214,99.742,3.384,6.76,3.04,0.632,0.313,0.23,2.996,14.206,9.767,21.231,NORMAL,0.0,-1.0,100.0
E001,T1-0000,1064.0,260.1759,40,3807.721,-9.697,63.201,63.193,37.599,45.745,3980.571,94.919,97.816,98.232,101.306,644.847,645.815,644.298,643.251,88.162,99.715,3.39,6.762,3.069,0.619,0.311,0.228,3.006,14.204,8.991,21.233,NORMAL,0.0,-1.0,100.0
E001,T1-0000,1065.0,260.17618,41,3808.212,-9.701,63.196,63.188,37.593,45.729,3979.916,95.151,97.69,98.382,100.921,644.305,646.688,644.175,643.988,88.198,99.642,3.383,6.76,3.035,0.614,0.305,0.225,2.99,14.193,9.305,21.232,NORMAL,0.0,-1.0,100.0
E001,T1-0000,1066.0,260.17646,42,3808.705,-9.704,63.192,63.182,37.587,45.678,3978.358,95.095,97.826,98.351,100.524,643.151,648.041,645.058,645.954,88.262,99.728,3.385,6.755,3.055,0.636,0.306,0.223,2.997,14.204,9.119,21.23,NORMAL,0.0,-1.0,100.0
E001,T1-0000,1067.0,260.17674,43,3809.2,-9.707,63.188,63.177,37.581,45.779,3976.164,94.736,97.722,98.303,100.624,642.248,646.145,644.085,645.278,88.107,99.542,3.385,6.75,3.058,0.643,0.307,0.221,2.999,14.202,9.234,21.226,NORMAL,0.0,-1.0,100.0
E001,T1-0000,1068.0,260.17702,44,3809.697,-9.71,63.184,63.171,37.575,45.751,3981.923,94.869,98.1,97.9,100.3,643.447,644.554,644.498,644.847,88.188,99.588,3.384,6.762,3.07,0.629,0.304,0.219,3.008,14.212,9.531,21.237,NORMAL,0.0,-1.0,100.0
E001,T1-0000,1069.0,260.17729,45,3810.196,-9.713,63.18,63.166,37.57,45.776,3980.519,94.4,98.015,97.86,100.312,643.244,644.29,644.938,643.683,88.115,99.606,3.39,6.758,3.07,0.632,0.299,0.221,3.053,14.215,9.106,21.234,NORMAL,0.0,-1.0,100.0
E001,T1-0000,1070.0,260.17757,46,3810.697,-9.717,63.176,63.16,37.564,45.675,3981.939,94.491,97.972,97.964,100.449,642.883,647.78,646.795,645.326,88.215,99.665,3.393,6.761,3.037,0.633,0.302,0.219,3.05,14.192,9.313,21.237,NORMAL,0.0,-1.0,100.0
E001,T1-0000,1071.0,260.17785,47,3811.2,-9.72,63.172,63.155,37.558,45.75,3978.648,94.37,98.365,98.834,99.926,643.028,643.936,645.645,642.171,88.192,99.58,3.38,6.753,3.05,0.662,0.303,0.222,3.041,14.215,9.342,21.231,NORMAL,0.0,-1.0,100.0
E001,T1-0000,1072.0,260.17813,48,3811.705,-9.723,63.168,63.15,37.553,45.675,3981.049,94.268,98.57,98.656,99.623,645.078,644.154,644.514,643.76,88.156,99.652,3.395,6.758,3.05,0.662,0.312,0.224,3.046,14.229,9.352,21.236,NORMAL,0.0,-1.0,100.0
E001,T1-0000,1073.0,260.1784,49,3812.213,-9.727,63.164,63.145,37.547,45.728,3976.556,94.301,98.436,98.468,100.213,644.533,645.019,646.027,645.293,88.132,99.557,3.383,6.746,3.047,0.641,0.31,0.225,2.994,14.208,9.413,21.228,NORMAL,0.0,-1.0,100.0
E001,T1-0000,1074.0,260.17868,50,3812.722,-9.73,63.16,63.14,37.541,45.662,3975.157,94.365,98.688,98.216,99.752,644.075,645.418,645.388,644.332,88.183,99.584,3.387,6.742,3.039,0.626,0.305,0.225,2.995,14.21,9.098,21.225,NORMAL,0.0,-1.0,100.0
E001,T1-0000,1075.0,260.17896,51,3813.233,-9.733,63.155,63.135,37.536,45.722,3974.753,94.207,99.395,98.847,99.81,647.497,644.207,644.89,644.596,88.069,99.562,3.385,6.741,3.033,0.622,0.305,0.222,2.963,14.174,9.379,21.225,NORMAL,0.0,-1.0,100.0
E001,T1-0000,1076.0,260.17924,52,3813.746,-9.737,63.151,63.131,37.53,45.661,3973.834,93.476,99.425,99.062,99.84,646.601,645.175,643.96,645.351,87.953,99.635,3.38,6.738,3.062,0.626,0.307,0.22,2.966,14.203,9.239,21.223,NORMAL,0.0,-1.0,100.0
E001,T1-0000,1077.0,260.17952,53,3814.261,-9.74,63.147,63.126,37.525,45.632,3974.182,94.114,98.838,99.288,99.878,649.621,644.307,643.987,646.95,87.9,99.616,3.382,6.738,3.062,0.633,0.311,0.222,2.997,14.189,9.111,21.224,NORMAL,0.0,-1.0,100.0
E001,T1-0000,1078.0,260.17979,54,3814.778,-9.743,63.143,63.121,37.52,45.615,3973.592,94.431,98.754,99.522,99.918,646.414,645.635,646.716,645.675,87.862,99.596,3.38,6.736,3.055,0.623,0.315,0.222,3.045,14.189,9.299,21.223,NORMAL,0.0,-1.0,100.0
E001,T1-0000,1079.0,260.18007,55,3815.297,-9.747,63.138,63.117,37.514,45.7,3979.211,95.08,98.15,99.41,99.232,650.783,648.147,643.274,649.324,88.007,99.573,3.381,6.749,3.039,0.631,0.313,0.221,3.013,14.217,9.14,21.234,NORMAL,0.0,-1.0,100.0
E001,T1-0000,1080.0,260.18035,56,3815.817,-9.75,63.134,63.112,37.509,45.61,3977.92,95.776,98.918,99.045,99.49,649.841,648.035,644.678,647.429,88.029,99.606,3.38,6.745,3.064,0.661,0.313,0.219,3.028,14.218,9.222,21.232,NORMAL,0.0,-1.0,100.0
E001,T1-0000,1081.0,260.18063,57,3816.34,-9.753,63.13,63.108,37.504,45.711,3977.656,96.022,99.569,99.57,99.352,649.397,648.276,650.813,643.851,87.96,99.686,3.388,6.744,3.052,0.655,0.309,0.217,3.014,14.212,9.316,21.231,NORMAL,0.0,-1.0,100.0
E001,T1-0000,1082.0,260.1809,58,3816.864,-9.757,63.126,63.104,37.499,45.661,3976.569,95.849,99.829,99.319,99.403,648.509,647.259,645.94,645.399,88.213,99.517,3.38,6.741,3.04,0.638,0.313,0.218,2.985,14.249,9.38,21.229,NORMAL,0.0,-1.0,100.0
E001,T1-0000,1083.0,260.18118,59,3817.391,-9.76,63.121,63.1,37.493,45.702,3973.666,95.626,99.723,99.625,99.264,645.9,646.959,645.895,647.435,88.176,99.56,3.377,6.733,3.045,0.633,0.308,0.219,3.024,14.202,9.111,21.224,NORMAL,0.0,-1.0,100.0
E001,T1-0000,1084.0,260.18146,60,3817.919,-9.764,63.117,63.095,37.488,45.627,3971.659,96.218,99.181,98.949,99.115,645.506,646.955,644.127,644.765,88.192,99.565,3.381,6.727,3.051,0.621,0.306,0.223,3.057,14.202,9.201,21.22,NORMAL,0.0,-1.0,100.0
E001,T1-0000,1085.0,260.18174,61,3818.449,-9.767,63.113,63.091,37.483,45.722,3969.46,96.137,98.854,99.608,98.653,645.361,644.098,645.558,642.372,88.139,99.493,3.383,6.722,3.057,0.623,0.31,0.221,3.08,14.244,9.06,21.216,NORMAL,0.0,-1.0,100.0
E001,T1-0000,1086.0,260.18202,62,3818.98,-9.771,63.108,63.088,37.478,45.575,3968.616,96.544,98.467,100.201,99.236,641.213,646.134,645.203,643.867,88.143,99.563,3.384,6.719,3.072,0.634,0.304,0.221,3.08,14.196,9.375,21.215,NORMAL,0.0,-1.0,100.0
E001,T1-0000,1087.0,260.18229,63,3819.514,-9.774,63.104,63.084,37.473,45.64,3970.328,96.397,98.361,99.789,99.201,642.832,649.051,643.759,641.953,88.048,99.483,3.384,6.722,3.034,0.643,0.3,0.221,3.065,14.214,8.935,21.218,NORMAL,0.0,-1.0,100.0
E001,T1-0000,1088.0,260.18257,64,3820.049,-9.778,63.1,63.08,37.468,45.733,3969.824,96.713,98.309,99.89,99.124,644.321,647.616,644.359,639.738,88.093,99.652,3.388,6.721,3.061,0.65,0.297,0.221,3.027,14.227,9.149,21.218,NORMAL,0.0,-1.0,100.0
E001,T1-0000,1089.0,260.18285,65,3820.586,-9.781,63.095,63.076,37.464,45.616,3973.337,96.323,97.527,100.032,98.823,645.799,647.924,642.162,641.184,88.074,99.552,3.387,6.728,3.056,0.637,0.3,0.219,3.024,14.179,9.127,21.224,NORMAL,0.0,-1.0,100.0
E001,T1-0000,1090.0,260.18313,66,3821.125,-9.785,63.091,63.073,37.459,45.629,3973.533,96.08,98.266,100.442,98.795,645.139,647.203,644.808,642.552,87.965,99.533,3.384,6.728,3.057,0.622,0.303,0.219,2.987,14.199,9.155,21.225,NORMAL,0.0,-1.0,100.0
E001,T1-0000,1091.0,260.1834,67,3821.665,-9.788,63.086,63.069,37.454,45.653,3976.491,95.795,97.791,100.741,98.616,644.307,646.85,646.886,643.103,87.997,99.566,3.389,6.735,3.043,0.612,0.304,0.22,3.018,14.163,9.089,21.231,NORMAL,0.0,-1.0,100.0
E001,T1-0000,1092.0,260.18368,68,3822.208,-9.792,63.082,63.066,37.449,45.598,3979.603,95.877,97.943,100.736,98.594,643.835,646.084,645.965,643.956,87.997,99.483,3.395,6.741,3.066,0.612,0.306,0.221,3.002,14.185,9.261,21.237,NORMAL,0.0,-1.0,100.0
E001,T1-0000,1093.0,260.18396,69,3822.751,-9.795,63.077,63.062,37.444,45.662,3976.988,95.464,97.869,100.716,98.728,643.412,647.286,641.127,643.136,87.972,99.608,3.389,6.735,3.08,0.609,0.303,0.22,3.062,14.199,8.848,21.232,NORMAL,0.0,-1.0,100.0
E001,T1-0000,1094.0,260.18424,70,3823.297,-9.799,63.073,63.059,37.44,45.53,3977.209,95.779,97.437,99.95,98.867,643.885,648.564,643.343,640.554,88.187,99.541,3.394,6.734,3.031,0.634,0.298,0.223,3.038,14.188,9.239,21.233,NORMAL,0.0,-1.0,100.0
E001,T1-0000,1095.0,260.18452,71,3823.844,-9.802,63.068,63.056,37.435,45.641,3983.996,95.76,97.417,99.646,98.647,644.675,647.135,645.042,640.49,87.901,99.579,3.394,6.75,3.026,0.638,0.296,0.224,3.002,14.177,9.162,21.246,NORMAL,0.0,-1.0,100.0
E001,T1-0000,1096.0,260.18479,72,3824.393,-9.806,63.064,63.053,37.431,45.602,3979.603,95.714,97.736,99.965,99.605,644.276,645.489,644.631,640.132,88.043,99.508,3.389,6.739,3.036,0.629,0.295,0.226,3.002,14.188,9.005,21.237,NORMAL,0.0,-1.0,100.0
E001,T1-0000,1097.0,260.18507,73,3824.944,-9.809,63.059,63.05,37.426,45.612,3972.21,95.878,97.673,99.558,99.574,645.43,645.022,643.361,639.046,87.853,99.477,3.389,6.721,3.062,0.624,0.295,0.226,3.011,14.155,8.94,21.224,NORMAL,0.0,-1.0,100.0
E001,T1-0000,1098.0,260.18535,74,3825.496,-9.813,63.055,63.047,37.422,45.603,3969.524,95.737,97.704,99.399,99.979,646.825,646.19,645.708,641.059,87.859,99.617,3.385,6.714,3.063,0.617,0.295,0.229,3.046,14.203,8.71,21.219,NORMAL,0.0,-1.0,100.0
E001,T1-0000,1099.0,260.18563,75,3826.05,-9.817,63.05,63.044,37.417,45.624,3970.47,95.498,97.024,100.141,100.105,645.816,645.39,647.185,642.676,87.9,99.455,3.388,6.716,3.077,0.621,0.294,0.226,3.032,14.212,8.824,21.221,NORMAL,0.0,-1.0,100.0
E001,T1-0000,1100.0,260.1859,76,3826.605,-9.82,63.046,63.042,37.413,45.488,3973.441,95.381,97.402,100.132,99.703,648.074,644.177,647.274,644.044,87.726,99.685,3.385,6.722,3.035,0.622,0.293,0.223,3.032,14.195,8.986,21.226,NORMAL,0.0,-1.0,100.0
E001,T1-0000,1101.0,260.18618,77,3827.162,-9.824,63.041,63.039,37.409,45.509,3973.035,94.962,97.418,99.825,99.403,644.767,642.236,648.473,645.524,87.675,99.551,3.381,6.721,3.029,0.612,0.295,0.225,3.003,14.181,8.958,21.226,NORMAL,0.0,-1.0,100.0
E001,T1-0000,1102.0,260.18646,78,3827.721,-9.827,63.037,63.036,37.404,45.527,3974.541,95.222,96.836,99.792,99.393,643.848,642.645,647.404,642.541,87.718,99.488,3.38,6.724,3.026,0.613,0.297,0.222,2.984,14.227,8.801,21.229,NORMAL,0.0,-1.0,100.0
E001,T1-0000,1103.0,260.18674,79,3828.281,-9.831,63.032,63.034,37.4,45.54,3974.146,94.481,96.954,99.654,99.465,642.15,647.502,646.803,643.481,87.693,99.474,3.389,6.723,3.056,0.632,0.301,0.225,2.984,14.21,8.863,21.228,NORMAL,0.0,-1.0,100.0
E001,T1-0000,1104.0,260.18702,80,3828.842,-9.835,63.028,63.032,37.396,45.623,3971.571,94.319,96.975,99.61,99.467,640.736,646.782,642.481,645.237,87.592,99.47,3.388,6.716,3.044,0.654,0.299,0.221,3.037,14.224,8.718,21.223,NORMAL,0.0,-1.0,100.0
E001,T1-0000,1105.0,260.18729,81,3829.405,-9.838,63.023,63.029,37.392,45.53,3973.856,94.499,97.926,98.908,99.1,639.309,646.371,645.278,645.85,87.627,99.414,3.383,6.721,3.027,0.637,0.296,0.22,3.02,14.186,8.626,21.228,NORMAL,0.0,-1.0,100.0
E001,T1-0000,1106.0,260.18757,82,3829.97,-9.842,63.018,63.027,37.388,45.555,3972.652,94.137,97.407,99.08,99.728,639.534,648.746,643.533,641.787,87.675,99.477,3.389,6.717,3.067,0.623,0.294,0.226,2.959,14.191,8.861,21.226,NORMAL,0.0,-1.0,100.0
E001,T1-0000,1107.0,260.18785,83,3830.536,-9.846,63.014,63.025,37.383,45.499,3971.522,93.938,97.503,99.281,99.528,640.009,650.964,643.378,642.735,87.804,99.509,3.388,6.714,3.029,0.616,0.299,0.224,2.952,14.196,9.013,21.224,NORMAL,0.0,-1.0,100.0
E001,T1-0000,1108.0,260.18813,84,3831.103,-9.849,63.009,63.023,37.379,45.549,3976.638,94.131,97.794,99.51,99.599,641.538,649.469,646.174,644.368,87.717,99.371,3.389,6.725,3.058,0.627,0.296,0.228,2.989,14.236,9.041,21.234,NORMAL,0.0,-1.0,100.0
E001,T1-0000,1109.0,260.1884,85,3831.672,-9.853,63.004,63.021,37.375,45.535,3971.372,93.598,97.925,99.277,99.342,644.102,646.25,646.547,645.071,87.556,99.474,3.385,6.713,3.059,0.623,0.295,0.224,2.957,14.192,8.843,21.224,NORMAL,0.0,-1.0,100.0
E001,T1-0000,1110.0,260.18868,86,3832.243,-9.857,63.0,63.019,37.372,45.525,3970.684,93.553,97.973,99.087,98.98,644.087,649.402,646.978,645.644,87.626,99.389,3.384,6.711,3.052,0.615,0.299,0.23,2.968,14.204,8.978,21.223,NORMAL,0.0,-1.0,100.0
E001,T1-0000,1111.0,260.18896,87,3832.815,-9.861,62.995,63.017,37.368,45.584,3971.47,93.389,98.237,99.009,99.337,646.758,648.331,646.633,646.019,87.689,99.446,3.383,6.712,3.044,0.622,0.3,0.226,2.958,14.209,8.73,21.224,NORMAL,0.0,-1.0,100.0
E001,T1-0000,1112.0,260.18924,88,3833.388,-9.864,62.99,63.016,37.364,45.52,3973.504,93.068,98.165,99.111,99.382,646.197,650.033,644.551,644.461,87.659,99.345,3.381,6.716,3.057,0.641,0.299,0.223,2.975,14.235,8.937,21.228,NORMAL,0.0,-1.0,100.0
E001,T1-0000,1113.0,260.18952,89,3833.963,-9.868,62.986,63.014,37.36,45.533,3970.55,93.113,98.32,99.109,99.661,647.323,646.897,646.772,646.326,87.624,99.451,3.384,6.709,3.05,0.644,0.298,0.225,3.006,14.215,8.759,21.223,NORMAL,0.0,-1.0,100.0
E001,T1-0000,1114.0,260.18979,90,3834.539,-9.872,62.981,63.012,37.356,45.47,3973.739,93.894,98.202,99.181,100.095,646.461,649.958,646.524,646.744,87.527,99.393,3.389,6.716,3.069,0.638,0.295,0.226,2.995,14.189,8.846,21.229,NORMAL,0.0,-1.0,100.0
E001,T1-0000,1115.0,260.19007,91,3835.116,-9.875,62.976,63.011,37.353,45.512,3973.921,94.462,98.269,98.766,99.998,645.973,647.731,648.738,647.359,87.637,99.466,3.391,6.716,3.036,0.632,0.311,0.232,3.02,14.19,8.773,21.229,NORMAL,0.0,-1.0,100.0
E001,T1-0000,1116.0,260.19035,92,3835.695,-9.879,62.972,63.01,37.349,45.56,3969.111,94.755,97.909,99.379,99.364,649.492,647.44,646.713,646.282,87.42,99.411,3.382,6.704,3.047,0.672,0.308,0.228,3.035,14.194,8.992,21.22,NORMAL,0.0,-1.0,100.0
E001,T1-0000,1117.0,260.19063,93,3836.275,-9.883,62.967,63.008,37.345,45.449,3968.761,94.523,98.503,99.988,99.278,647.481,648.446,646.169,646.829,87.607,99.377,3.381,6.703,3.064,0.68,0.304,0.226,3.026,14.204,8.938,21.22,NORMAL,0.0,-1.0,100.0
E001,T1-0000,1118.0,260.1909,94,3836.856,-9.887,62.962,63.007,37.342,45.55,3966.587,94.55,97.993,99.531,99.297,646.521,650.193,643.679,647.054,87.693,99.394,3.386,6.697,3.048,0.67,0.308,0.225,3.082,14.192,9.027,21.216,NORMAL,0.0,-1.0,100.0
E001,T1-0000,1119.0,260.19118,95,3837.439,-9.891,62.957,63.006,37.338,45.509,3966.784,94.923,97.758,99.289,99.634,646.638,650.832,641.843,646.756,87.689,99.329,3.387,6.697,3.055,0.648,0.308,0.223,3.023,14.178,8.877,21.216,NORMAL,0.0,-1.0,100.0
E001,T1-0000,1120.0,260.19146,96,3838.022,-9.894,62.953,63.005,37.335,45.52,3965.825,94.966,97.564,99.161,99.261,644.879,651.36,636.984,645.961,87.9,99.397,3.391,6.694,3.077,0.659,0.309,0.227,3.068,14.137,9.092,21.215,NORMAL,0.0,-1.0,100.0
E001,T1-0000,1121.0,260.19174,97,3838.608,-9.898,62.948,63.004,37.332,45.623,3965.641,94.883,97.393,99.687,98.879,643.094,648.569,635.47,646.787,87.615,99.447,3.387,6.693,3.037,0.668,0.308,0.223,3.052,14.191,8.863,21.214,NORMAL,0.0,-1.0,100.0
E001,T1-0000,1122.0,260.19202,98,3839.194,-9.902,62.943,63.003,37.328,45.39,3969.743,94.888,97.461,99.957,98.6,644.301,647.432,637.763,643.304,87.715,99.4,3.385,6.702,3.052,0.672,0.302,0.225,3.074,14.186,8.665,21.222,NORMAL,0.0,-1.0,100.0
E001,T1-0000,1123.0,260.19229,99,3839.782,-9.906,62.938,63.003,37.325,45.453,3971.043,95.215,97.272,99.385,98.629,647.761,646.571,639.161,642.706,87.527,99.489,3.386,6.705,3.06,0.652,0.299,0.223,3.111,14.221,8.547,21.225,NORMAL,0.0,-1.0,100.0
E001,T1-0000,1124.0,260.19257,100,3840.37,-9.91,62.933,63.002,37.322,45.58,3964.169,94.585,97.344,99.61,99.56,647.927,647.967,640.985,643.693,87.568,99.286,3.383,6.689,3.031,0.638,0.301,0.223,3.111,14.225,8.881,21.212,NORMAL,0.0,-1.0,100.0
E001,T1-0000,1125.0,260.19285,101,3840.96,-9.913,62.929,63.002,37.319,45.507,3968.246,94.51,97.002,99.888,99.602,648.435,649.151,641.658,643.636,87.587,99.301,3.38,6.698,3.057,0.631,0.3,0.226,3.122,14.219,8.887,21.22,NORMAL,0.0,-1.0,100.0
E001,T1-0000,1126.0,260.19313,102,3841.552,-9.917,62.924,63.001,37.315,45.545,3967.189,94.859,97.553,99.506,99.064,648.348,647.84,640.859,643.541,87.689,99.204,3.381,6.695,3.052,0.618,0.296,0.226,3.123,14.184,8.724,21.218,NORMAL,0.0,-1.0,100.0
E001,T1-0000,1127.0,260.1934,103,3842.144,-9.921,62.919,63.001,37.312,45.418,3969.388,94.554,97.712,99.517,99.033,648.749,645.593,641.818,641.876,87.736,99.285,3.387,6.699,3.069,0.657,0.294,0.227,3.087,14.202,8.561,21.222,NORMAL,0.0,-1.0,100.0
E001,T1-0000,1128.0,260.19368,104,3842.738,-9.925,62.914,63.0,37.309,45.499,3971.499,94.848,97.895,99.142,98.961,645.684,644.037,642.96,642.04,87.825,99.294,3.382,6.704,3.058,0.647,0.295,0.227,3.08,14.188,8.51,21.226,NORMAL,0.0,-1.0,100.0
E001,T1-0000,1129.0,260.19396,105,3843.332,-9.929,62.909,63.0,37.306,45.421,3971.198,94.811,98.183,99.232,98.701,643.089,643.971,644.631,641.786,87.745,99.283,3.385,6.703,3.047,0.637,0.295,0.224,3.04,14.189,8.564,21.226,NORMAL,0.0,-1.0,100.0
E001,T1-0000,1130.0,260.19424,106,3843.928,-9.933,62.904,63.0,37.303,45.517,3971.554,94.851,98.288,98.976,98.97,645.887,643.737,646.362,641.82,87.674,99.399,3.388,6.703,3.055,0.637,0.296,0.221,3.031,14.178,8.571,21.227,NORMAL,0.0,-1.0,100.0
E001,T1-0000,1131.0,260.19452,107,3844.525,-9.937,62.899,63.0,37.3,45.522,3970.545,94.78,98.308,99.31,98.801,646.695,637.967,646.306,639.32,87.827,99.273,3.383,6.7,3.05,0.639,0.301,0.223,3.039,14.188,8.595,21.225,NORMAL,0.0,-1.0,100.0
E001,T1-0000,1132.0,260.19479,108,3845.123,-9.941,62.895,63.0,37.297,45.381,3969.378,94.474,98.223,99.139,99.313,646.385,639.642,646.118,642.658,87.936,99.252,3.383,6.697,3.056,0.636,0.297,0.223,3.006,14.221,8.679,21.223,NORMAL,0.0,-1.0,100.0
E001,T1-0000,1133.0,260.19507,109,3845.722,-9.944,62.89,63.0,37.295,45.389,3967.908,94.517,97.768,98.869,99.69,645.283,641.109,645.889,645.681,87.844,99.293,3.392,6.693,3.05,0.627,0.301,0.226,3.005,14.197,8.793,21.22,NORMAL,0.0,-1.0,100.0
E001,T1-0000,1134.0,260.19535,110,3846.322,-9.948,62.885,63.0,37.292,45.4,3964.622,94.164,97.709,98.988,100.298,644.695,642.082,645.894,646.267,87.88,99.286,3.39,6.685,3.046,0.647,0.297,0.224,2.965,14.209,8.459,21.214,NORMAL,0.0,-1.0,100.0
E001,T1-0000,1135.0,260.19563,111,3846.923,-9.952,62.88,63.001,37.289,45.514,3967.37,94.682,97.68,99.6,100.096,646.009,641.79,644.599,646.542,87.878,99.289,3.382,6.691,3.059,0.643,0.301,0.222,2.989,14.189,8.437,21.219,NORMAL,0.0,-1.0,100.0
E001,T1-0000,1136.0,260.1959,112,3847.525,-9.956,62.875,63.001,37.286,45.417,3968.609,94.525,97.467,99.955,99.41,644.551,641.314,644.85,643.779,87.891,99.178,3.381,6.693,3.066,0.633,0.307,0.219,3.008,14.201,8.905,21.222,NORMAL,0.0,-1.0,100.0
E001,T1-0000,1137.0,260.19618,113,3848.128,-9.96,62.87,63.002,37.284,45.418,3962.762,94.42,97.215,100.004,99.777,644.628,643.425,642.844,641.79,87.567,99.304,3.384,6.679,3.042,0.623,0.313,0.223,3.03,14.192,8.556,21.211,NORMAL,0.0,-1.0,100.0
E001,T1-0000,1138.0,260.19646,114,3848.732,-9.964,62.865,63.002,37.281,45.382,3969.363,94.155,97.35,99.532,99.617,645.868,643.479,641.991,642.188,87.857,99.307,3.391,6.694,3.046,0.621,0.31,0.222,3.036,14.193,8.653,21.223,NORMAL,0.0,-1.0,100.0
E001,T1-0000,1139.0,260.19674,115,3849.337,-9.968,62.86,63.003,37.279,45.518,3961.557,94.182,97.476,99.761,99.82,644.26,642.573,644.067,643.071,87.827,99.424,3.385,6.676,3.051,0.621,0.312,0.222,3.039,14.2,8.8,21.209,NORMAL,0.0,-1.0,100.0
E001,T1-0000,1140.0,260.19702,116,3849.943,-9.972,62.855,63.004,37.276,45.362,3963.678,94.576,97.836,99.816,99.924,644.116,644.157,644.518,645.052,87.784,99.323,3.382,6.68,3.038,0.625,0.306,0.222,3.049,14.188,8.533,21.213,NORMAL,0.0,-1.0,100.0
E001,T1-0000,1141.0,260.19729,117,3850.55,-9.976,62.85,63.004,37.274,45.403,3968.916,93.96,97.991,99.42,100.075,641.414,641.564,646.763,644.481,87.856,99.228,3.394,6.692,3.067,0.623,0.306,0.219,3.039,14.199,8.377,21.223,NORMAL,0.0,-1.0,100.0
E001,T1-0000,1142.0,260.19757,118,3851.158,-9.98,62.845,63.005,37.271,45.428,3964.591,94.271,97.901,99.493,100.33,642.11,641.688,646.863,644.998,87.793,99.189,3.382,6.682,3.036,0.614,0.305,0.223,3.01,14.207,8.497,21.215,NORMAL,0.0,-1.0,100.0
E001,T1-0000,1143.0,260.19785,119,3851.766,-9.984,62.84,63.006,37.269,45.461,3962.676,94.109,97.803,99.221,99.888,642.876,639.17,644.892,642.687,87.853,99.353,3.384,6.677,3.063,0.612,0.3,0.22,2.961,14.204,8.678,21.211,NORMAL,0.0,-1.0,100.0
E001,T1-0000,1144.0,260.19813,120,3852.376,-9.988,62.835,63.007,37.267,45.417,3961.596,94.574,97.903,99.293,99.6,642.618,638.064,644.863,641.287,87.667,99.24,3.386,6.674,3.066,0.616,0.3,0.223,2.963,14.188,8.698,21.209,NORMAL,0.0,-1.0,100.0
E001,T1-0000,1145.0,260.1984,121,3852.986,-9.992,62.83,63.009,37.265,45.443,3963.668,94.302,97.679,99.586,99.214,644.081,641.508,644.608,639.648,87.788,99.295,3.377,6.679,3.058,0.648,0.299,0.226,2.907,14.199,8.657,21.213,NORMAL,0.0,-1.0,100.0
E001,T1-0000,1146.0,260.19868,122,3853.598,-9.996,62.825,63.01,37.262,45.359,3965.49,94.844,97.409,99.798,99.191,644.538,643.456,644.493,642.504,87.791,99.318,3.396,6.683,3.048,0.645,0.297,0.228,2.943,14.185,8.187,21.217,NORMAL,0.0,-1.0,100.0
E001,T1-0000,1147.0,260.19896,123,3854.21,-10.0,62.82,63.011,37.26,45.376,3960.691,95.67,97.589,99.607,99.236,644.965,643.541,647.056,642.621,87.74,99.214,3.388,6.671,3.068,0.63,0.299,0.225,2.959,14.183,8.391,21.208,NORMAL,0.0,-1.0,100.0
E001,T1-0000,1148.0,260.19924,124,3854.823,-10.004,62.815,63.013,37.258,45.363,3956.98,95.732,97.677,99.998,98.922,642.22,644.581,647.194,643.926,87.84,99.197,3.381,6.662,3.058,0.622,0.295,0.222,2.955,14.196,8.525,21.201,NORMAL,0.0,-1.0,100.0
E001,T1-0000,1149.0,260.19952,125,3855.436,-10.008,62.81,63.014,37.256,45.361,3965.175,96.005,98.238,99.885,98.947,643.678,645.949,647.248,642.963,87.839,99.244,3.388,6.681,3.031,0.626,0.3,0.222,2.962,14.239,8.441,21.216,NORMAL,0.0,-1.0,100.0
E001,T1-0000,1150.0,260.19979,126,3856.051,-10.012,62.805,63.016,37.254,45.423,3965.734,96.301,98.457,100.346,98.761,646.317,643.89,645.486,641.862,87.815,99.271,3.379,6.682,3.055,0.634,0.299,0.232,2.962,14.21,8.543,21.217,NORMAL,0.0,-1.0,100.0
E001,T1-0000,1151.0,260.20007,127,3856.666,-10.016,62.8,63.017,37.252,45.417,3961.132,96.467,98.816,99.849,98.765,648.726,643.019,645.606,641.337,87.882,99.234,3.382,6.671,3.046,0.653,0.298,0.237,2.957,14.186,8.611,21.209,NORMAL,0.0,-1.0,100.0
E001,T1-0000,1152.0,260.20035,128,3857.282,-10.02,62.795,63.019,37.25,45.375,3957.333,96.762,98.718,99.953,99.686,643.132,642.47,642.234,640.377,87.81,99.237,3.389,6.661,3.066,0.668,0.296,0.235,3.03,14.209,8.192,21.202,NORMAL,0.0,-1.0,100.0
E001,T1-0000,1153.0,260.20063,129,3857.899,-10.024,62.79,63.021,37.249,45.3,3967.24,96.766,98.827,99.328,99.672,644.953,643.741,643.418,639.364,87.597,99.152,3.39,6.684,3.042,0.646,0.296,0.231,3.021,14.218,8.521,21.22,NORMAL,0.0,-1.0,100.0
E001,T1-0000,1154.0,260.2009,130,3858.516,-10.028,62.785,63.023,37.247,45.408,3964.922,96.485,98.478,98.995,100.099,642.37,642.047,643.323,639.244,87.716,99.229,3.385,6.679,3.051,0.639,0.302,0.227,3.04,14.202,8.601,21.216,NORMAL,0.0,-1.0,100.0
E001,T1-0000,1155.0,260.20118,131,3859.134,-10.032,62.78,63.025,37.245,45.341,3964.426,96.267,99.062,98.811,100.564,643.248,643.324,642.473,638.718,87.606,99.16,3.385,6.677,3.051,0.657,0.303,0.224,3.056,14.187,8.151,21.215,NORMAL,0.0,-1.0,100.0
E001,T1-0000,1156.0,260.20146,132,3859.753,-10.036,62.775,63.027,37.243,45.33,3967.529,95.747,98.939,98.282,100.619,642.545,645.38,643.691,638.748,87.768,99.269,3.394,6.684,3.07,0.659,0.304,0.225,3.083,14.196,8.044,21.221,NORMAL,0.0,-1.0,100.0
E001,T1-0000,1157.0,260.20174,133,3860.372,-10.04,62.77,63.029,37.242,45.435,3963.476,95.624,98.554,97.963,101.034,643.042,647.86,643.175,642.717,87.791,99.152,3.389,6.674,3.051,0.653,0.303,0.222,3.104,14.207,8.445,21.213,NORMAL,0.0,-1.0,100.0
E001,T1-0000,1158.0,260.20202,134,3860.993,-10.044,62.765,63.032,37.24,45.322,3968.637,95.728,98.36,97.739,100.828,642.363,650.262,644.834,641.425,87.653,99.155,3.396,6.686,3.019,0.635,0.303,0.224,3.042,14.166,8.569,21.223,NORMAL,0.0,-1.0,100.0
E001,T1-0000,1159.0,260.20229,135,3861.613,-10.048,62.76,63.034,37.239,45.413,3968.614,95.495,98.52,97.878,101.004,643.494,645.857,643.58,639.718,87.619,99.175,3.388,6.686,3.027,0.639,0.302,0.222,3.029,14.188,8.55,21.223,NORMAL,0.0,-1.0,100.0
E001,T1-0000,1160.0,260.20257,136,3862.235,-10.052,62.755,63.037,37.237,45.391,3969.183,95.282,98.546,97.478,101.008,642.849,646.48,644.811,643.028,87.622,99.149,3.388,6.687,3.054,0.628,0.299,0.221,3.039,14.167,8.331,21.224,NORMAL,0.0,-1.0,100.0
E001,T1-0000,1161.0,260.20285,137,3862.856,-10.056,62.75,63.039,37.236,45.269,3966.095,94.699,98.794,98.283,101.229,645.387,643.354,644.011,641.218,87.782,99.287,3.395,6.679,3.047,0.626,0.298,0.226,3.042,14.231,7.996,21.219,NORMAL,0.0,-1.0,100.0
E001,T1-0000,1162.0,260.20313,138,3863.479,-10.06,62.745,63.042,37.234,45.414,3963.708,94.552,98.556,97.931,101.379,644.061,644.991,644.932,643.804,87.763,99.174,3.379,6.674,3.031,0.618,0.3,0.227,3.025,14.234,8.23,21.214,NORMAL,0.0,-1.0,100.0
E001,T1-0000,1163.0,260.2034,139,3864.102,-10.064,62.74,63.044,37.233,45.357,3963.037,94.686,98.975,98.571,101.091,645.37,644.285,644.472,642.545,87.649,99.296,3.387,6.672,3.047,0.626,0.298,0.226,3.053,14.193,8.329,21.213,NORMAL,0.0,-1.0,100.0
E001,T1-0000,1164.0,260.20368,140,3864.726,-10.068,62.735,63.047,37.232,45.397,3966.537,94.627,98.562,99.283,101.122,646.27,646.304,643.036,643.414,87.756,99.195,3.393,6.68,3.058,0.633,0.311,0.227,2.993,14.205,8.161,21.22,NORMAL,0.0,-1.0,100.0
E001,T1-0000,1165.0,260.20396,141,3865.35,-10.072,62.73,63.05,37.23,45.358,3961.142,94.672,98.917,99.091,101.166,646.47,646.001,644.789,643.35,87.725,99.109,3.388,6.667,3.045,0.637,0.308,0.226,3.025,14.201,8.185,21.209,NORMAL,0.0,-1.0,100.0
E001,T1-0000,1166.0,260.20424,142,3865.974,-10.076,62.724,63.053,37.229,45.349,3962.29,94.465,98.959,100.165,100.379,646.858,645.86,644.578,642.723,87.691,99.233,3.388,6.669,3.058,0.646,0.309,0.229,3.035,14.203,8.037,21.212,NORMAL,0.0,-1.0,100.0
E001,T1-0000,1167.0,260.20452,143,3866.599,-10.08,62.719,63.056,37.228,45.357,3961.876,93.894,98.952,99.953,100.66,645.586,643.814,646.396,643.702,87.815,99.262,3.387,6.668,3.048,0.64,0.308,0.229,3.058,14.203,8.283,21.211,NORMAL,0.0,-1.0,100.0
E001,T1-0000,1168.0,260.20479,144,3867.225,-10.084,62.714,63.059,37.227,45.323,3964.677,94.148,98.859,100.016,100.341,646.204,645.048,643.168,643.925,87.627,99.198,3.391,6.674,3.051,0.649,0.303,0.231,3.089,14.217,8.361,21.216,NORMAL,0.0,-1.0,100.0
E001,T1-0000,1169.0,260.20507,145,3867.851,-10.088,62.709,63.063,37.226,45.375,3968.575,93.987,99.562,99.592,99.939,645.303,643.091,644.315,642.316,87.571,99.142,3.385,6.683,3.042,0.64,0.305,0.229,3.142,14.196,8.211,21.224,NORMAL,0.0,-1.0,100.0
E001,T1-0000,1170.0,260.20535,146,3868.477,-10.092,62.704,63.066,37.225,45.259,3970.757,93.879,99.487,99.126,99.937,645.207,643.611,645.154,643.176,87.819,99.145,3.391,6.688,3.048,0.63,0.301,0.227,3.086,14.179,8.084,21.228,NORMAL,0.0,-1.0,100.0
E001,T1-0000,1171.0,260.20563,147,3869.104,-10.096,62.699,63.069,37.224,45.385,3965.706,93.656,99.382,98.882,99.62,645.322,641.966,646.311,642.957,87.825,99.187,3.382,6.676,3.055,0.622,0.307,0.23,3.109,14.205,7.904,21.218,NORMAL,0.0,-1.0,100.0
E001,T1-0000,1172.0,260.2059,148,3869.731,-10.1,62.694,63.073,37.223,45.262,3964.98,93.918,99.719,99.074,99.632,646.35,643.718,644.118,643.805,87.874,99.099,3.389,6.674,3.053,0.612,0.305,0.225,3.068,14.192,8.297,21.217,NORMAL,0.0,-1.0,100.0
E001,T1-0000,1173.0,260.20618,149,3870.359,-10.105,62.689,63.076,37.222,45.307,3964.644,93.562,99.889,98.863,99.765,645.412,640.712,645.031,644.691,87.857,99.201,3.379,6.673,3.063,0.613,0.316,0.223,3.058,14.188,8.152,21.216,NORMAL,0.0,-1.0,100.0
E001,T1-0000,1174.0,260.20646,150,3870.987,-10.109,62.684,63.08,37.222,45.346,3960.042,93.868,100.325,99.032,99.704,644.535,640.642,647.215,642.871,87.796,99.167,3.386,6.662,3.053,0.656,0.315,0.223,3.032,14.187,8.412,21.208,NORMAL,0.0,-1.0,100.0
E001,T1-0000,1175.0,260.20674,151,3871.615,-10.113,62.679,63.084,37.221,45.347,3957.853,94.272,99.737,98.886,99.656,644.292,642.205,644.972,642.089,87.772,99.21,3.385,6.657,3.045,0.654,0.311,0.222,3.01,14.224,8.342,21.204,NORMAL,0.0,-1.0,100.0
E001,T1-0000,1176.0,260.20702,152,3872.244,-10.117,62.673,63.088,37.22,45.389,3959.793,94.558,98.729,98.453,99.328,644.302,643.384,644.986,642.863,87.861,99.133,3.384,6.661,3.053,0.643,0.314,0.228,3.006,14.23,8.008,21.207,NORMAL,0.0,-1.0,100.0
E001,T1-0000,1177.0,260.20729,153,3872.873,-10.121,62.668,63.092,37.22,45.331,3964.669,94.207,98.794,98.747,100.053,643.147,643.228,642.923,646.734,87.751,99.131,3.392,6.672,3.043,0.632,0.312,0.226,2.996,14.205,8.335,21.217,NORMAL,0.0,-1.0,100.0
E001,T1-0000,1178.0,260.20757,154,3873.502,-10.125,62.663,63.096,37.219,45.354,3965.04,94.685,98.937,98.872,100.167,642.397,644.191,642.932,642.535,87.804,99.1,3.385,6.673,3.052,0.631,0.305,0.222,2.959,14.181,8.358,21.217,NORMAL,0.0,-1.0,100.0
E001,T1-0000,1179.0,260.20785,155,3874.132,-10.129,62.658,63.1,37.218,45.285,3964.225,94.821,99.74,99.076,100.456,642.089,641.874,640.883,641.252,87.938,99.129,3.388,6.671,3.042,0.635,0.302,0.221,2.898,14.203,8.066,21.216,NORMAL,0.0,-1.0,100.0
E001,T1-0000,1180.0,260.20813,156,3874.761,-10.133,62.653,63.104,37.218,45.307,3963.594,94.534,99.959,99.058,100.401,641.934,642.767,642.489,641.161,87.965,99.189,3.387,6.669,3.047,0.642,0.298,0.223,2.958,14.209,7.964,21.215,NORMAL,0.0,-1.0,100.0
E001,T1-0000,1181.0,260.2084,157,3875.391,-10.137,62.648,63.108,37.218,45.308,3960.841,94.329,100.063,98.844,100.013,645.439,639.943,643.203,640.38,87.991,99.078,3.382,6.662,3.052,0.627,0.3,0.221,2.967,14.223,8.067,21.209,NORMAL,0.0,-1.0,100.0
E001,T1-0000,1182.0,260.20868,158,3876.022,-10.141,62.643,63.113,37.217,45.307,3964.179,94.721,100.164,99.179,100.209,644.649,640.617,638.922,640.254,88.096,99.173,3.391,6.67,3.062,0.619,0.3,0.218,3.005,14.203,8.324,21.216,NORMAL,0.0,-1.0,100.0
E001,T1-0000,1183.0,260.20896,159,3876.652,-10.145,62.638,63.117,37.217,45.322,3962.649,94.767,99.068,99.307,100.239,646.704,638.946,638.297,640.961,88.143,99.205,3.382,6.666,3.032,0.613,0.302,0.216,2.984,14.183,8.016,21.213,NORMAL,0.0,-1.0,100.0
E001,T1-0000,1184.0,260.20924,160,3877.283,-10.15,62.632,63.122,37.217,45.328,3965.955,95.225,98.8,98.824,100.381,643.113,639.291,638.847,641.36,88.063,99.282,3.387,6.673,3.044,0.608,0.301,0.219,3.001,14.185,8.014,21.219,NORMAL,0.0,-1.0,100.0
E001,T1-0000,1185.0,260.20952,161,3877.914,-10.154,62.627,63.126,37.216,45.278,3964.304,94.745,98.62,98.58,100.216,644.117,643.098,638.491,643.766,88.153,99.191,3.391,6.67,3.066,0.606,0.301,0.218,2.99,14.242,8.03,21.216,NORMAL,0.0,-1.0,100.0
E001,T1-0000,1186.0,260.20979,162,3878.545,-10.158,62.622,63.131,37.216,45.318,3964.497,95.081,98.853,99.115,100.893,647.107,645.173,639.287,644.592,88.081,99.194,3.388,6.67,3.051,0.6,0.297,0.217,3.098,14.216,7.762,21.216,NORMAL,0.0,-1.0,100.0
E001,T1-0000,1187.0,260.21007,163,3879.176,-10.162,62.617,63.136,37.216,45.284,3960.146,94.969,98.783,99.408,100.533,644.745,646.065,640.447,644.191,88.11,99.194,3.384,6.66,3.054,0.609,0.301,0.22,3.076,14.183,7.873,21.208,NORMAL,0.0,-1.0,100.0
E001,T1-0000,1188.0,260.21035,164,3879.807,-10.166,62.612,63.14,37.216,45.421,3963.65,94.237,98.556,99.856,100.692,642.225,646.453,640.073,646.629,87.873,99.213,3.387,6.668,3.069,0.618,0.301,0.221,2.979,14.238,7.883,21.215,NORMAL,0.0,-1.0,100.0
E001,T1-0000,1189.0,260.21063,165,3880.438,-10.17,62.607,63.145,37.216,45.205,3960.284,93.593,98.413,100.028,101.139,644.04,646.435,641.241,642.911,87.906,99.183,3.39,6.66,3.048,0.611,0.299,0.221,2.976,14.178,8.018,21.208,NORMAL,0.0,-1.0,100.0
E001,T1-0000,1190.0,260.2109,166,3881.07,-10.174,62.602,63.15,37.216,45.272,3964.049,93.849,98.985,98.993,100.711,641.653,645.515,641.416,645.288,87.87,99.196,3.384,6.669,3.053,0.611,0.303,0.219,2.972,14.236,8.015,21.215,NORMAL,0.0,-1.0,100.0
E001,T1-0000,1191.0,260.21118,167,3881.701,-10.178,62.596,63.156,37.216,45.364,3965.26,94.406,98.711,98.99,100.611,641.345,647.132,641.081,646.002,87.859,99.128,3.376,6.672,3.057,0.617,0.302,0.219,2.95,14.208,8.453,21.218,NORMAL,0.0,-1.0,100.0
E001,T1-0000,1192.0,260.21146,168,3882.333,-10.182,62.591,63.161,37.216,45.3,3969.709,94.593,98.626,98.717,100.79,642.774,646.95,642.557,644.368,87.782,99.256,3.392,6.682,3.043,0.621,0.307,0.224,2.978,14.205,7.792,21.226,NORMAL,0.0,-1.0,100.0
E001,T1-0000,1193.0,260.21174,169,3882.964,-10.186,62.586,63.166,37.216,45.265,3966.379,94.207,98.137,98.966,100.631,645.419,645.179,641.686,646.067,87.884,99.255,3.381,6.674,3.051,0.621,0.305,0.222,2.961,14.201,7.941,21.22,NORMAL,0.0,-1.0,100.0
E001,T1-0000,1194.0,260.21202,170,3883.596,-10.191,62.581,63.171,37.217,45.379,3966.513,94.119,98.26,98.598,100.178,642.937,641.528,642.979,645.431,87.859,99.327,3.388,6.674,3.052,0.613,0.304,0.222,2.98,14.208,8.288,21.22,NORMAL,0.0,-1.0,100.0
E001,T1-0000,1195.0,260.21229,171,3884.227,-10.195,62.576,63.177,37.217,45.218,3965.445,94.211,97.839,98.712,100.287,638.262,644.208,644.993,645.607,87.902,99.155,3.386,6.672,3.07,0.641,0.3,0.22,2.976,14.179,7.829,21.218,NORMAL,0.0,-1.0,100.0
E001,T1-0000,1196.0,260.21257,172,3884.859,-10.199,62.571,63.182,37.217,45.328,3964.806,94.849,97.821,98.501,100.547,641.737,644.961,646.665,646.212,87.979,99.335,3.382,6.67,3.065,0.634,0.296,0.222,2.984,14.181,7.88,21.217,NORMAL,0.0,-1.0,100.0
E001,T1-0000,1197.0,260.21285,173,3885.49,-10.203,62.566,63.188,37.218,45.353,3964.322,94.592,97.56,98.717,101.137,644.524,643.552,644.387,644.646,88.048,99.292,3.384,6.669,3.062,0.634,0.31,0.222,2.983,14.207,7.844,21.216,NORMAL,0.0,-1.0,100.0
E001,T1-0000,1198.0,260.21313,174,3886.122,-10.207,62.56,63.194,37.218,45.394,3962.413,94.166,97.349,98.721,100.957,644.522,639.689,643.298,644.342,88.077,99.104,3.383,6.664,3.057,0.632,0.305,0.222,2.957,14.203,8.016,21.212,NORMAL,0.0,-1.0,100.0
E001,T1-0000,1199.0,260.2134,175,3886.753,-10.211,62.555,63.2,37.219,45.306,3961.395,93.944,97.478,98.574,101.559,642.719,644.994,640.772,644.007,88.121,99.314,3.386,6.662,3.074,0.653,0.302,0.22,2.968,14.209,7.947,21.21,NORMAL,0.0,-1.0,100.0
E001,T1-0000,1200.0,260.21368,176,3887.385,-10.215,62.55,63.205,37.219,45.282,3961.561,93.925,97.548,98.614,101.154,642.252,645.002,639.6,643.491,87.972,99.138,3.379,6.662,3.064,0.66,0.3,0.226,2.975,14.247,8.226,21.211,NORMAL,0.0,-1.0,100.0
E001,T1-0000,1201.0,260.21396,177,3888.016,-10.219,62.545,63.211,37.22,45.325,3967.657,93.939,97.681,98.806,100.984,644.125,645.599,641.127,644.816,88.045,99.152,3.384,6.676,3.038,0.64,0.302,0.227,2.952,14.242,7.791,21.222,NORMAL,0.0,-1.0,100.0
E001,T1-0000,1202.0,260.21424,178,3888.647,-10.223,62.54,63.217,37.22,45.191,3968.002,94.429,97.231,99.125,101.229,643.613,643.854,641.256,645.912,87.997,99.221,3.38,6.677,3.052,0.637,0.298,0.227,2.897,14.172,7.955,21.223,NORMAL,0.0,-1.0,100.0
E001,T1-0000,1203.0,260.21452,179,3889.278,-10.228,62.535,63.223,37.221,45.237,3966.648,94.535,97.058,99.15,100.906,643.328,643.484,640.2,644.119,87.952,99.353,3.387,6.674,3.051,0.625,0.3,0.227,2.911,14.21,8.089,21.22,NORMAL,0.0,-1.0,100.0
E001,T1-0000,1204.0,260.21479,180,3889.908,-10.232,62.53,63.23,37.222,45.213,3964.42,94.522,97.328,99.167,100.299,643.626,642.059,642.478,644.489,88.074,99.225,3.393,6.668,3.024,0.62,0.303,0.227,2.932,14.193,7.791,21.216,NORMAL,0.0,-1.0,100.0
E001,T1-0000,1205.0,260.21507,181,3890.539,-10.236,62.525,63.236,37.223,45.181,3965.785,94.17,97.486,99.196,100.501,645.201,643.036,644.538,644.202,87.904,99.237,3.384,6.672,3.046,0.611,0.312,0.224,2.916,14.214,8.085,21.219,NORMAL,0.0,-1.0,100.0
E001,T1-0000,1206.0,260.21535,182,3891.169,-10.24,62.519,63.242,37.224,45.243,3967.349,94.114,97.391,99.38,100.426,643.225,642.779,644.978,645.711,88.043,99.267,3.385,6.675,3.039,0.622,0.312,0.222,2.94,14.195,7.96,21.221,NORMAL,0.0,-1.0,100.0
E001,T1-0000,1207.0,260.21563,183,3891.8,-10.244,62.514,63.249,37.224,45.279,3965.643,94.212,97.138,98.81,100.716,640.326,644.216,641.997,646.392,87.795,99.225,3.386,6.671,3.054,0.619,0.312,0.22,2.974,14.205,7.739,21.218,NORMAL,0.0,-1.0,100.0
E001,T1-0000,1208.0,260.2159,184,3892.43,-10.248,62.509,63.255,37.225,45.328,3966.817,94.511,96.913,99.257,100.697,642.052,643.508,643.009,644.404,87.887,99.217,3.384,6.674,3.045,0.632,0.314,0.222,3.002,14.172,7.73,21.22,NORMAL,0.0,-1.0,100.0
E001,T1-0000,1209.0,260.21618,185,3893.059,-10.252,62.504,63.262,37.226,45.287,3972.289,94.29,96.978,99.166,100.38,641.12,643.423,643.125,644.994,87.925,99.186,3.392,6.687,3.05,0.634,0.315,0.226,3.03,14.177,7.765,21.231,NORMAL,0.0,-1.0,100.0
E001,T1-0000,1210.0,260.21646,186,3893.689,-10.256,62.499,63.269,37.227,45.267,3972.828,94.271,96.327,99.527,100.867,640.766,648.453,642.933,641.934,88.027,99.225,3.396,6.688,3.063,0.649,0.308,0.222,3.077,14.215,8.175,21.232,NORMAL,0.0,-1.0,100.0
E001,T1-0000,1211.0,260.21674,187,3894.318,-10.26,62.494,63.275,37.229,45.283,3972.667,94.588,96.268,99.22,101.026,641.851,648.451,643.313,642.71,87.963,99.306,3.393,6.688,3.07,0.643,0.308,0.219,3.043,14.212,7.941,21.231,NORMAL,0.0,-1.0,100.0
E001,T1-0000,1212.0,260.21702,188,3894.947,-10.264,62.489,63.282,37.23,45.314,3966.983,94.588,96.424,99.188,100.922,644.572,646.36,644.433,643.406,87.957,99.331,3.392,6.674,3.042,0.644,0.308,0.218,3.058,14.177,7.864,21.221,NORMAL,0.0,-1.0,100.0
E001,T1-0000,1213.0,260.21729,189,3895.575,-10.268,62.484,63.289,37.231,45.353,3970.644,94.247,96.112,99.061,101.114,647.484,644.506,643.383,643.977,87.922,99.13,3.391,6.683,3.035,0.634,0.306,0.218,3.005,14.197,7.668,21.227,NORMAL,0.0,-1.0,100.0
E001,T1-0000,1214.0,260.21757,190,3896.203,-10.273,62.479,63.296,37.232,45.294,3966.494,94.931,96.089,99.714,100.844,646.558,646.03,640.217,644.617,87.853,99.317,3.391,6.673,3.057,0.635,0.303,0.216,2.991,14.226,7.531,21.22,NORMAL,0.0,-1.0,100.0
E001,T1-0000,1215.0,260.21785,191,3896.831,-10.277,62.473,63.303,37.234,45.25,3969.533,95.056,96.358,99.853,100.788,648.906,645.122,643.119,644.683,87.855,99.212,3.397,6.68,3.041,0.637,0.299,0.217,2.975,14.234,7.894,21.225,NORMAL,0.0,-1.0,100.0
E001,T1-0000,1216.0,260.21813,192,3897.459,-10.281,62.468,63.311,37.235,45.229,3969.35,96.048,95.66,99.806,101.054,645.411,642.097,641.065,643.616,87.923,99.172,3.39,6.68,3.044,0.644,0.304,0.217,2.972,14.185,7.677,21.225,NORMAL,0.0,-1.0,100.0
E001,T1-0000,1217.0,260.2184,193,3898.086,-10.285,62.463,63.318,37.236,45.209,3965.657,96.029,96.244,99.922,101.442,644.904,644.001,641.124,644.77,88.07,99.226,3.391,6.671,3.029,0.636,0.3,0.218,2.948,14.21,8.126,21.218,NORMAL,0.0,-1.0,100.0
E001,T1-0000,1218.0,260.21868,194,3898.712,-10.289,62.458,63.325,37.238,45.29,3960.008,95.442,96.816,100.188,101.526,647.069,643.358,640.046,643.476,87.976,99.242,3.386,6.658,3.041,0.622,0.303,0.219,2.927,14.166,8.082,21.207,NORMAL,0.0,-1.0,100.0
E001,T1-0000,1219.0,260.21896,195,3899.339,-10.293,62.453,63.333,37.239,45.312,3963.148,95.363,97.644,100.12,101.477,641.716,645.724,641.88,640.139,88.06,99.199,3.388,6.666,3.048,0.635,0.308,0.218,2.901,14.228,8.011,21.213,NORMAL,0.0,-1.0,100.0
E001,T1-0000,1220.0,260.21924,196,3899.964,-10.297,62.448,63.34,37.241,45.199,3967.269,95.179,97.87,100.355,101.619,644.634,645.644,642.71,639.019,87.936,99.188,3.391,6.675,3.064,0.629,0.307,0.219,2.905,14.184,7.779,21.221,NORMAL,0.0,-1.0,100.0
E001,T1-0000,1221.0,260.21952,197,3900.59,-10.301,62.443,63.348,37.243,45.293,3968.95,95.6,97.841,100.034,101.186,644.454,647.215,642.479,638.756,87.983,99.3,3.388,6.679,3.039,0.618,0.311,0.218,2.912,14.195,8.006,21.224,NORMAL,0.0,-1.0,100.0
E001,T1-0000,1222.0,260.21979,198,3901.215,-10.305,62.438,63.355,37.244,45.307,3962.934,95.51,97.926,99.885,100.499,642.727,645.18,640.207,641.264,87.94,99.253,3.384,6.666,3.072,0.634,0.304,0.223,2.914,14.216,8.048,21.212,NORMAL,0.0,-1.0,100.0
E001,T1-0000,1223.0,260.22007,199,3901.839,-10.309,62.433,63.363,37.246,45.351,3969.931,96.014,98.364,99.691,100.478,641.833,643.952,642.839,643.756,87.818,99.237,3.385,6.682,3.052,0.645,0.311,0.226,2.926,14.187,8.016,21.226,NORMAL,0.0,-1.0,100.0
E001,T1-0000,1224.0,260.22035,200,3902.463,-10.313,62.428,63.371,37.248,45.272,3970.548,95.6,97.713,99.252,101.06,638.884,640.113,643.631,644.128,87.92,99.261,3.382,6.683,3.049,0.651,0.308,0.226,2.933,14.185,7.817,21.227,NORMAL,0.0,-1.0,100.0
E001,T1-0000,1225.0,260.22063,201,3903.086,-10.317,62.423,63.379,37.25,45.36,3967.819,95.434,97.265,99.001,100.338,640.231,642.666,646.17,643.133,87.84,99.229,3.387,6.677,3.034,0.648,0.306,0.224,2.919,14.204,7.75,21.221,NORMAL,0.0,-1.0,100.0
E001,T1-0000,1226.0,260.2209,202,3903.709,-10.321,62.418,63.387,37.251,45.33,3969.841,95.392,97.032,99.117,100.725,643.089,644.226,645.037,644.52,87.92,99.192,3.393,6.682,3.055,0.666,0.304,0.225,2.912,14.198,7.86,21.225,NORMAL,0.0,-1.0,100.0
E001,T1-0000,1227.0,260.22118,203,3904.331,-10.325,62.413,63.395,37.253,45.252,3971.176,95.74,97.33,99.284,101.032,645.364,645.842,645.64,640.96,87.908,99.205,3.394,6.685,3.054,0.646,0.302,0.225,2.95,14.19,7.803,21.228,NORMAL,0.0,-1.0,100.0
E001,T1-0000,1228.0,260.22146,204,3904.953,-10.329,62.408,63.403,37.255,45.278,3972.294,95.728,97.278,99.353,100.964,643.515,643.061,642.059,645.269,87.842,99.205,3.382,6.688,3.048,0.632,0.3,0.221,2.948,14.175,7.686,21.23,NORMAL,0.0,-1.0,100.0
E001,T1-0000,1229.0,260.22174,205,3905.574,-10.333,62.403,63.411,37.257,45.279,3967.712,95.961,97.722,99.802,100.434,641.786,647.214,644.532,644.792,87.645,99.293,3.386,6.678,3.031,0.621,0.298,0.22,2.968,14.171,7.653,21.221,NORMAL,0.0,-1.0,100.0
E001,T1-0000,1230.0,260.22202,206,3906.195,-10.337,62.397,63.42,37.259,45.445,3970.379,95.839,97.307,99.363,100.47,641.601,648.158,646.1,644.507,87.77,99.186,3.391,6.684,3.062,0.61,0.296,0.217,3.007,14.245,8.016,21.226,NORMAL,0.0,-1.0,100.0
E001,T1-0000,1231.0,260.22229,207,3906.814,-10.342,62.392,63.428,37.262,45.26,3965.429,96.519,97.304,99.307,100.251,642.094,644.805,644.75,642.701,87.826,99.234,3.387,6.673,3.045,0.626,0.293,0.216,3.0,14.194,7.671,21.216,NORMAL,0.0,-1.0,100.0
E001,T1-0000,1232.0,260.22257,208,3907.434,-10.346,62.387,63.436,37.264,45.23,3965.038,96.693,97.491,99.227,100.098,643.168,645.488,643.855,644.322,87.801,99.2,3.393,6.672,3.048,0.62,0.299,0.215,2.998,14.225,7.761,21.216,NORMAL,0.0,-1.0,100.0
E001,T1-0000,1233.0,260.22285,209,3908.052,-10.35,62.382,63.445,37.266,45.273,3964.341,97.104,97.969,99.479,99.494,642.482,644.579,644.543,643.58,87.658,99.269,3.387,6.67,3.06,0.652,0.306,0.215,3.042,14.197,7.745,21.214,NORMAL,0.0,-1.0,100.0
E001,T1-0000,1234.0,260.22313,210,3908.67,-10.354,62.377,63.454,37.268,45.249,3962.728,97.148,97.449,99.29,99.522,644.774,646.328,642.387,642.84,87.795,99.184,3.381,6.667,3.037,0.641,0.305,0.216,3.026,14.208,7.688,21.211,NORMAL,0.0,-1.0,100.0
E001,T1-0000,1235.0,260.2234,211,3909.287,-10.358,62.372,63.462,37.271,45.23,3968.103,97.282,98.045,99.295,99.119,643.674,639.21,643.046,642.761,87.931,99.222,3.387,6.679,3.047,0.636,0.308,0.217,3.014,14.179,7.844,21.221,NORMAL,0.0,-1.0,100.0
E001,T1-0000,1236.0,260.22368,212,3909.904,-10.362,62.367,63.471,37.273,45.268,3974.699,97.489,98.257,99.132,99.286,640.749,643.176,642.2,642.657,87.792,99.255,3.389,6.695,3.042,0.64,0.308,0.222,2.986,14.226,7.713,21.234,NORMAL,0.0,-1.0,100.0
E001,T1-0000,1237.0,260.22396,213,3910.519,-10.366,62.362,63.48,37.275,45.274,3973.971,97.354,99.003,98.535,99.604,639.47,644.215,643.373,641.699,87.733,99.269,3.394,6.693,3.052,0.635,0.303,0.219,3.005,14.19,7.521,21.232,NORMAL,0.0,-1.0,100.0
E001,T1-0000,1238.0,260.22424,214,3911.134,-10.37,62.357,63.489,37.278,45.242,3978.561,97.803,98.711,98.77,99.862,639.874,644.986,643.663,643.795,87.896,99.217,3.391,6.704,3.046,0.649,0.299,0.221,2.94,14.193,7.74,21.241,NORMAL,0.0,-1.0,100.0
E001,T1-0000,1239.0,260.22452,215,3911.748,-10.374,62.352,63.498,37.281,45.264,3974.838,98.101,99.144,98.622,99.978,641.421,645.946,643.747,642.583,87.827,99.209,3.394,6.695,3.049,0.659,0.299,0.224,2.979,14.18,7.733,21.234,NORMAL,0.0,-1.0,100.0
E001,T1-0000,1240.0,260.22479,216,3912.362,-10.378,62.347,63.507,37.283,45.248,3973.178,97.989,99.089,98.747,100.095,643.329,645.908,640.861,642.385,87.788,99.365,3.393,6.692,3.046,0.643,0.295,0.222,2.935,14.223,7.593,21.23,NORMAL,0.0,-1.0,100.0
E001,T1-0000,1241.0,260.22507,217,3912.974,-10.382,62.342,63.516,37.286,45.25,3972.561,98.622,99.71,98.599,99.529,644.178,643.322,641.66,644.058,87.934,99.17,3.39,6.69,3.038,0.637,0.3,0.225,2.934,14.205,7.645,21.229,NORMAL,0.0,-1.0,100.0
E001,T1-0000,1242.0,260.22535,218,3913.586,-10.386,62.338,63.526,37.288,45.357,3969.689,98.507,99.386,98.717,100.154,643.652,644.205,639.239,641.721,87.825,99.122,3.387,6.684,3.037,0.626,0.297,0.221,2.996,14.19,7.381,21.224,NORMAL,0.0,-1.0,100.0
E001,T1-0000,1243.0,260.22563,219,3914.197,-10.389,62.333,63.535,37.291,45.254,3966.331,98.034,99.288,98.931,100.428,645.582,643.497,641.152,644.41,87.891,99.179,3.388,6.677,3.069,0.629,0.295,0.221,2.997,14.191,7.431,21.217,NORMAL,0.0,-1.0,100.0
E001,T1-0000,1244.0,260.2259,220,3914.807,-10.393,62.328,63.544,37.294,45.277,3969.883,97.482,99.222,98.774,99.734,643.68,646.823,639.864,642.902,87.931,99.131,3.392,6.685,3.052,0.67,0.299,0.222,3.046,14.19,7.49,21.224,NORMAL,0.0,-1.0,100.0
E001,T1-0000,1245.0,260.22618,221,3915.416,-10.397,62.323,63.554,37.297,45.278,3971.734,97.699,99.344,98.862,99.669,643.517,647.575,643.857,642.206,87.68,99.324,3.38,6.689,3.048,0.665,0.299,0.22,3.027,14.209,7.375,21.227,NORMAL,0.0,-1.0,100.0
E001,T1-0000,1246.0,260.22646,222,3916.025,-10.401,62.318,63.563,37.3,45.265,3970.848,97.679,98.713,99.065,99.791,644.382,648.316,641.638,643.861,87.897,99.146,3.392,6.688,3.056,0.652,0.296,0.219,2.989,14.214,7.77,21.225,NORMAL,0.0,-1.0,100.0
E001,T1-0000,1247.0,260.22674,223,3916.632,-10.405,62.313,63.573,37.303,45.289,3973.517,97.43,98.636,98.949,99.806,639.152,646.773,644.279,646.463,87.972,99.142,3.401,6.694,3.061,0.65,0.299,0.218,3.045,14.248,7.656,21.23,NORMAL,0.0,-1.0,100.0
E001,T1-0000,1248.0,260.22702,224,3917.239,-10.409,62.308,63.583,37.306,45.329,3972.786,97.347,97.954,98.854,99.807,642.712,642.632,643.886,644.704,87.748,99.195,3.394,6.692,3.037,0.637,0.296,0.222,3.068,14.219,7.601,21.229,NORMAL,0.0,-1.0,100.0
E001,T1-0000,1249.0,260.22729,225,3917.844,-10.413,62.303,63.593,37.309,45.301,3976.965,96.876,97.817,98.706,98.834,641.527,642.739,643.505,644.837,87.975,99.144,3.39,6.702,3.054,0.649,0.299,0.219,3.048,14.176,7.515,21.237,NORMAL,0.0,-1.0,100.0
E001,T1-0000,1250.0,260.22757,226,3918.449,-10.417,62.298,63.602,37.312,45.286,3973.062,97.469,97.809,98.472,98.539,642.151,644.477,644.085,647.026,87.78,99.246,3.389,6.694,3.051,0.655,0.304,0.219,3.046,14.221,7.698,21.229,NORMAL,0.0,-1.0,100.0
E001,T1-0000,1251.0,260.22785,227,3919.053,-10.421,62.293,63.612,37.315,45.317,3975.721,97.416,97.76,98.585,98.58,644.363,643.577,643.337,645.616,87.82,99.337,3.395,6.7,3.032,0.677,0.306,0.217,3.037,14.246,7.485,21.234,NORMAL,0.0,-1.0,100.0
E001,T1-0000,1252.0,260.22813,228,3919.655,-10.425,62.288,63.622,37.318,45.243,3976.956,97.135,97.704,98.631,98.511,643.65,643.399,644.567,647.001,88.021,99.165,3.394,6.703,3.045,0.654,0.3,0.22,2.985,14.228,7.447,21.236,NORMAL,0.0,-1.0,100.0
E001,T1-0000,1253.0,260.2284,229,3920.257,-10.429,62.283,63.632,37.322,45.223,3978.431,97.262,97.118,98.389,98.603,644.502,644.987,642.516,646.788,87.888,99.269,3.393,6.707,3.046,0.655,0.3,0.221,2.945,14.186,7.535,21.239,NORMAL,0.0,-1.0,100.0
E001,T1-0000,1254.0,260.22868,230,3920.858,-10.433,62.279,63.643,37.325,45.269,3971.205,97.331,97.115,97.852,98.789,644.419,644.987,642.581,644.727,87.837,99.238,3.386,6.69,3.033,0.641,0.307,0.225,2.955,14.203,7.528,21.225,NORMAL,0.0,-1.0,100.0
E001,T1-0000,1255.0,260.22896,231,3921.457,-10.437,62.274,63.653,37.328,45.275,3973.321,97.436,97.562,98.399,99.698,643.448,643.106,641.369,642.618,87.967,99.153,3.39,6.695,3.043,0.636,0.31,0.225,2.941,14.228,7.329,21.229,NORMAL,0.0,-1.0,100.0
E001,T1-0000,1256.0,260.22924,232,3922.056,-10.441,62.269,63.663,37.332,45.355,3976.429,97.342,98.422,98.526,99.365,643.808,643.458,644.642,643.55,87.923,99.287,3.388,6.703,3.062,0.629,0.313,0.223,2.939,14.192,7.736,21.235,NORMAL,0.0,-1.0,100.0
E001,T1-0000,1257.0,260.22952,233,3922.653,-10.444,62.264,63.674,37.335,45.289,3977.087,97.372,98.245,98.984,99.669,645.909,644.143,646.049,645.026,87.873,99.144,3.396,6.705,3.052,0.634,0.31,0.222,2.935,14.207,7.508,21.236,NORMAL,0.0,-1.0,100.0
E001,T1-0000,1258.0,260.22979,234,3923.25,-10.448,62.259,63.684,37.339,45.331,3975.857,97.704,98.876,99.317,100.022,644.36,645.305,644.073,645.774,87.7,99.216,3.393,6.702,3.036,0.649,0.308,0.222,2.996,14.224,7.611,21.234,NORMAL,0.0,-1.0,100.0
E001,T1-0000,1259.0,260.23007,235,3923.845,-10.452,62.254,63.695,37.342,45.223,3979.048,98.164,99.142,99.745,100.184,643.431,643.245,644.094,644.238,87.822,99.191,3.39,6.71,3.058,0.662,0.305,0.221,3.0,14.251,7.62,21.239,NORMAL,0.0,-1.0,100.0
E001,T1-0000,1260.0,260.23035,236,3924.439,-10.456,62.25,63.705,37.346,45.343,3978.677,97.874,98.441,99.585,99.961,641.418,644.613,642.507,642.752,87.865,99.121,3.396,6.709,3.031,0.641,0.304,0.226,3.024,14.226,7.529,21.239,NORMAL,0.0,-1.0,100.0
E001,T1-0000,1261.0,260.23063,237,3925.032,-10.46,62.245,63.716,37.349,45.29,3976.34,97.811,98.084,99.811,99.621,639.588,644.495,642.036,642.089,87.667,99.195,3.397,6.704,3.058,0.635,0.308,0.224,3.003,14.212,7.583,21.234,NORMAL,0.0,-1.0,100.0
E001,T1-0000,1262.0,260.2309,238,3925.624,-10.464,62.24,63.727,37.353,45.207,3973.333,97.514,97.546,99.52,100.138,638.099,644.523,640.665,642.898,87.731,99.233,3.394,6.698,3.038,0.625,0.302,0.226,2.989,14.207,7.508,21.228,NORMAL,0.0,-1.0,100.0
E001,T1-0000,1263.0,260.23118,239,3926.215,-10.468,62.235,63.738,37.357,45.273,3976.401,97.046,97.65,99.215,100.666,641.072,645.424,639.719,644.043,87.693,99.294,3.395,6.705,3.05,0.618,0.301,0.225,3.0,14.139,7.305,21.234,NORMAL,0.0,-1.0,100.0
E001,T1-0000,1264.0,260.23146,240,3926.805,-10.471,62.23,63.749,37.361,45.307,3982.005,97.339,97.824,99.158,100.363,641.649,645.215,640.439,643.998,87.709,99.279,3.393,6.718,3.043,0.638,0.302,0.223,3.053,14.234,7.354,21.244,NORMAL,0.0,-1.0,100.0
E001,T1-0000,1265.0,260.23174,241,3927.393,-10.475,62.226,63.76,37.365,45.279,3986.335,96.568,98.069,98.853,100.206,641.343,644.028,639.925,644.982,87.673,99.186,3.397,6.729,3.037,0.633,0.301,0.224,3.047,14.172,7.685,21.253,NORMAL,0.0,-1.0,100.0
E001,T1-0000,1266.0,260.23202,242,3927.98,-10.479,62.221,63.771,37.369,45.265,3982.601,96.656,98.625,98.974,99.952,639.032,644.137,640.436,643.658,87.853,99.182,3.397,6.72,3.036,0.627,0.3,0.224,3.064,14.209,7.324,21.245,NORMAL,0.0,-1.0,100.0
E001,T1-0000,1267.0,260.23229,243,3928.566,-10.483,62.216,63.782,37.372,45.276,3980.731,96.891,98.874,99.244,100.149,643.696,644.332,642.548,644.748,87.823,99.175,3.396,6.716,3.062,0.622,0.306,0.223,3.088,14.197,7.62,21.242,NORMAL,0.0,-1.0,100.0
E001,T1-0000,1268.0,260.23257,244,3929.151,-10.487,62.211,63.793,37.376,45.362,3977.071,97.42,98.72,98.703,99.804,642.935,643.482,640.169,642.005,87.959,99.165,3.398,6.708,3.073,0.644,0.308,0.223,3.052,14.241,7.691,21.235,NORMAL,0.0,-1.0,100.0
E001,T1-0000,1269.0,260.23285,245,3929.734,-10.49,62.207,63.804,37.381,45.227,3974.917,97.193,98.861,98.372,99.186,644.614,645.039,640.668,639.853,87.853,99.231,3.399,6.703,3.078,0.646,0.315,0.221,3.046,14.188,7.454,21.23,NORMAL,0.0,-1.0,100.0
E001,T1-0000,1270.0,260.23313,246,3930.316,-10.494,62.202,63.816,37.385,45.282,3979.293,97.477,99.006,98.224,99.641,644.284,644.648,642.184,642.853,87.762,99.263,3.393,6.714,3.053,0.634,0.311,0.224,3.058,14.187,7.547,21.238,NORMAL,0.0,-1.0,100.0
E001,T1-0000,1271.0,260.2334,247,3930.897,-10.498,62.197,63.827,37.389,45.25,3982.877,97.278,98.698,98.059,99.556,643.389,643.813,642.036,642.888,87.837,99.272,3.406,6.723,3.051,0.623,0.308,0.224,3.08,14.225,7.358,21.245,NORMAL,0.0,-1.0,100.0
E001,T1-0000,1272.0,260.23368,248,3931.477,-10.502,62.193,63.839,37.393,45.355,3977.65,97.242,98.021,98.147,99.099,642.967,643.448,643.607,641.947,87.779,99.273,3.39,6.711,3.052,0.621,0.306,0.222,3.111,14.195,7.478,21.235,NORMAL,0.0,-1.0,100.0
E001,T1-0000,1273.0,260.23396,249,3932.055,-10.506,62.188,63.85,37.397,45.306,3985.66,97.441,97.926,98.239,99.039,645.126,643.028,644.949,643.765,87.773,99.2,3.395,6.73,3.023,0.619,0.301,0.22,3.159,14.17,7.23,21.25,NORMAL,0.0,-1.0,100.0
E001,T1-0000,1274.0,260.23424,250,3932.632,-10.509,62.183,63.862,37.402,45.346,3983.07,97.808,97.639,98.773,99.18,643.505,644.052,643.214,645.135,87.735,99.141,3.401,6.724,3.066,0.623,0.303,0.223,3.078,14.189,7.587,21.245,NORMAL,0.0,-1.0,100.0
E001,T1-0000,1275.0,260.23452,251,3933.207,-10.513,62.179,63.874,37.406,45.387,3984.617,97.546,98.055,98.684,98.458,642.944,644.172,645.067,642.872,87.802,99.323,3.398,6.728,3.047,0.654,0.309,0.22,3.045,14.237,7.443,21.248,NORMAL,0.0,-1.0,100.0
E001,T1-0000,1276.0,260.23479,252,3933.781,-10.517,62.174,63.885,37.41,45.25,3981.175,97.604,98.168,98.657,98.011,641.795,644.957,647.605,642.411,87.799,99.239,3.401,6.721,3.055,0.641,0.309,0.225,3.068,14.24,7.39,21.241,NORMAL,0.0,-1.0,100.0
E001,T1-0000,1277.0,260.23507,253,3934.354,-10.521,62.169,63.897,37.415,45.236,3981.831,97.973,97.735,98.246,97.517,645.387,644.183,644.62,646.834,87.835,99.257,3.393,6.722,3.065,0.65,0.305,0.226,3.057,14.155,7.617,21.242,NORMAL,0.0,-1.0,100.0
E001,T1-0000,1278.0,260.23535,254,3934.925,-10.524,62.165,63.909,37.419,45.304,3979.423,97.938,97.676,98.757,97.668,645.329,642.898,646.407,643.409,87.812,99.181,3.397,6.717,3.06,0.643,0.31,0.229,3.031,14.15,7.398,21.238,NORMAL,0.0,-1.0,100.0
E001,T1-0000,1279.0,260.23563,255,3935.495,-10.528,62.16,63.921,37.424,45.287,3978.892,97.522,97.8,99.266,97.949,645.332,643.092,645.87,641.891,87.91,99.124,3.395,6.716,3.029,0.648,0.308,0.226,2.994,14.204,7.483,21.236,NORMAL,0.0,-1.0,100.0
E001,T1-0000,1280.0,260.2359,0,3936.063,-10.532,62.156,63.933,37.429,45.325,3980.934,97.545,97.562,98.599,98.594,639.438,641.643,647.009,644.131,87.733,99.188,3.396,6.721,3.028,0.64,0.304,0.227,3.01,14.193,6.934,21.24,NORMAL,0.0,-1.0,100.0
E001,T1-0000,1281.0,260.23618,1,3936.63,-10.535,62.151,63.946,37.433,45.307,3978.614,97.514,97.917,98.833,98.448,644.136,643.146,642.211,644.515,87.67,99.225,3.397,6.717,3.059,0.641,0.302,0.225,3.049,14.195,7.277,21.235,NORMAL,0.0,-1.0,100.0
E001,T1-0000,1282.0,260.23646,2,3937.196,-10.539,62.146,63.958,37.438,45.281,3984.841,97.356,97.611,99.131,98.413,647.489,643.084,641.503,644.984,87.811,99.254,3.4,6.732,3.044,0.647,0.303,0.225,3.045,14.205,7.479,21.247,NORMAL,0.0,-1.0,100.0
E001,T1-0000,1283.0,260.23674,3,3937.76,-10.543,62.142,63.97,37.443,45.41,3981.572,97.132,97.618,99.042,98.609,649.109,642.507,641.692,647.277,87.837,99.14,3.388,6.724,3.063,0.652,0.3,0.224,3.062,14.179,7.234,21.241,NORMAL,0.0,-1.0,100.0
E001,T1-0000,1284.0,260.23702,4,3938.322,-10.546,62.137,63.982,37.448,45.284,3991.546,96.579,97.24,99.196,98.31,649.086,642.274,643.354,643.602,87.81,99.282,3.4,6.748,3.053,0.691,0.301,0.227,3.009,14.165,7.302,21.26,NORMAL,0.0,-1.0,100.0
E001,T1-0000,1285.0,260.23729,5,3938.883,-10.55,62.133,63.995,37.452,45.37,3988.715,96.259,96.755,99.274,98.531,644.36,641.642,643.82,643.994,87.978,99.283,3.403,6.742,3.04,0.675,0.305,0.229,3.034,14.231,7.389,21.254,NORMAL,0.0,-1.0,100.0
E001,T1-0000,1286.0,260.23757,6,3939.443,-10.554,62.128,64.007,37.457,45.292,3984.973,95.889,97.31,99.877,98.429,644.336,643.283,645.234,643.731,87.888,99.229,3.396,6.733,3.069,0.668,0.3,0.228,2.993,14.194,7.193,21.247,NORMAL,0.0,-1.0,100.0
E001,T1-0000,1287.0,260.23785,7,3940.001,-10.557,62.124,64.02,37.462,45.328,3985.942,95.671,97.084,99.927,98.473,645.001,645.851,644.984,642.709,87.988,99.204,3.409,6.736,3.044,0.664,0.299,0.224,3.003,14.204,7.382,21.248,NORMAL,0.0,-1.0,100.0
E001,T1-0000,1288.0,260.23813,8,3940.557,-10.561,62.119,64.033,37.467,45.4,3983.412,95.46,97.404,99.835,98.673,642.204,644.019,647.063,646.071,87.945,99.27,3.39,6.73,3.073,0.645,0.3,0.225,3.002,14.166,7.188,21.243,NORMAL,0.0,-1.0,100.0
E001,T1-0000,1289.0,260.2384,9,3941.112,-10.564,62.115,64.045,37.472,45.4,3983.297,95.358,97.452,99.913,98.477,644.237,645.809,649.405,646.16,88.12,99.282,3.391,6.731,3.064,0.637,0.308,0.224,2.963,14.195,7.496,21.243,NORMAL,0.0,-1.0,100.0
E001,T1-0000,1290.0,260.23868,10,3941.665,-10.568,62.11,64.058,37.477,45.321,3985.653,94.923,97.577,100.145,98.481,646.235,646.305,649.213,646.526,87.98,99.316,3.402,6.736,3.051,0.636,0.303,0.221,2.954,14.184,7.311,21.247,NORMAL,0.0,-1.0,100.0
E001,T1-0000,1291.0,260.23896,11,3942.216,-10.572,62.106,64.071,37.483,45.44,3987.027,94.626,97.86,100.047,98.607,644.64,645.239,647.705,645.782,88.007,99.228,3.403,6.74,3.039,0.63,0.3,0.222,3.0,14.147,6.983,21.25,NORMAL,0.0,-1.0,100.0
E001,T1-0000,1292.0,260.23924,12,3942.766,-10.575,62.101,64.084,37.488,45.301,3983.058,95.103,97.556,100.017,99.174,643.354,644.804,649.599,645.085,88.026,99.211,3.392,6.731,3.053,0.623,0.301,0.22,2.982,14.198,7.395,21.242,NORMAL,0.0,-1.0,100.0
E001,T1-0000,1293.0,260.23952,13,3943.315,-10.579,62.097,64.097,37.493,45.411,3987.109,95.033,98.035,100.125,99.424,640.085,645.334,647.944,643.379,87.947,99.208,3.398,6.741,3.041,0.619,0.302,0.219,2.981,14.196,7.337,21.25,NORMAL,0.0,-1.0,100.0
E001,T1-0000,1294.0,260.23979,14,3943.861,-10.582,62.093,64.11,37.498,45.351,3988.397,94.981,98.699,100.002,99.497,643.74,646.491,646.622,643.36,88.006,99.236,3.4,6.745,3.069,0.617,0.298,0.224,3.005,14.197,7.104,21.252,NORMAL,0.0,-1.0,100.0
E001,T1-0000,1295.0,260.24007,15,3944.406,-10.586,62.088,64.123,37.504,45.353,3988.734,94.957,98.011,99.598,99.786,645.092,647.016,646.772,646.649,88.066,99.238,3.403,6.746,3.055,0.609,0.297,0.22,2.982,14.179,7.312,21.252,NORMAL,0.0,-1.0,100.0
E001,T1-0000,1296.0,260.24035,16,3944.949,-10.589,62.084,64.136,37.509,45.402,3985.004,94.779,98.115,99.295,99.298,643.462,646.732,643.945,646.668,88.29,99.191,3.392,6.738,3.059,0.602,0.296,0.221,3.017,14.196,7.244,21.245,NORMAL,0.0,-1.0,100.0
E001,T1-0000,1297.0,260.24063,17,3945.491,-10.593,62.079,64.149,37.515,45.452,3984.747,94.243,98.28,99.117,99.247,644.624,645.086,645.034,644.627,88.334,99.292,3.391,6.737,3.057,0.601,0.301,0.22,3.03,14.187,7.208,21.244,NORMAL,0.0,-1.0,100.0
E001,T1-0000,1298.0,260.2409,18,3946.031,-10.596,62.075,64.163,37.52,45.415,3990.234,94.217,98.41,98.66,99.538,644.502,642.498,642.125,643.889,88.139,99.288,3.392,6.75,3.053,0.602,0.301,0.225,2.963,14.238,7.651,21.254,NORMAL,0.0,-1.0,100.0
E001,T1-0000,1299.0,260.24118,19,3946.569,-10.6,62.071,64.176,37.526,45.36,3989.116,94.329,98.684,98.687,99.439,643.083,644.232,641.524,641.789,88.263,99.34,3.392,6.748,3.067,0.601,0.3,0.222,2.987,14.175,7.461,21.252,NORMAL,0.0,-1.0,100.0
E001,T1-0000,1300.0,260.24146,20,3947.105,-10.603,62.066,64.19,37.531,45.4,3993.09,93.925,98.813,98.861,99.312,641.44,644.05,641.857,642.178,88.271,99.285,3.402,6.758,3.068,0.61,0.312,0.223,2.987,14.211,7.426,21.26,NORMAL,0.0,-1.0,100.0
E001,T1-0000,1301.0,260.24174,21,3947.64,-10.607,62.062,64.203,37.537,45.301,3993.519,93.726,98.613,98.735,99.227,641.213,641.491,638.803,644.183,88.335,99.234,3.396,6.759,3.065,0.631,0.314,0.221,2.983,14.184,6.873,21.26,NORMAL,0.0,-1.0,100.0
E001,T1-0000,1302.0,260.24202,22,3948.173,-10.61,62.058,64.217,37.543,45.447,3992.211,93.381,99.21,99.625,99.251,641.693,642.519,640.986,646.296,88.315,99.304,3.401,6.757,3.047,0.62,0.312,0.229,2.977,14.229,7.346,21.257,NORMAL,0.0,-1.0,100.0
E001,T1-0000,1303.0,260.24229,23,3948.704,-10.614,62.053,64.23,37.548,45.345,3995.552,93.15,99.173,99.669,99.408,642.397,642.276,643.45,647.753,88.45,99.338,3.405,6.765,3.046,0.638,0.311,0.225,2.962,14.174,7.293,21.264,NORMAL,0.0,-1.0,100.0
E001,T1-0000,1304.0,260.24257,24,3949.233,-10.617,62.049,64.244,37.554,45.395,3995.633,93.432,99.049,100.028,99.514,639.224,641.346,640.631,644.265,88.33,99.309,3.396,6.766,3.053,0.644,0.31,0.228,2.972,14.176,7.471,21.264,NORMAL,0.0,-1.0,100.0
E001,T1-0000,1305.0,260.24285,25,3949.76,-10.621,62.045,64.258,37.56,45.413,3997.896,93.593,99.073,100.209,99.603,639.794,642.081,640.324,646.453,88.351,99.345,3.404,6.772,3.062,0.648,0.304,0.23,2.991,14.193,7.154,21.268,NORMAL,0.0,-1.0,100.0
E001,T1-0000,1306.0,260.24313,26,3950.286,-10.624,62.041,64.272,37.566,45.435,3989.91,93.686,98.807,100.999,99.368,642.117,641.512,643.535,645.434,88.263,99.39,3.397,6.754,3.036,0.639,0.318,0.228,3.011,14.194,7.231,21.252,NORMAL,0.0,-1.0,100.0
E001,T1-0000,1307.0,260.2434,27,3950.81,-10.627,62.036,64.286,37.572,45.538,3990.644,93.824,98.728,100.926,99.063,642.225,644.475,645.997,645.877,88.233,99.404,3.401,6.756,3.041,0.647,0.32,0.225,2.961,14.155,7.192,21.253,NORMAL,0.0,-1.0,100.0
E001,T1-0000,1308.0,260.24368,28,3951.331,-10.631,62.032,64.3,37.578,45.325,3995.733,93.669,98.905,101.142,99.439,642.049,644.924,644.427,644.228,88.386,99.387,3.403,6.769,3.057,0.648,0.315,0.225,2.975,14.197,7.207,21.263,NORMAL,0.0,-1.0,100.0
E001,T1-0000,1309.0,260.24396,29,3951.851,-10.634,62.028,64.314,37.584,45.439,3994.643,93.05,98.728,101.006,99.783,642.219,645.965,643.746,644.385,88.279,99.367,3.396,6.766,3.053,0.646,0.32,0.229,2.962,14.17,7.454,21.261,NORMAL,0.0,-1.0,100.0
E001,T1-0000,1310.0,260.24424,30,3952.369,-10.638,62.024,64.328,37.59,45.48,3996.207,92.849,98.885,101.158,99.534,641.296,646.437,646.804,644.637,88.366,99.428,3.406,6.771,3.058,0.646,0.322,0.231,2.96,14.2,7.269,21.263,NORMAL,0.0,-1.0,100.0
E001,T1-0000,1311.0,260.24452,31,3952.886,-10.641,62.02,64.342,37.596,45.365,3996.984,92.489,98.587,100.564,99.558,640.278,644.686,646.763,643.421,88.283,99.487,3.406,6.773,3.074,0.647,0.313,0.228,2.971,14.159,7.38,21.265,NORMAL,0.0,-1.0,100.0
E001,T1-0000,1312.0,260.24479,32,3953.4,-10.644,62.015,64.356,37.602,45.418,3998.21,92.822,97.937,100.849,99.32,640.401,646.315,645.829,643.572,88.234,99.289,3.403,6.776,3.053,0.63,0.309,0.224,2.976,14.228,7.432,21.267,NORMAL,0.0,-1.0,100.0
E001,T1-0000,1313.0,260.24507,33,3953.912,-10.648,62.011,64.37,37.608,45.459,3994.878,92.899,98.275,101.181,99.331,641.902,646.269,646.518,642.124,88.131,99.344,3.405,6.769,3.048,0.664,0.304,0.223,2.995,14.201,6.941,21.26,NORMAL,0.0,-1.0,100.0
E001,T1-0000,1314.0,260.24535,34,3954.422,-10.651,62.007,64.385,37.615,45.478,3994.335,92.941,98.613,100.972,99.762,642.51,645.877,645.407,641.315,88.383,99.274,3.406,6.769,3.02,0.662,0.3,0.221,2.968,14.201,7.462,21.259,NORMAL,0.0,-1.0,100.0
E001,T1-0000,1315.0,260.24563,35,3954.931,-10.654,62.003,64.399,37.621,45.449,3992.577,92.693,98.335,101.291,99.675,642.506,647.24,642.727,643.982,88.498,99.416,3.397,6.765,3.052,0.669,0.303,0.22,3.01,14.185,7.389,21.255,NORMAL,0.0,-1.0,100.0
E001,T1-0000,1316.0,260.2459,36,3955.437,-10.658,61.999,64.414,37.627,45.392,3994.093,92.439,98.082,100.853,99.837,644.189,643.612,643.889,646.098,88.465,99.394,3.392,6.769,3.061,0.66,0.306,0.219,3.038,14.189,7.257,21.258,NORMAL,0.0,-1.0,100.0
E001,T1-0000,1317.0,260.24618,37,3955.942,-10.661,61.995,64.428,37.634,45.411,3994.984,92.764,98.084,101.214,100.022,642.905,642.154,640.825,645.572,88.572,99.462,3.402,6.772,3.055,0.642,0.312,0.218,3.035,14.194,7.389,21.26,NORMAL,0.0,-1.0,100.0
E001,T1-0000,1318.0,260.24646,38,3956.444,-10.664,61.991,64.443,37.64,45.413,3993.245,92.128,98.289,100.76,99.352,644.19,642.327,640.517,644.382,88.345,99.374,3.403,6.768,3.039,0.643,0.308,0.225,3.012,14.198,6.922,21.256,NORMAL,0.0,-1.0,100.0
E001,T1-0000,1319.0,260.24674,39,3956.944,-10.667,61.987,64.458,37.647,45.453,3995.229,92.03,97.758,100.338,99.044,645.203,645.331,639.617,642.746,88.413,99.459,3.403,6.774,3.048,0.629,0.303,0.227,2.971,14.174,7.143,21.26,NORMAL,0.0,-1.0,100.0
E001,T1-0000,1320.0,260.24702,40,3957.443,-10.671,61.983,64.472,37.653,45.492,3999.858,91.874,97.757,100.775,99.012,642.546,646.644,638.504,644.234,88.277,99.425,3.41,6.785,3.054,0.637,0.298,0.226,3.001,14.174,7.289,21.268,NORMAL,0.0,-1.0,100.0
E001,T1-0000,1321.0,260.24729,41,3957.939,-10.674,61.979,64.487,37.66,45.386,3998.592,91.814,97.371,101.309,99.792,640.487,646.678,641.165,645.326,88.352,99.463,3.397,6.783,3.04,0.627,0.297,0.223,2.989,14.19,7.22,21.265,NORMAL,0.0,-1.0,100.0
E001,T1-0000,1322.0,260.24757,42,3958.433,-10.677,61.975,64.502,37.666,45.324,4001.103,92.098,97.498,101.565,99.802,639.276,646.956,640.022,647.342,88.385,99.501,3.392,6.789,3.055,0.63,0.294,0.22,2.956,14.183,7.165,21.27,NORMAL,0.0,-1.0,100.0
E001,T1-0000,1323.0,260.24785,43,3958.925,-10.68,61.971,64.517,37.673,45.57,3998.322,92.425,97.405,101.475,99.571,640.212,646.586,641.423,646.598,88.252,99.473,3.401,6.784,3.041,0.626,0.296,0.222,3.0,14.158,7.02,21.264,NORMAL,0.0,-1.0,100.0
E001,T1-0000,1324.0,260.24813,44,3959.415,-10.683,61.967,64.532,37.68,45.478,3998.768,92.831,97.545,101.251,99.577,639.601,646.875,643.259,645.261,88.338,99.48,3.405,6.785,3.056,0.625,0.304,0.227,3.003,14.18,7.419,21.265,NORMAL,0.0,-1.0,100.0
E001,T1-0000,1325.0,260.2484,45,3959.903,-10.687,61.963,64.547,37.687,45.471,3994.703,93.353,97.292,101.331,99.885,638.936,646.452,644.346,644.623,88.289,99.557,3.398,6.777,3.062,0.632,0.301,0.225,2.981,14.185,7.206,21.257,NORMAL,0.0,-1.0,100.0
E001,T1-0000,1326.0,260.24868,46,3960.389,-10.69,61.959,64.562,37.693,45.507,3995.955,93.216,97.191,100.97,99.93,638.432,647.264,645.85,644.968,88.201,99.416,3.392,6.78,3.053,0.621,0.309,0.224,2.936,14.209,7.265,21.259,NORMAL,0.0,-1.0,100.0
E001,T1-0000,1327.0,260.24896,47,3960.873,-10.693,61.955,64.577,37.7,45.426,3996.898,93.325,97.248,101.985,99.807,642.404,643.259,646.254,647.188,88.252,99.511,3.397,6.783,3.062,0.634,0.307,0.225,2.947,14.218,7.499,21.261,NORMAL,0.0,-1.0,100.0
E001,T1-0000,1328.0,260.24924,48,3961.355,-10.696,61.951,64.592,37.707,45.512,4001.33,94.008,97.683,102.514,100.109,644.024,642.733,642.656,647.015,88.198,99.509,3.412,6.794,3.041,0.649,0.303,0.228,2.959,14.17,7.056,21.269,NORMAL,0.0,-1.0,100.0
E001,T1-0000,1329.0,260.24952,49,3961.834,-10.699,61.947,64.608,37.714,45.55,3994.757,93.459,98.017,102.104,100.634,644.534,642.857,642.991,645.654,87.982,99.581,3.39,6.78,3.046,0.633,0.305,0.225,2.966,14.188,7.375,21.256,NORMAL,0.0,-1.0,100.0
E001,T1-0000,1330.0,260.24979,50,3962.311,-10.702,61.944,64.623,37.721,45.441,3998.661,94.182,97.688,102.045,100.512,641.33,644.163,646.461,644.501,88.085,99.511,3.4,6.79,3.048,0.632,0.307,0.222,2.934,14.193,7.222,21.263,NORMAL,0.0,-1.0,100.0
E001,T1-0000,1331.0,260.25007,51,3962.786,-10.705,61.94,64.638,37.728,45.551,4000.026,94.236,97.583,101.192,100.309,643.192,646.607,648.032,645.523,88.077,99.493,3.398,6.794,3.054,0.645,0.305,0.22,2.989,14.208,7.445,21.266,NORMAL,0.0,-1.0,100.0
E001,T1-0000,1332.0,260.25035,52,3963.259,-10.708,61.936,64.654,37.735,45.542,4002.501,94.345,97.55,101.439,100.32,643.648,644.309,648.92,643.705,88.157,99.511,3.396,6.8,3.041,0.636,0.3,0.225,3.008,14.184,7.358,21.27,NORMAL,0.0,-1.0,100.0
E001,T1-0000,1333.0,260.25063,53,3963.73,-10.711,61.932,64.669,37.742,45.557,4006.792,95.043,97.484,101.767,99.994,641.862,644.056,648.556,646.049,88.156,99.498,3.407,6.811,3.048,0.655,0.3,0.23,2.969,14.195,7.054,21.278,NORMAL,0.0,-1.0,100.0
E001,T1-0000,1334.0,260.2509,54,3964.198,-10.714,61.928,64.685,37.75,45.508,4004.569,94.938,97.178,101.04,99.937,641.636,646.633,646.558,645.728,88.204,99.511,3.401,6.806,3.054,0.646,0.298,0.226,2.905,14.176,7.515,21.274,NORMAL,0.0,-1.0,100.0
E001,T1-0000,1335.0,260.25118,55,3964.664,-10.718,61.925,64.701,37.757,45.586,4007.883,94.373,97.302,100.806,99.687,643.133,644.081,647.615,644.169,88.156,99.47,3.404,6.815,3.044,0.652,0.304,0.228,2.867,14.185,7.188,21.28,NORMAL,0.0,-1.0,100.0
E001,T1-0000,1336.0,260.25146,56,3965.128,-10.721,61.921,64.716,37.764,45.599,4010.674,94.442,97.673,100.846,99.758,642.977,643.603,647.371,645.548,88.049,99.421,3.402,6.822,3.047,0.639,0.301,0.227,2.894,14.197,7.095,21.285,NORMAL,0.0,-1.0,100.0
E001,T1-0000,1337.0,260.25174,57,3965.59,-10.724,61.917,64.732,37.771,45.503,4007.897,94.49,97.375,100.506,100.135,643.537,641.312,645.105,647.104,88.093,99.509,3.41,6.816,3.039,0.645,0.307,0.225,2.88,14.189,6.86,21.279,NORMAL,0.0,-1.0,100.0
E001,T1-0000,1338.0,260.25202,58,3966.049,-10.727,61.913,64.748,37.779,45.573,4010.957,94.845,97.536,100.453,100.817,641.955,643.275,643.582,644.939,88.136,99.522,3.406,6.824,3.055,0.642,0.305,0.227,2.899,14.21,7.07,21.285,NORMAL,0.0,-1.0,100.0
E001,T1-0000,1339.0,260.25229,59,3966.506,-10.73,61.91,64.764,37.786,45.534,4008.191,94.542,97.449,99.291,100.823,642.482,642.996,644.032,645.759,87.976,99.477,3.405,6.818,3.039,0.627,0.305,0.227,2.875,14.173,7.189,21.279,NORMAL,0.0,-1.0,100.0
E001,T1-0000,1340.0,260.25257,60,3966.961,-10.732,61.906,64.779,37.794,45.606,4004.039,95.08,97.75,99.44,100.636,642.074,639.19,645.967,643.843,87.982,99.534,3.404,6.809,3.054,0.618,0.306,0.228,2.904,14.232,7.265,21.271,NORMAL,0.0,-1.0,100.0
E001,T1-0000,1341.0,260.25285,61,3967.414,-10.735,61.902,64.795,37.801,45.564,4003.6,94.799,98.04,99.499,100.307,639.275,637.492,646.659,643.674,88.101,99.532,3.4,6.809,3.039,0.627,0.303,0.23,2.906,14.19,6.95,21.27,NORMAL,0.0,-1.0,100.0
E001,T1-0000,1342.0,260.25313,62,3967.864,-10.738,61.899,64.811,37.809,45.616,4001.79,94.885,97.994,99.414,100.05,641.974,637.971,645.786,646.642,88.122,99.49,3.401,6.805,3.044,0.635,0.311,0.229,2.981,14.191,7.06,21.266,NORMAL,0.0,-1.0,100.0
E001,T1-0000,1343.0,260.2534,63,3968.312,-10.741,61.895,64.828,37.816,45.536,4003.075,95.521,98.298,99.17,100.455,643.088,639.867,645.064,647.091,87.956,99.56,3.401,6.809,3.057,0.628,0.307,0.228,3.004,14.2,7.035,21.268,NORMAL,0.0,-1.0,100.0
E001,T1-0000,1344.0,260.25368,64,3968.757,-10.744,61.892,64.844,37.824,45.505,4006.586,95.448,98.841,99.042,100.94,645.671,642.238,644.238,646.632,88.246,99.494,3.407,6.818,3.062,0.634,0.314,0.225,2.962,14.199,7.106,21.275,NORMAL,0.0,-1.0,100.0
E001,T1-0000,1345.0,260.25396,65,3969.2,-10.747,61.888,64.86,37.832,45.527,4010.372,95.01,98.484,98.801,100.73,647.037,642.769,646.221,645.951,88.15,99.625,3.4,6.828,3.055,0.622,0.316,0.226,2.937,14.17,6.92,21.282,NORMAL,0.0,-1.0,100.0
E001,T1-0000,1346.0,260.25424,66,3969.641,-10.75,61.884,64.876,37.839,45.6,4013.364,95.493,98.908,99.117,101.118,642.591,644.529,646.028,645.412,88.047,99.484,3.407,6.836,3.061,0.629,0.315,0.226,2.903,14.189,6.802,21.287,NORMAL,0.0,-1.0,100.0
E001,T1-0000,1347.0,260.25452,67,3970.08,-10.753,61.881,64.892,37.847,45.58,4014.409,95.305,98.587,99.211,101.04,643.388,644.428,647.139,641.472,88.084,99.489,3.412,6.839,3.051,0.625,0.311,0.224,2.932,14.19,6.861,21.289,NORMAL,0.0,-1.0,100.0
E001,T1-0000,1348.0,260.25479,68,3970.515,-10.756,61.877,64.909,37.855,45.636,4015.962,95.176,98.595,99.034,101.019,642.913,643.902,647.547,640.462,88.041,99.592,3.409,6.843,3.056,0.623,0.306,0.223,2.953,14.181,7.174,21.292,NORMAL,0.0,-1.0,100.0
E001,T1-0000,1349.0,260.25507,69,3970.949,-10.758,61.874,64.925,37.863,45.499,4013.691,95.574,98.88,99.044,101.253,644.446,649.419,646.211,643.017,88.095,99.513,3.405,6.839,3.045,0.64,0.303,0.221,2.985,14.212,6.845,21.287,NORMAL,0.0,-1.0,100.0
E001,T1-0000,1350.0,260.25535,70,3971.38,-10.761,61.87,64.942,37.871,45.63,4009.401,94.913,98.396,98.908,101.47,646.368,649.615,645.089,642.889,88.029,99.592,3.404,6.83,3.026,0.654,0.312,0.226,2.98,14.181,7.146,21.279,NORMAL,0.0,-1.0,100.0
E001,T1-0000,1351.0,260.25563,71,3971.809,-10.764,61.867,64.958,37.879,45.605,4010.099,94.589,99.262,99.724,101.271,646.472,647.621,644.023,644.309,88.095,99.559,3.401,6.832,3.055,0.638,0.308,0.225,2.999,14.215,7.061,21.28,NORMAL,0.0,-1.0,100.0
E001,T1-0000,1352.0,260.2559,72,3972.235,-10.767,61.864,64.975,37.887,45.609,4010.295,94.643,98.805,99.932,101.539,645.704,649.626,642.54,644.451,87.895,99.49,3.399,6.833,3.05,0.641,0.313,0.225,3.014,14.185,7.019,21.28,NORMAL,0.0,-1.0,100.0
E001,T1-0000,1353.0,260.25618,73,3972.659,-10.769,61.86,64.991,37.895,45.648,4008.837,94.306,99.016,99.964,101.803,644.118,648.031,646.755,646.341,88.194,99.559,3.41,6.831,3.056,0.644,0.311,0.225,3.034,14.196,7.157,21.277,NORMAL,0.0,-1.0,100.0
E001,T1-0000,1354.0,260.25646,74,3973.08,-10.772,61.857,65.008,37.903,45.507,4009.683,94.893,98.992,100.104,102.002,646.474,648.291,643.913,644.434,88.288,99.513,3.403,6.833,3.058,0.651,0.307,0.222,3.037,14.175,7.128,21.278,NORMAL,0.0,-1.0,100.0
E001,T1-0000,1355.0,260.25674,75,3973.499,-10.775,61.853,65.025,37.911,45.615,4015.878,95.034,99.138,99.821,102.641,645.812,647.439,644.71,645.658,88.214,99.612,3.406,6.848,3.086,0.65,0.316,0.221,3.005,14.217,7.137,21.289,NORMAL,0.0,-1.0,100.0
E001,T1-0000,1356.0,260.25702,76,3973.915,-10.778,61.85,65.041,37.919,45.654,4016.897,95.251,99.055,99.397,101.799,644.887,645.928,644.702,646.27,88.19,99.557,3.413,6.852,3.06,0.642,0.315,0.221,3.018,14.216,7.051,21.291,NORMAL,0.0,-1.0,100.0
E001,T1-0000,1357.0,260.25729,77,3974.329,-10.78,61.847,65.058,37.927,45.615,4019.762,95.028,98.683,99.336,101.715,644.765,645.963,643.205,647.524,88.147,99.522,3.411,6.859,3.044,0.635,0.313,0.224,2.992,14.21,6.896,21.296,NORMAL,0.0,-1.0,100.0
E001,T1-0000,1358.0,260.25757,78,3974.741,-10.783,61.843,65.075,37.936,45.64,4019.219,95.169,97.965,99.729,101.681,646.119,646.443,642.232,647.659,88.095,99.613,3.415,6.859,3.065,0.639,0.313,0.228,2.997,14.145,7.099,21.295,NORMAL,0.0,-1.0,100.0
E001,T1-0000,1359.0,260.25785,79,3975.149,-10.786,61.84,65.092,37.944,45.607,4020.809,95.311,98.299,100.029,101.815,648.799,645.165,642.229,645.875,88.07,99.587,3.411,6.864,3.075,0.636,0.307,0.231,3.012,14.21,7.206,21.298,NORMAL,0.0,-1.0,100.0
E001,T1-0000,1360.0,260.25813,80,3975.556,-10.788,61.837,65.109,37.952,45.593,4020.867,95.206,98.324,99.814,101.772,648.541,646.624,640.71,647.613,88.182,99.582,3.402,6.865,3.062,0.622,0.302,0.232,3.029,14.2,6.787,21.297,NORMAL,0.0,-1.0,100.0
E001,T1-0000,1361.0,260.2584,81,3975.959,-10.791,61.834,65.126,37.961,45.643,4016.295,95.378,98.312,99.892,101.021,647.738,646.852,644.125,648.144,88.136,99.618,3.407,6.855,3.053,0.635,0.303,0.233,2.997,14.186,7.03,21.288,NORMAL,0.0,-1.0,100.0
E001,T1-0000,1362.0,260.25868,82,3976.36,-10.794,61.83,65.143,37.969,45.646,4017.896,95.604,98.256,99.985,100.696,647.784,647.837,642.628,645.559,88.122,99.559,3.406,6.859,3.031,0.628,0.303,0.231,2.967,14.203,7.008,21.291,NORMAL,0.0,-1.0,100.0
E001,T1-0000,1363.0,260.25896,83,3976.759,-10.796,61.827,65.16,37.978,45.606,4023.502,95.553,98.468,99.667,101.254,648.575,645.064,645.479,641.205,88.157,99.588,3.407,6.873,3.055,0.622,0.311,0.227,3.016,14.21,7.071,21.302,NORMAL,0.0,-1.0,100.0
E001,T1-0000,1364.0,260.25924,84,3977.155,-10.799,61.824,65.177,37.986,45.637,4022.171,95.951,98.873,99.775,100.766,648.003,645.364,645.261,643.509,88.046,99.568,3.403,6.871,3.025,0.635,0.313,0.23,3.015,14.179,6.977,21.299,NORMAL,0.0,-1.0,100.0
E001,T1-0000,1365.0,260.25952,85,3977.548,-10.801,61.821,65.195,37.995,45.557,4024.591,96.177,98.975,100.33,100.804,647.07,645.83,646.946,642.788,87.986,99.434,3.409,6.878,3.051,0.636,0.309,0.23,2.977,14.199,7.064,21.303,NORMAL,0.0,-1.0,100.0
E001,T1-0000,1366.0,260.25979,86,3977.939,-10.804,61.818,65.212,38.003,45.685,4020.034,95.962,99.175,99.843,100.548,644.09,644.735,646.946,641.687,87.913,99.496,3.407,6.868,3.037,0.626,0.304,0.227,3.003,14.162,7.032,21.294,NORMAL,0.0,-1.0,100.0
E001,T1-0000,1367.0,260.26007,87,3978.327,-10.806,61.814,65.229,38.012,45.676,4024.415,96.223,99.116,99.801,100.135,645.315,645.428,644.425,642.903,88.019,99.556,3.402,6.88,3.076,0.624,0.303,0.226,3.013,14.201,6.915,21.302,NORMAL,0.0,-1.0,100.0
E001,T1-0000,1368.0,260.26035,88,3978.713,-10.809,61.811,65.247,38.02,45.665,4022.834,96.331,98.488,99.874,100.157,641.967,644.853,646.025,644.281,87.973,99.612,3.418,6.877,3.061,0.62,0.3,0.231,3.061,14.212,6.992,21.299,NORMAL,0.0,-1.0,100.0
E001,T1-0000,1369.0,260.26063,89,3979.096,-10.811,61.808,65.264,38.029,45.681,4021.205,96.277,98.458,100.419,100.061,642.34,646.093,647.0,642.41,87.974,99.499,3.399,6.874,3.065,0.63,0.298,0.233,3.073,14.136,7.212,21.295,NORMAL,0.0,-1.0,100.0
E001,T1-0000,1370.0,260.2609,90,3979.476,-10.814,61.805,65.281,38.038,45.753,4016.858,96.532,98.853,100.342,100.142,643.73,647.485,645.175,642.46,87.825,99.617,3.405,6.864,3.049,0.629,0.298,0.232,3.046,14.172,7.022,21.287,NORMAL,0.0,-1.0,100.0
E001,T1-0000,1371.0,260.26118,91,3979.854,-10.816,61.802,65.299,38.047,45.686,4015.78,96.416,99.068,100.062,99.767,644.873,647.374,647.689,647.318,87.934,99.591,3.405,6.863,3.057,0.624,0.303,0.233,3.072,14.215,6.781,21.284,NORMAL,0.0,-1.0,100.0
E001,T1-0000,1372.0,260.26146,92,3980.229,-10.819,61.799,65.317,38.056,45.721,4019.073,96.368,97.956,100.268,100.298,646.013,645.706,649.562,645.46,87.914,99.461,3.41,6.872,3.049,0.625,0.3,0.229,3.103,14.197,7.027,21.29,NORMAL,0.0,-1.0,100.0
E001,T1-0000,1373.0,260.26174,93,3980.601,-10.821,61.796,65.334,38.064,45.754,4016.148,96.778,96.963,100.087,100.638,646.919,646.043,648.306,645.507,87.845,99.546,3.402,6.866,3.058,0.622,0.302,0.225,3.099,14.197,7.21,21.285,NORMAL,0.0,-1.0,100.0
E001,T1-0000,1374.0,260.26202,94,3980.97,-10.824,61.793,65.352,38.073,45.696,4022.606,96.824,96.616,100.259,100.533,646.853,646.947,646.403,643.441,87.811,99.59,3.406,6.882,3.057,0.619,0.299,0.228,3.156,14.207,7.248,21.297,NORMAL,0.0,-1.0,100.0
E001,T1-0000,1375.0,260.26229,95,3981.337,-10.826,61.79,65.369,38.082,45.7,4021.085,96.727,96.799,100.082,100.49,646.327,647.216,644.631,645.476,87.996,99.697,3.411,6.879,3.066,0.624,0.301,0.229,3.141,14.193,7.152,21.293,NORMAL,0.0,-1.0,100.0
E001,T1-0000,1376.0,260.26257,96,3981.701,-10.828,61.787,65.387,38.091,45.76,4023.82,96.927,96.615,100.602,100.976,649.327,646.04,646.425,642.095,87.952,99.598,3.41,6.886,3.056,0.643,0.297,0.228,3.153,14.204,6.788,21.298,NORMAL,0.0,-1.0,100.0
E001,T1-0000,1377.0,260.26285,97,3982.063,-10.831,61.784,65.405,38.1,45.746,4022.822,97.171,96.72,100.929,100.573,649.677,644.972,648.393,639.839,88.083,99.564,3.411,6.885,3.027,0.634,0.297,0.233,3.099,14.208,6.881,21.296,NORMAL,0.0,-1.0,100.0
E001,T1-0000,1378.0,260.26313,98,3982.421,-10.833,61.782,65.423,38.11,45.776,4024.114,96.896,96.856,100.96,100.419,645.787,644.133,646.561,642.439,87.887,99.709,3.412,6.889,3.072,0.655,0.294,0.237,3.074,14.215,6.78,21.298,NORMAL,0.0,-1.0,100.0
E001,T1-0000,1379.0,260.2634,99,3982.777,-10.835,61.779,65.441,38.119,45.795,4021.05,97.217,96.481,100.882,100.183,646.693,646.642,645.28,643.985,87.9,99.557,3.419,6.883,3.052,0.656,0.296,0.235,3.087,14.216,6.989,21.292,NORMAL,0.0,-1.0,100.0
E001,T1-0000,1380.0,260.26368,100,3983.131,-10.838,61.776,65.459,38.128,45.728,4023.288,97.567,96.734,100.875,100.451,649.087,646.71,645.065,642.942,87.755,99.517,3.415,6.889,3.038,0.655,0.3,0.235,3.08,14.181,7.25,21.296,NORMAL,0.0,-1.0,100.0
E001,T1-0000,1381.0,260.26396,101,3983.481,-10.84,61.773,65.477,38.137,45.877,4023.557,96.599,96.734,100.89,101.51,651.533,646.282,647.176,645.182,87.741,99.476,3.414,6.891,3.042,0.64,0.305,0.23,3.075,14.221,6.893,21.296,NORMAL,0.0,-1.0,100.0
E001,T1-0000,1382.0,260.26424,102,3983.829,-10.842,61.77,65.495,38.146,45.809,4023.236,96.437,96.865,100.486,101.625,650.122,647.222,646.567,644.912,87.865,99.613,3.411,6.891,3.05,0.636,0.305,0.232,3.044,14.189,7.154,21.295,NORMAL,0.0,-1.0,100.0
E001,T1-0000,1383.0,260.26452,103,3984.174,-10.844,61.767,65.513,38.156,45.733,4026.74,97.025,96.835,100.418,102.084,648.975,646.666,646.856,645.183,88.017,99.604,3.413,6.9,3.035,0.644,0.302,0.234,3.076,14.174,6.957,21.301,NORMAL,0.0,-1.0,100.0
E001,T1-0000,1384.0,260.26479,104,3984.516,-10.847,61.765,65.531,38.165,45.74,4025.896,97.357,97.298,100.49,101.893,647.466,647.628,646.547,643.742,87.843,99.652,3.408,6.899,3.054,0.644,0.301,0.232,3.058,14.194,7.053,21.3,NORMAL,0.0,-1.0,100.0
E001,T1-0000,1385.0,260.26507,105,3984.855,-10.849,61.762,65.549,38.174,45.851,4029.815,97.48,97.423,100.381,102.24,647.696,647.947,645.454,645.564,87.717,99.632,3.411,6.909,3.066,0.641,0.302,0.229,3.03,14.173,6.915,21.307,NORMAL,0.0,-1.0,100.0
E001,T1-0000,1386.0,260.26535,106,3985.191,-10.851,61.759,65.567,38.184,45.701,4026.768,97.471,97.197,100.132,101.859,649.441,650.054,647.728,645.068,87.768,99.52,3.406,6.903,3.06,0.638,0.304,0.229,3.049,14.175,6.919,21.301,NORMAL,0.0,-1.0,100.0
E001,T1-0000,1387.0,260.26563,107,3985.525,-10.853,61.757,65.585,38.193,45.829,4028.219,98.258,97.135,99.439,102.35,649.584,646.564,648.132,645.638,87.87,99.491,3.416,6.908,3.066,0.657,0.304,0.228,3.062,14.173,7.059,21.303,NORMAL,0.0,-1.0,100.0
E001,T1-0000,1388.0,260.2659,108,3985.856,-10.855,61.754,65.604,38.203,45.787,4027.45,98.628,97.155,99.309,102.187,647.857,648.031,647.917,646.176,87.873,99.623,3.414,6.907,3.048,0.64,0.301,0.227,3.046,14.172,6.884,21.301,NORMAL,0.0,-1.0,100.0
E001,T1-0000,1389.0,260.26618,109,3986.184,-10.857,61.751,65.622,38.212,45.827,4032.212,98.806,97.375,98.679,102.366,646.881,648.186,645.51,643.577,87.815,99.524,3.419,6.919,3.05,0.635,0.299,0.225,3.018,14.169,6.858,21.31,NORMAL,0.0,-1.0,100.0
E001,T1-0000,1390.0,260.26646,110,3986.509,-10.86,61.749,65.64,38.222,45.856,4028.556,98.948,96.978,98.937,102.612,648.303,645.391,645.8,644.696,87.692,99.52,3.415,6.911,3.045,0.63,0.306,0.225,3.049,14.19,7.184,21.303,NORMAL,0.0,-1.0,100.0
E001,T1-0000,1391.0,260.26674,111,3986.831,-10.862,61.746,65.659,38.231,45.768,4025.228,98.761,96.736,98.628,101.846,645.529,646.323,650.192,643.789,87.614,99.511,3.409,6.905,3.037,0.638,0.302,0.226,3.065,14.194,7.006,21.296,NORMAL,0.0,-1.0,100.0
E001,T1-0000,1392.0,260.26702,112,3987.151,-10.864,61.743,65.677,38.241,45.814,4029.02,98.805,97.018,98.833,101.719,646.449,644.324,650.337,643.211,87.726,99.529,3.414,6.915,3.052,0.633,0.3,0.228,3.08,14.188,6.856,21.303,NORMAL,0.0,-1.0,100.0
E001,T1-0000,1393.0,260.26729,113,3987.468,-10.866,61.741,65.695,38.251,45.841,4031.882,98.398,96.489,99.298,101.673,646.308,646.496,650.573,646.745,87.588,99.513,3.419,6.922,3.036,0.633,0.297,0.225,3.106,14.183,7.114,21.308,NORMAL,0.0,-1.0,100.0
E001,T1-0000,1394.0,260.26757,114,3987.781,-10.868,61.738,65.714,38.26,45.856,4031.996,98.057,95.907,99.43,101.692,644.233,646.699,647.339,647.492,87.593,99.676,3.424,6.924,3.03,0.634,0.299,0.224,3.111,14.165,7.067,21.308,NORMAL,0.0,-1.0,100.0
E001,T1-0000,1395.0,260.26785,115,3988.092,-10.87,61.736,65.733,38.27,45.765,4031.681,97.685,96.2,99.022,100.945,642.793,645.404,645.17,648.66,87.874,99.536,3.42,6.924,3.04,0.652,0.295,0.226,3.094,14.185,6.701,21.307,NORMAL,0.0,-1.0,100.0
E001,T1-0000,1396.0,260.26813,116,3988.4,-10.872,61.733,65.751,38.28,45.946,4031.881,97.595,96.239,98.93,100.473,643.43,649.788,645.882,648.077,87.777,99.509,3.42,6.926,3.049,0.662,0.294,0.224,3.051,14.19,7.202,21.307,NORMAL,0.0,-1.0,100.0
E001,T1-0000,1397.0,260.2684,117,3988.705,-10.874,61.731,65.77,38.29,45.854,4029.016,97.682,96.566,98.502,101.047,643.618,646.753,644.664,648.964,87.686,99.484,3.421,6.92,3.069,0.651,0.295,0.225,3.054,14.164,7.138,21.301,NORMAL,0.0,-1.0,100.0
E001,T1-0000,1398.0,260.26868,118,3989.007,-10.876,61.729,65.788,38.3,45.897,4029.032,98.054,96.273,98.722,100.233,645.827,645.825,642.716,648.212,87.737,99.543,3.422,6.921,3.065,0.649,0.297,0.224,3.047,14.193,7.044,21.301,NORMAL,0.0,-1.0,100.0
E001,T1-0000,1399.0,260.26896,119,3989.306,-10.878,61.726,65.807,38.31,45.931,4035.868,97.825,96.815,98.304,100.385,646.559,645.922,643.543,647.887,87.713,99.504,3.419,6.938,3.056,0.636,0.297,0.223,2.998,14.194,7.284,21.313,NORMAL,0.0,-1.0,100.0
E001,T1-0000,1400.0,260.26924,120,3989.602,-10.88,61.724,65.826,38.319,45.931,4033.634,97.384,97.224,98.47,100.353,644.926,646.999,643.122,647.353,87.655,99.518,3.421,6.934,3.04,0.627,0.3,0.22,3.018,14.21,7.305,21.309,NORMAL,0.0,-1.0,100.0
E001,T1-0000,1401.0,260.26952,121,3989.896,-10.882,61.721,65.845,38.329,45.911,4043.242,97.203,96.957,98.333,100.407,645.71,643.035,644.69,644.641,87.964,99.505,3.429,6.958,3.048,0.625,0.304,0.222,3.032,14.224,7.07,21.327,NORMAL,0.0,-1.0,100.0
E001,T1-0000,1402.0,260.26979,122,3990.186,-10.883,61.719,65.863,38.339,45.962,4038.865,96.928,97.034,98.939,100.974,645.787,643.433,646.855,641.879,87.871,99.473,3.416,6.948,3.041,0.631,0.302,0.225,2.961,14.187,7.211,21.318,NORMAL,0.0,-1.0,100.0
E001,T1-0000,1403.0,260.27007,123,3990.473,-10.885,61.717,65.882,38.35,45.866,4032.776,96.634,97.318,98.7,101.179,646.558,642.968,648.983,642.811,87.875,99.431,3.414,6.935,3.048,0.643,0.3,0.223,2.985,14.161,7.025,21.306,NORMAL,0.0,-1.0,100.0
E001,T1-0000,1404.0,260.27035,124,3990.758,-10.887,61.714,65.901,38.36,45.79,4041.986,96.993,97.084,98.052,100.751,647.878,641.099,644.427,643.768,87.852,99.583,3.417,6.957,3.039,0.64,0.299,0.225,2.98,14.221,6.942,21.323,NORMAL,0.0,-1.0,100.0
E001,T1-0000,1405.0,260.27063,125,3991.039,-10.889,61.712,65.92,38.37,45.936,4043.896,96.836,97.223,98.983,100.59,647.108,644.99,646.628,645.244,88.025,99.595,3.425,6.963,3.061,0.637,0.3,0.225,2.988,14.212,7.003,21.327,NORMAL,0.0,-1.0,100.0
E001,T1-0000,1406.0,260.2709,126,3991.318,-10.891,61.71,65.939,38.38,45.922,4039.99,96.376,98.117,98.623,100.972,645.793,645.364,646.287,645.278,87.964,99.517,3.419,6.955,3.037,0.636,0.305,0.222,3.011,14.176,6.973,21.319,NORMAL,0.0,-1.0,100.0
E001,T1-0000,1407.0,260.27118,127,3991.593,-10.893,61.708,65.958,38.39,45.925,4037.074,96.439,97.831,98.265,101.064,645.554,646.723,646.13,644.072,87.934,99.49,3.422,6.949,3.038,0.633,0.312,0.227,3.004,14.21,6.878,21.313,NORMAL,0.0,-1.0,100.0
E001,T1-0000,1408.0,260.27146,128,3991.866,-10.894,61.706,65.977,38.4,45.945,4038.923,96.159,98.192,98.836,100.981,645.054,645.458,646.851,645.847,87.915,99.536,3.42,6.954,3.068,0.623,0.308,0.228,3.011,14.186,6.995,21.316,NORMAL,0.0,-1.0,100.0
E001,T1-0000,1409.0,260.27174,129,3992.135,-10.896,61.703,65.996,38.411,45.961,4037.227,96.426,98.856,98.839,101.025,645.062,646.776,646.867,645.543,88.006,99.422,3.428,6.951,3.056,0.632,0.317,0.229,3.014,14.208,7.075,21.312,NORMAL,0.0,-1.0,100.0
E001,T1-0000,1410.0,260.27202,130,3992.402,-10.898,61.701,66.015,38.421,45.931,4040.418,96.296,99.162,98.554,100.995,647.837,644.826,648.227,647.171,88.096,99.491,3.424,6.96,3.059,0.645,0.31,0.228,3.065,14.221,6.92,21.318,NORMAL,0.0,-1.0,100.0
E001,T1-0000,1411.0,260.27229,131,3992.665,-10.9,61.699,66.034,38.431,45.993,4042.139,96.346,99.419,98.552,101.085,646.936,645.321,647.141,647.739,88.102,99.576,3.417,6.965,3.034,0.668,0.305,0.23,3.124,14.191,6.928,21.321,NORMAL,0.0,-1.0,100.0
E001,T1-0000,1412.0,260.27257,132,3992.926,-10.901,61.697,66.054,38.442,45.866,4041.17,96.31,99.037,99.098,100.669,646.885,645.781,648.054,645.993,88.092,99.597,3.412,6.964,3.072,0.654,0.302,0.235,3.061,14.187,6.837,21.319,NORMAL,0.0,-1.0,100.0
E001,T1-0000,1413.0,260.27285,133,3993.183,-10.903,61.695,66.073,38.452,46.024,4041.043,96.572,99.454,98.96,101.041,647.012,649.082,647.487,647.859,88.118,99.522,3.417,6.965,3.055,0.649,0.305,0.233,3.07,14.195,6.768,21.318,NORMAL,0.0,-1.0,100.0
E001,T1-0000,1414.0,260.27313,134,3993.437,-10.905,61.693,66.092,38.463,45.892,4045.354,96.572,99.685,99.121,100.718,647.125,648.776,646.36,650.388,88.059,99.581,3.424,6.976,3.077,0.665,0.302,0.231,3.06,14.181,7.21,21.326,NORMAL,0.0,-1.0,100.0
E001,T1-0000,1415.0,260.2734,135,3993.689,-10.906,61.691,66.111,38.473,45.953,4042.729,96.291,99.998,99.181,100.658,647.054,646.989,644.391,648.147,88.181,99.56,3.418,6.971,3.058,0.68,0.303,0.232,3.064,14.172,6.757,21.321,NORMAL,0.0,-1.0,100.0
E001,T1-0000,1416.0,260.27368,136,3993.937,-10.908,61.689,66.131,38.484,46.008,4045.131,96.644,100.093,98.993,100.523,648.589,645.97,644.347,647.964,88.175,99.527,3.421,6.977,3.044,0.671,0.302,0.233,3.016,14.237,7.067,21.325,NORMAL,0.0,-1.0,100.0
E001,T1-0000,1417.0,260.27396,137,3994.182,-10.909,61.687,66.15,38.494,45.974,4049.903,97.04,100.011,99.703,100.229,648.414,647.42,643.585,648.944,88.193,99.584,3.423,6.99,3.045,0.652,0.301,0.229,3.005,14.208,7.119,21.334,NORMAL,0.0,-1.0,100.0
E001,T1-0000,1418.0,260.27424,138,3994.424,-10.911,61.685,66.169,38.505,45.951,4045.611,97.409,100.157,99.867,100.082,649.062,647.803,646.136,648.393,88.085,99.627,3.432,6.981,3.04,0.646,0.298,0.229,3.009,14.212,7.134,21.325,NORMAL,0.0,-1.0,100.0
E001,T1-0000,1419.0,260.27452,139,3994.663,-10.913,61.683,66.189,38.515,45.982,4043.844,97.13,99.634,100.348,100.356,648.327,645.494,644.862,647.78,88.326,99.578,3.43,6.978,3.048,0.643,0.304,0.229,2.967,14.218,7.092,21.321,NORMAL,0.0,-1.0,100.0
E001,T1-0000,1420.0,260.27479,140,3994.899,-10.914,61.681,66.208,38.526,46.091,4051.12,97.286,99.939,100.407,100.371,647.637,644.139,644.141,646.251,88.223,99.575,3.433,6.996,3.049,0.655,0.312,0.228,2.94,14.176,6.814,21.335,NORMAL,0.0,-1.0,100.0
E001,T1-0000,1421.0,260.27507,141,3995.132,-10.916,61.679,66.228,38.537,46.076,4045.346,96.752,100.04,100.459,100.29,647.839,647.896,646.919,646.522,88.095,99.654,3.423,6.984,3.049,0.657,0.306,0.23,2.924,14.194,7.127,21.323,NORMAL,0.0,-1.0,100.0
E001,T1-0000,1422.0,260.27535,142,3995.362,-10.917,61.677,66.247,38.548,46.047,4048.776,96.74,99.861,100.466,100.402,648.19,647.944,647.728,646.259,88.219,99.71,3.423,6.993,3.051,0.665,0.303,0.229,2.931,14.2,6.987,21.33,NORMAL,0.0,-1.0,100.0
E001,T1-0000,1423.0,260.27563,143,3995.589,-10.919,61.676,66.267,38.558,46.06,4044.781,97.406,100.053,100.509,100.395,647.313,648.366,646.07,645.453,88.082,99.618,3.424,6.985,3.055,0.68,0.299,0.229,2.953,14.178,7.099,21.322,NORMAL,0.0,-1.0,100.0
E001,T1-0000,1424.0,260.2759,144,3995.812,-10.92,61.674,66.286,38.569,46.023,4043.455,97.144,100.215,100.481,100.376,647.214,649.084,646.52,646.999,88.021,99.615,3.421,6.983,3.066,0.686,0.297,0.225,2.949,14.231,6.877,21.319,NORMAL,0.0,-1.0,100.0
E001,T1-0000,1425.0,260.27618,145,3996.033,-10.921,61.672,66.306,38.58,46.056,4043.091,97.435,100.871,100.175,100.214,646.102,646.48,645.039,646.167,87.919,99.717,3.42,6.983,3.048,0.663,0.295,0.223,2.924,14.232,7.248,21.318,NORMAL,0.0,-1.0,100.0
E001,T1-0000,1426.0,260.27646,146,3996.25,-10.923,61.67,66.325,38.591,46.009,4045.037,97.448,100.468,99.55,100.097,647.584,648.288,644.503,646.855,87.997,99.685,3.423,6.989,3.066,0.644,0.298,0.222,2.912,14.194,7.003,21.321,NORMAL,0.0,-1.0,100.0
E001,T1-0000,1427.0,260.27674,147,3996.464,-10.924,61.669,66.345,38.602,46.055,4048.527,98.081,100.661,99.625,99.479,647.671,648.866,644.443,645.235,88.045,99.527,3.424,6.999,3.055,0.638,0.299,0.227,2.906,14.184,7.116,21.327,NORMAL,0.0,-1.0,100.0
E001,T1-0000,1428.0,260.27702,148,3996.675,-10.926,61.667,66.365,38.613,46.167,4050.447,98.194,100.63,98.931,99.492,648.572,646.622,646.006,645.018,88.089,99.597,3.425,7.004,3.038,0.632,0.296,0.224,2.914,14.193,7.02,21.33,NORMAL,0.0,-1.0,100.0
E001,T1-0000,1429.0,260.27729,149,3996.883,-10.927,61.665,66.384,38.624,46.13,4050.762,98.657,99.875,99.032,99.631,649.177,645.156,646.078,645.147,88.09,99.624,3.434,7.006,3.03,0.638,0.295,0.221,3.014,14.177,6.875,21.331,NORMAL,0.0,-1.0,100.0
E001,T1-0000,1430.0,260.27757,150,3997.088,-10.928,61.664,66.404,38.635,46.12,4050.704,98.676,100.424,98.922,99.654,646.414,645.569,648.921,644.818,88.149,99.597,3.422,7.007,3.059,0.629,0.299,0.219,3.023,14.207,7.449,21.33,NORMAL,0.0,-1.0,100.0
E001,T1-0000,1431.0,260.27785,151,3997.29,-10.93,61.662,66.424,38.646,46.158,4052.27,98.506,100.855,98.747,99.659,646.627,644.6,647.687,644.595,88.02,99.58,3.426,7.012,3.023,0.636,0.299,0.22,3.027,14.194,6.799,21.333,NORMAL,0.0,-1.0,100.0
E001,T1-0000,1432.0,260.27813,152,3997.489,-10.931,61.66,66.444,38.657,46.066,4055.964,98.647,100.897,98.439,99.399,650.435,646.786,648.701,647.365,87.943,99.657,3.426,7.022,3.054,0.655,0.298,0.218,3.089,14.243,6.954,21.339,NORMAL,0.0,-1.0,100.0
E001,T1-0000,1433.0,260.2784,153,3997.684,-10.932,61.659,66.464,38.668,46.176,4056.561,98.527,101.079,98.325,99.35,650.493,646.454,649.194,648.058,88.068,99.652,3.428,7.025,3.054,0.656,0.303,0.217,3.103,14.186,6.829,21.34,NORMAL,0.0,-1.0,100.0
E001,T1-0000,1434.0,260.27868,154,3997.876,-10.933,61.657,66.483,38.679,46.171,4055.399,98.175,101.149,98.393,98.557,651.86,644.8,650.231,649.747,88.093,99.554,3.426,7.023,3.055,0.645,0.309,0.218,3.078,14.207,6.856,21.338,NORMAL,0.0,-1.0,100.0
E001,T1-0000,1435.0,260.27896,155,3998.065,-10.935,61.656,66.503,38.69,46.19,4050.332,97.7,101.177,98.457,98.495,649.173,646.819,649.886,650.432,88.089,99.64,3.419,7.012,3.055,0.63,0.307,0.223,3.092,14.229,6.987,21.328,NORMAL,0.0,-1.0,100.0
E001,T1-0000,1436.0,260.27924,156,3998.251,-10.936,61.654,66.523,38.701,46.149,4054.772,97.171,101.073,98.474,98.379,646.528,649.018,650.214,649.42,88.159,99.667,3.431,7.024,3.04,0.638,0.31,0.227,3.111,14.191,6.93,21.336,NORMAL,0.0,-1.0,100.0
E001,T1-0000,1437.0,260.27952,157,3998.434,-10.937,61.653,66.543,38.713,46.122,4054.366,97.282,100.896,98.333,98.384,647.053,649.338,649.585,649.542,88.169,99.683,3.428,7.024,3.04,0.634,0.31,0.224,3.103,14.161,7.028,21.334,NORMAL,0.0,-1.0,100.0
E001,T1-0000,1438.0,260.27979,158,3998.613,-10.938,61.651,66.563,38.724,46.189,4055.265,97.049,101.093,98.418,98.697,648.403,643.566,650.744,650.031,88.091,99.772,3.423,7.027,3.061,0.652,0.315,0.223,3.062,14.235,7.044,21.336,NORMAL,0.0,-1.0,100.0
E001,T1-0000,1439.0,260.28007,159,3998.79,-10.939,61.65,66.583,38.735,46.263,4059.806,97.304,101.327,98.56,98.452,647.579,646.423,648.417,647.518,88.159,99.817,3.428,7.039,3.07,0.643,0.317,0.221,3.012,14.187,7.156,21.344,NORMAL,0.0,-1.0,100.0
E001,T1-0000,1440.0,260.28035,160,3998.963,-10.94,61.649,66.603,38.746,46.181,4056.945,97.232,101.726,98.34,98.809,647.721,647.054,649.319,649.774,88.124,99.713,3.428,7.034,3.055,0.633,0.311,0.225,3.012,14.164,7.289,21.338,NORMAL,0.0,-1.0,100.0
E001,T1-0000,1441.0,260.28063,161,3999.133,-10.942,61.647,66.623,38.758,46.11,4058.236,96.848,101.284,98.463,98.725,648.334,649.108,648.54,648.8,88.188,99.75,3.427,7.038,3.047,0.645,0.308,0.23,3.003,14.225,7.136,21.34,NORMAL,0.0,-1.0,100.0
E001,T1-0000,1442.0,260.2809,162,3999.299,-10.943,61.646,66.643,38.769,46.18,4059.455,97.035,101.214,98.742,99.308,651.622,647.305,647.995,648.468,88.135,99.693,3.429,7.042,3.061,0.64,0.303,0.23,3.029,14.188,7.016,21.342,NORMAL,0.0,-1.0,100.0
E001,T1-0000,1443.0,260.28118,163,3999.463,-10.944,61.645,66.663,38.781,46.139,4064.181,96.652,101.35,98.288,99.012,651.91,645.869,648.55,647.701,88.163,99.856,3.429,7.055,3.048,0.638,0.308,0.227,3.023,14.184,7.063,21.351,NORMAL,0.0,-1.0,100.0
E001,T1-0000,1444.0,260.28146,164,3999.623,-10.945,61.643,66.683,38.792,46.201,4063.68,96.695,100.906,98.638,99.26,650.677,646.572,648.32,647.201,88.1,99.689,3.432,7.055,3.038,0.628,0.309,0.228,3.033,14.192,7.035,21.349,NORMAL,0.0,-1.0,100.0
E001,T1-0000,1445.0,260.28174,165,3999.78,-10.946,61.642,66.703,38.803,46.268,4064.35,96.861,101.148,98.964,99.319,649.632,649.753,647.102,647.629,88.088,99.797,3.431,7.058,3.034,0.643,0.31,0.227,3.006,14.21,7.107,21.35,NORMAL,0.0,-1.0,100.0
E001,T1-0000,1446.0,260.28202,166,3999.934,-10.947,61.641,66.723,38.815,46.299,4063.015,96.677,100.928,98.941,99.38,650.764,650.688,650.204,647.15,87.992,99.77,3.43,7.056,3.05,0.631,0.307,0.227,2.977,14.182,7.098,21.347,NORMAL,0.0,-1.0,100.0
E001,T1-0000,1447.0,260.28229,167,4000.085,-10.948,61.64,66.744,38.827,46.201,4066.035,96.794,100.435,98.723,98.894,649.232,647.865,646.672,649.18,88.061,99.744,3.432,7.064,3.043,0.642,0.304,0.227,3.065,14.207,6.773,21.353,NORMAL,0.0,-1.0,100.0
E001,T1-0000,1448.0,260.28257,168,4000.232,-10.949,61.638,66.764,38.838,46.249,4067.349,96.93,100.785,98.925,98.93,649.007,645.349,648.776,648.934,87.894,99.643,3.432,7.069,3.039,0.636,0.303,0.225,3.08,14.205,6.989,21.355,NORMAL,0.0,-1.0,100.0
E001,T1-0000,1449.0,260.28285,169,4000.376,-10.95,61.637,66.784,38.85,46.169,4068.635,96.987,99.778,99.241,99.265,647.698,649.843,646.885,645.555,87.957,99.666,3.439,7.073,3.057,0.631,0.306,0.224,3.05,14.188,7.153,21.357,NORMAL,0.0,-1.0,100.0
E001,T1-0000,1450.0,260.28313,170,4000.517,-10.951,61.636,66.804,38.861,46.297,4068.51,96.96,99.08,99.32,99.588,649.812,647.061,644.278,646.659,87.998,99.681,3.436,7.074,3.039,0.626,0.311,0.222,3.047,14.219,6.871,21.356,NORMAL,0.0,-1.0,100.0
E001,T1-0000,1451.0,260.2834,171,4000.655,-10.951,61.635,66.824,38.873,46.266,4067.057,96.62,99.1,99.177,99.917,649.342,645.874,644.771,648.12,87.86,99.684,3.438,7.072,3.049,0.634,0.306,0.224,3.001,14.208,7.132,21.353,NORMAL,0.0,-1.0,100.0
E001,T1-0000,1452.0,260.28368,172,4000.789,-10.952,61.634,66.845,38.885,46.262,4070.373,96.627,99.242,99.149,99.432,648.407,645.71,646.864,647.297,88.073,99.66,3.442,7.081,3.052,0.622,0.307,0.223,3.007,14.153,7.077,21.359,NORMAL,0.0,-1.0,100.0
E001,T1-0000,1453.0,260.28396,173,4000.921,-10.953,61.633,66.865,38.896,46.254,4067.319,97.033,99.123,99.283,99.065,648.256,643.648,645.851,647.228,88.031,99.685,3.433,7.075,3.057,0.627,0.303,0.226,3.032,14.218,6.662,21.353,NORMAL,0.0,-1.0,100.0
E001,T1-0000,1454.0,260.28424,174,4001.048,-10.954,61.632,66.885,38.908,46.344,4070.809,97.149,98.975,99.454,98.705,647.184,642.103,646.033,647.102,88.04,99.803,3.433,7.085,3.048,0.619,0.304,0.223,3.023,14.187,7.099,21.359,NORMAL,0.0,-1.0,100.0
E001,T1-0000,1455.0,260.28452,175,4001.173,-10.955,61.631,66.906,38.92,46.291,4071.755,97.814,98.795,99.021,98.939,648.374,643.737,646.434,646.031,87.896,99.686,3.428,7.088,3.041,0.617,0.303,0.221,2.989,14.189,7.022,21.36,NORMAL,0.0,-1.0,100.0
E001,T1-0000,1456.0,260.28479,176,4001.295,-10.956,61.63,66.926,38.932,46.325,4074.6,97.976,98.704,99.505,99.145,647.218,645.268,643.344,647.986,87.93,99.768,3.437,7.097,3.046,0.661,0.301,0.218,3.004,14.215,6.96,21.365,NORMAL,0.0,-1.0,100.0
E001,T1-0000,1457.0,260.28507,177,4001.413,-10.956,61.629,66.946,38.944,46.325,4072.235,97.669,99.187,99.27,99.526,648.02,646.868,645.271,649.864,87.826,99.692,3.438,7.092,3.04,0.651,0.303,0.222,3.07,14.232,6.881,21.36,NORMAL,0.0,-1.0,100.0
E001,T1-0000,1458.0,260.28535,178,4001.528,-10.957,61.628,66.967,38.955,46.414,4073.503,97.608,98.636,99.106,99.468,647.775,646.48,646.909,650.978,87.679,99.84,3.428,7.097,3.072,0.641,0.302,0.221,3.058,14.223,7.13,21.362,NORMAL,0.0,-1.0,100.0
E001,T1-0000,1459.0,260.28563,179,4001.639,-10.958,61.627,66.987,38.967,46.266,4071.667,97.484,98.511,99.049,99.004,647.621,647.137,649.006,651.423,87.871,99.66,3.434,7.094,3.067,0.642,0.302,0.224,3.007,14.195,6.916,21.358,NORMAL,0.0,-1.0,100.0
E001,T1-0000,1460.0,260.2859,180,4001.748,-10.959,61.626,67.007,38.979,46.412,4067.023,97.306,98.737,98.789,98.693,646.839,649.839,649.197,650.63,87.691,99.674,3.429,7.084,3.057,0.629,0.303,0.224,3.024,14.226,7.374,21.349,NORMAL,0.0,-1.0,100.0
E001,T1-0000,1461.0,260.28618,181,4001.853,-10.959,61.625,67.028,38.991,46.269,4070.091,97.458,98.663,98.165,98.664,645.873,648.787,650.401,651.405,87.767,99.778,3.432,7.093,3.051,0.621,0.301,0.225,2.976,14.222,6.863,21.354,NORMAL,0.0,-1.0,100.0
E001,T1-0000,1462.0,260.28646,182,4001.954,-10.96,61.625,67.048,39.003,46.354,4072.907,97.371,98.219,98.165,98.651,648.513,649.461,652.91,649.763,87.858,99.807,3.437,7.101,3.062,0.62,0.307,0.223,3.033,14.201,6.84,21.359,NORMAL,0.0,-1.0,100.0
E001,T1-0000,1463.0,260.28674,183,4002.053,-10.961,61.624,67.069,39.015,46.261,4070.707,97.657,98.231,97.699,98.734,647.43,650.61,651.117,648.998,87.851,99.701,3.437,7.097,3.046,0.625,0.31,0.222,3.006,14.191,7.261,21.355,NORMAL,0.0,-1.0,100.0
E001,T1-0000,1464.0,260.28702,184,4002.148,-10.961,61.623,67.089,39.027,46.447,4070.867,98.085,98.323,97.606,98.77,645.168,649.098,651.519,652.058,87.839,99.753,3.438,7.099,3.046,0.625,0.312,0.219,2.96,14.171,6.787,21.355,NORMAL,0.0,-1.0,100.0
E001,T1-0000,1465.0,260.28729,185,4002.24,-10.962,61.622,67.11,39.039,46.362,4070.264,97.804,98.555,97.898,98.498,647.993,649.57,648.95,648.659,87.779,99.743,3.433,7.098,3.046,0.633,0.315,0.225,2.969,14.214,7.29,21.353,NORMAL,0.0,-1.0,100.0
E001,T1-0000,1466.0,260.28757,186,4002.329,-10.962,61.622,67.13,39.051,46.468,4070.877,97.286,98.744,97.786,98.829,648.311,650.481,649.967,646.471,87.81,99.782,3.438,7.101,3.042,0.658,0.313,0.227,2.95,14.172,7.081,21.354,NORMAL,0.0,-1.0,100.0
E001,T1-0000,1467.0,260.28785,187,4002.414,-10.963,61.621,67.151,39.063,46.413,4073.893,97.933,98.417,98.407,99.116,646.653,649.895,649.575,646.517,87.799,99.773,3.436,7.11,3.056,0.668,0.314,0.227,2.952,14.217,7.105,21.359,NORMAL,0.0,-1.0,100.0
E001,T1-0000,1468.0,260.28813,188,4002.496,-10.963,61.62,67.171,39.075,46.424,4072.615,97.868,98.54,97.91,99.056,644.299,649.558,648.98,648.244,87.767,99.723,3.435,7.108,3.064,0.649,0.311,0.229,2.95,14.176,7.162,21.356,NORMAL,0.0,-1.0,100.0
E001,T1-0000,1469.0,260.2884,189,4002.575,-10.964,61.62,67.192,39.088,46.446,4076.279,97.827,98.543,98.229,99.921,645.406,648.278,650.286,650.005,87.797,99.738,3.437,7.118,3.039,0.633,0.306,0.225,2.91,14.244,6.968,21.363,NORMAL,0.0,-1.0,100.0
E001,T1-0000,1470.0,260.28868,190,4002.65,-10.964,61.619,67.212,39.1,46.457,4074.394,97.675,98.768,98.376,100.309,645.649,645.274,649.274,650.576,87.76,99.639,3.436,7.115,3.051,0.624,0.306,0.225,2.918,14.214,7.132,21.359,NORMAL,0.0,-1.0,100.0
E001,T1-0000,1471.0,260.28896,191,4002.723,-10.965,61.618,67.233,39.112,46.346,4077.389,97.776,99.06,98.549,100.811,649.191,643.093,651.238,650.194,87.94,99.76,3.437,7.124,3.076,0.65,0.308,0.223,2.924,14.225,7.02,21.364,NORMAL,0.0,-1.0,100.0
E001,T1-0000,1472.0,260.28924,192,4002.791,-10.965,61.618,67.254,39.124,46.416,4077.657,97.373,99.034,98.823,100.619,646.523,647.105,650.442,649.693,87.973,99.724,3.439,7.125,3.064,0.66,0.305,0.227,2.895,14.217,7.306,21.364,NORMAL,0.0,-1.0,100.0
E001,T1-0000,1473.0,260.28952,193,4002.857,-10.966,61.617,67.274,39.136,46.456,4084.116,97.441,98.904,98.77,100.651,645.395,648.687,649.125,650.701,87.803,99.75,3.451,7.142,3.071,0.655,0.301,0.225,2.949,14.198,7.051,21.376,NORMAL,0.0,-1.0,100.0
E001,T1-0000,1474.0,260.28979,194,4002.919,-10.966,61.617,67.295,39.149,46.451,4084.253,97.187,98.876,98.55,99.948,647.352,649.776,652.576,651.287,87.689,99.782,3.44,7.144,3.051,0.645,0.298,0.222,2.946,14.203,7.085,21.376,NORMAL,0.0,-1.0,100.0
E001,T1-0000,1475.0,260.29007,195,4002.978,-10.967,61.616,67.315,39.161,46.552,4082.78,97.408,99.28,98.158,100.76,648.483,646.132,650.06,650.342,87.655,99.677,3.435,7.142,3.082,0.631,0.302,0.223,2.961,14.204,6.983,21.373,NORMAL,0.0,-1.0,100.0
E001,T1-0000,1476.0,260.29035,196,4003.034,-10.967,61.616,67.336,39.173,46.464,4080.328,97.649,99.481,99.122,101.077,650.064,648.765,649.515,650.536,87.61,99.74,3.435,7.138,3.04,0.621,0.302,0.226,2.954,14.187,7.177,21.367,NORMAL,0.0,-1.0,100.0
E001,T1-0000,1477.0,260.29063,197,4003.086,-10.967,61.615,67.357,39.186,46.489,4076.771,97.413,99.494,99.467,100.214,649.593,649.027,647.354,649.876,87.639,99.854,3.446,7.131,3.053,0.637,0.301,0.223,2.949,14.21,7.274,21.36,NORMAL,0.0,-1.0,100.0
E001,T1-0000,1478.0,260.2909,198,4003.135,-10.968,61.615,67.377,39.198,46.564,4079.975,97.064,99.859,99.134,99.982,653.052,648.58,647.817,648.151,87.493,99.641,3.445,7.14,3.045,0.646,0.306,0.221,2.986,14.224,7.101,21.366,NORMAL,0.0,-1.0,100.0
E001,T1-0000,1479.0,260.29118,199,4003.181,-10.968,61.615,67.398,39.21,46.537,4082.203,97.533,100.064,99.182,99.506,652.247,649.496,650.877,648.328,87.668,99.803,3.444,7.147,3.048,0.631,0.31,0.22,2.988,14.23,7.033,21.37,NORMAL,0.0,-1.0,100.0
E001,T1-0000,1480.0,260.29146,200,4003.223,-10.968,61.614,67.419,39.223,46.573,4079.191,97.198,99.462,98.619,99.77,649.452,649.655,650.974,650.318,87.63,99.667,3.445,7.141,3.056,0.623,0.308,0.219,2.954,14.195,7.063,21.364,NORMAL,0.0,-1.0,100.0
E001,T1-0000,1481.0,260.29174,201,4003.262,-10.968,61.614,67.439,39.235,46.516,4084.958,97.569,99.414,98.966,99.396,649.574,650.858,651.238,650.259,87.586,99.642,3.438,7.156,3.033,0.631,0.305,0.222,2.961,14.208,7.257,21.374,NORMAL,0.0,-1.0,100.0
E001,T1-0000,1482.0,260.29202,202,4003.298,-10.969,61.614,67.46,39.248,46.476,4083.802,97.44,98.741,98.534,98.86,649.242,648.759,655.733,651.044,87.646,99.577,3.45,7.155,3.069,0.637,0.304,0.221,2.963,14.204,7.224,21.371,NORMAL,0.0,-1.0,100.0
E001,T1-0000,1483.0,260.29229,203,4003.33,-10.969,61.613,67.481,39.26,46.498,4083.523,96.77,98.388,98.762,98.813,651.69,653.955,653.739,649.899,87.695,99.705,3.449,7.155,3.057,0.636,0.307,0.221,2.981,14.196,7.103,21.371,NORMAL,0.0,-1.0,100.0
E001,T1-0000,1484.0,260.29257,204,4003.359,-10.969,61.613,67.502,39.273,46.463,4086.834,96.516,98.748,98.466,98.43,652.327,653.332,649.403,647.826,87.583,99.653,3.443,7.164,3.046,0.626,0.304,0.228,2.961,14.207,7.157,21.376,NORMAL,0.0,-1.0,100.0
E001,T1-0000,1485.0,260.29285,205,4003.385,-10.969,61.613,67.522,39.285,46.5,4083.5,96.48,98.624,98.134,98.273,652.16,652.941,648.548,647.873,87.586,99.794,3.442,7.158,3.043,0.62,0.31,0.226,2.957,14.174,7.315,21.37,NORMAL,0.0,-1.0,100.0
E001,T1-0000,1486.0,260.29313,206,4003.408,-10.969,61.613,67.543,39.298,46.667,4086.812,96.427,98.135,98.63,98.702,652.716,652.264,649.299,647.69,87.664,99.746,3.437,7.167,3.059,0.64,0.311,0.223,2.966,14.196,6.813,21.375,NORMAL,0.0,-1.0,100.0
E001,T1-0000,1487.0,260.2934,207,4003.427,-10.969,61.613,67.564,39.311,46.572,4087.897,95.974,97.756,98.349,98.738,650.225,652.048,648.951,648.922,87.628,99.693,3.44,7.171,3.032,0.66,0.31,0.225,2.965,14.197,7.246,21.377,NORMAL,0.0,-1.0,100.0
E001,T1-0000,1488.0,260.29368,208,4003.443,-10.97,61.613,67.585,39.323,46.556,4092.751,95.959,98.366,97.793,99.124,650.164,648.241,651.373,645.842,87.648,99.76,3.444,7.184,3.041,0.657,0.306,0.225,3.024,14.245,6.837,21.386,NORMAL,0.0,-1.0,100.0
E001,T1-0000,1489.0,260.29396,209,4003.455,-10.97,61.612,67.605,39.336,46.564,4089.082,95.873,97.714,98.36,99.187,652.406,649.537,650.817,646.758,87.732,99.739,3.445,7.177,3.08,0.662,0.306,0.224,3.045,14.187,7.176,21.378,NORMAL,0.0,-1.0,100.0
E001,T1-0000,1490.0,260.29424,210,4003.464,-10.97,61.612,67.626,39.348,46.573,4090.659,96.239,97.635,98.355,99.413,651.457,648.947,650.44,647.232,87.716,99.778,3.444,7.182,3.037,0.651,0.303,0.221,3.025,14.162,7.245,21.381,NORMAL,0.0,-1.0,100.0
E001,T1-0000,1491.0,260.29452,211,4003.47,-10.97,61.612,67.647,39.361,46.58,4092.283,95.894,98.179,98.718,99.819,649.931,649.372,652.519,646.673,87.824,99.721,3.447,7.187,3.062,0.639,0.305,0.221,3.009,14.16,7.053,21.384,NORMAL,0.0,-1.0,100.0
E001,T1-0000,1492.0,260.29479,212,4003.473,-10.97,61.612,67.668,39.374,46.694,4088.881,95.885,98.194,98.763,99.601,651.09,649.68,651.391,649.21,87.838,99.642,3.446,7.18,3.045,0.631,0.308,0.22,2.971,14.193,7.342,21.377,NORMAL,0.0,-1.0,100.0
E001,T1-0000,1493.0,260.29507,213,4003.472,-10.97,61.612,67.688,39.387,46.643,4090.861,96.283,98.113,98.556,100.016,649.289,652.23,651.818,649.748,87.92,99.667,3.453,7.186,3.058,0.622,0.305,0.223,2.985,14.229,7.179,21.38,NORMAL,0.0,-1.0,100.0
E001,T1-0000,1494.0,260.29535,214,4003.468,-10.97,61.612,67.709,39.399,46.56,4093.854,96.878,98.25,98.41,100.035,646.192,651.191,652.572,651.346,88.053,99.728,3.444,7.195,3.063,0.622,0.301,0.225,3.024,14.185,7.233,21.385,NORMAL,0.0,-1.0,100.0
E001,T1-0000,1495.0,260.29563,215,4003.46,-10.97,61.612,67.73,39.412,46.64,4093.453,96.267,98.139,98.485,100.2,647.798,651.82,652.837,649.189,87.818,99.768,3.445,7.195,3.047,0.616,0.308,0.223,3.0,14.215,7.086,21.384,NORMAL,0.0,-1.0,100.0
E001,T1-0000,1496.0,260.2959,216,4003.449,-10.97,61.613,67.751,39.425,46.619,4096.055,96.511,98.499,98.377,100.154,647.984,652.817,654.19,648.109,87.909,99.665,3.45,7.203,3.05,0.626,0.315,0.222,3.015,14.198,7.144,21.389,NORMAL,0.0,-1.0,100.0
E001,T1-0000,1497.0,260.29618,217,4003.435,-10.97,61.613,67.772,39.438,46.619,4097.67,96.411,98.061,98.878,100.068,648.427,652.593,653.863,648.263,87.867,99.753,3.446,7.209,3.052,0.625,0.311,0.227,3.008,14.207,7.159,21.391,NORMAL,0.0,-1.0,100.0
E001,T1-0000,1498.0,260.29646,218,4003.418,-10.969,61.613,67.792,39.45,46.733,4091.735,96.303,98.136,98.788,99.994,648.648,649.66,652.251,647.526,87.869,99.72,3.448,7.196,3.042,0.615,0.311,0.228,3.02,14.199,7.153,21.379,NORMAL,0.0,-1.0,100.0
E001,T1-0000,1499.0,260.29674,219,4003.397,-10.969,61.613,67.813,39.463,46.705,4097.874,96.282,97.695,99.361,99.896,649.037,650.623,651.071,650.211,87.668,99.877,3.445,7.212,3.061,0.619,0.309,0.228,3.023,14.183,7.123,21.391,NORMAL,0.0,-1.0,100.0
E001,T1-0000,1500.0,260.29702,220,4003.373,-10.969,61.613,67.834,39.476,46.679,4095.212,96.551,97.682,99.244,99.724,650.356,648.029,651.491,647.932,87.887,99.697,3.449,7.207,3.056,0.636,0.305,0.234,2.971,14.172,7.247,21.385,NORMAL,0.0,-1.0,100.0
E001,T1-0000,1501.0,260.29729,221,4003.346,-10.969,61.613,67.855,39.489,46.735,4095.364,96.281,97.419,99.6,99.492,647.271,652.574,650.652,650.553,87.602,99.781,3.449,7.209,3.054,0.642,0.305,0.232,2.964,14.235,7.048,21.385,NORMAL,0.0,-1.0,100.0
E001,T1-0000,1502.0,260.29757,222,4003.315,-10.969,61.614,67.876,39.502,46.722,4090.677,96.146,97.046,98.934,98.872,645.969,652.628,653.159,652.299,87.837,99.787,3.445,7.199,3.035,0.634,0.303,0.231,2.985,14.193,7.105,21.376,NORMAL,0.0,-1.0,100.0
E001,T1-0000,1503.0,260.29785,223,4003.281,-10.969,61.614,67.897,39.515,46.721,4094.785,96.277,97.229,99.047,99.423,649.948,652.875,652.552,653.023,87.782,99.724,3.451,7.211,3.04,0.642,0.309,0.229,2.936,14.212,7.421,21.383,NORMAL,0.0,-1.0,100.0
E001,T1-0000,1504.0,260.29813,224,4003.244,-10.968,61.614,67.917,39.528,46.806,4094.857,96.919,96.707,99.182,99.501,648.167,653.839,649.993,651.208,87.905,99.734,3.443,7.212,3.032,0.647,0.312,0.226,2.937,14.171,7.221,21.383,NORMAL,0.0,-1.0,100.0
E001,T1-0000,1505.0,260.2984,225,4003.203,-10.968,61.614,67.938,39.541,46.815,4101.584,95.873,97.664,98.964,99.386,645.858,651.736,649.812,648.981,87.864,99.778,3.444,7.23,3.044,0.633,0.323,0.224,2.978,14.253,7.17,21.395,NORMAL,0.0,-1.0,100.0
E001,T1-0000,1506.0,260.29868,226,4003.159,-10.968,61.615,67.959,39.554,46.742,4098.511,96.216,97.538,98.8,99.307,647.557,651.574,651.12,650.42,87.845,99.903,3.445,7.224,3.031,0.636,0.32,0.223,2.97,14.157,7.196,21.389,NORMAL,0.0,-1.0,100.0
E001,T1-0000,1507.0,260.29896,227,4003.112,-10.967,61.615,67.98,39.567,46.796,4097.857,96.423,97.366,98.886,99.293,649.75,651.292,653.789,651.917,87.77,99.819,3.445,7.224,3.043,0.628,0.317,0.223,2.966,14.193,7.313,21.387,NORMAL,0.0,-1.0,100.0
E001,T1-0000,1508.0,260.29924,228,4003.061,-10.967,61.616,68.001,39.58,46.825,4102.64,96.565,97.379,98.412,99.518,647.479,650.941,651.973,649.317,87.652,99.763,3.459,7.237,3.057,0.621,0.316,0.222,2.971,14.207,7.223,21.396,NORMAL,0.0,-1.0,100.0
E001,T1-0000,1509.0,260.29952,229,4003.007,-10.967,61.616,68.022,39.593,46.827,4105.442,96.857,96.97,98.027,99.827,647.108,650.88,651.055,651.2,87.919,99.703,3.45,7.245,3.033,0.623,0.321,0.233,2.958,14.186,7.294,21.4,NORMAL,0.0,-1.0,100.0
E001,T1-0000,1510.0,260.29979,230,4002.95,-10.966,61.617,68.042,39.606,46.784,4103.118,96.645,96.627,98.553,99.389,646.964,649.755,652.493,652.277,87.854,99.707,3.451,7.241,3.055,0.618,0.317,0.23,2.926,14.231,7.354,21.396,NORMAL,0.0,-1.0,100.0
E001,T1-0000,1511.0,260.30007,231,4002.889,-10.966,61.617,68.063,39.619,46.839,4093.266,96.906,96.585,98.818,98.863,650.342,651.821,648.331,651.931,87.985,99.857,3.438,7.219,3.048,0.618,0.319,0.23,2.946,14.188,7.152,21.376,NORMAL,0.0,-1.0,100.0
E001,T1-0000,1512.0,260.30035,232,4002.825,-10.966,61.618,68.084,39.632,46.82,4098.032,97.205,96.231,98.939,99.41,652.501,650.803,649.649,651.486,87.874,99.821,3.443,7.232,3.047,0.62,0.318,0.226,2.924,14.205,7.337,21.385,NORMAL,0.0,-1.0,100.0
E001,T1-0000,1513.0,260.30063,233,4002.758,-10.965,61.618,68.105,39.645,46.853,4103.117,96.76,96.254,98.337,99.288,649.629,650.694,650.03,651.005,87.705,99.838,3.453,7.245,3.052,0.642,0.321,0.226,2.902,14.201,7.192,21.394,NORMAL,0.0,-1.0,100.0
E001,T1-0000,1514.0,260.3009,234,4002.688,-10.965,61.619,68.126,39.658,46.798,4107.424,96.608,96.065,98.792,99.975,650.25,651.719,650.027,650.591,87.576,99.693,3.446,7.257,3.035,0.629,0.317,0.23,2.94,14.19,7.175,21.402,NORMAL,0.0,-1.0,100.0
E001,T1-0000,1515.0,260.30118,235,4002.614,-10.964,61.619,68.147,39.671,46.774,4108.483,96.313,96.241,98.366,100.028,649.63,651.726,651.507,653.793,87.687,99.642,3.46,7.261,3.046,0.627,0.316,0.227,2.975,14.198,7.33,21.403,NORMAL,0.0,-1.0,100.0
E001,T1-0000,1516.0,260.30146,236,4002.537,-10.964,61.62,68.167,39.684,46.889,4111.119,95.996,95.924,98.368,100.149,650.741,653.001,652.092,655.451,87.696,99.773,3.46,7.269,3.067,0.628,0.314,0.229,2.951,14.203,7.024,21.408,NORMAL,0.0,-1.0,100.0
E001,T1-0000,1517.0,260.30174,237,4002.457,-10.963,61.62,68.188,39.698,46.827,4108.07,96.081,95.57,97.969,99.968,649.706,651.339,650.793,651.396,87.672,99.833,3.448,7.263,3.019,0.635,0.31,0.229,2.899,14.202,7.008,21.402,NORMAL,0.0,-1.0,100.0
E001,T1-0000,1518.0,260.30202,238,4002.373,-10.963,61.621,68.209,39.711,46.873,4106.491,95.797,95.466,98.076,99.28,649.358,649.484,652.249,651.567,87.75,99.6,3.456,7.261,3.068,0.627,0.313,0.229,2.96,14.234,7.195,21.398,NORMAL,0.0,-1.0,100.0
E001,T1-0000,1519.0,260.30229,239,4002.286,-10.962,61.622,68.23,39.724,46.912,4105.874,95.308,95.878,98.142,99.508,649.082,650.237,655.479,650.935,87.832,99.724,3.455,7.261,3.057,0.643,0.315,0.231,2.939,14.209,7.347,21.397,NORMAL,0.0,-1.0,100.0
E001,T1-0000,1520.0,260.30257,240,4002.196,-10.961,61.623,68.251,39.737,46.917,4107.044,94.989,96.319,97.639,99.441,650.723,650.181,654.621,649.475,87.866,99.788,3.457,7.265,3.055,0.636,0.316,0.231,2.971,14.186,7.28,21.398,NORMAL,0.0,-1.0,100.0
E001,T1-0000,1521.0,260.30285,241,4002.102,-10.961,61.623,68.271,39.75,46.923,4107.231,95.157,96.085,97.599,99.361,649.402,647.314,653.517,649.536,87.737,99.736,3.446,7.267,3.043,0.63,0.312,0.227,3.005,14.215,7.312,21.398,NORMAL,0.0,-1.0,100.0
E001,T1-0000,1522.0,260.30313,242,4002.005,-10.96,61.624,68.292,39.764,46.87,4105.287,94.784,96.087,97.048,99.165,650.761,650.168,653.298,645.596,87.698,99.67,3.452,7.264,3.034,0.629,0.307,0.228,2.991,14.18,7.052,21.394,NORMAL,0.0,-1.0,100.0
E001,T1-0000,1523.0,260.3034,243,4001.905,-10.96,61.625,68.313,39.777,46.928,4105.162,94.413,96.065,97.424,99.253,649.266,649.818,650.902,646.471,87.705,99.81,3.455,7.265,3.058,0.649,0.308,0.225,2.967,14.188,7.254,21.393,NORMAL,0.0,-1.0,100.0
E001,T1-0000,1524.0,260.30368,244,4001.802,-10.959,61.626,68.334,39.79,46.9,4110.855,94.132,95.516,97.112,99.375,648.571,651.575,651.006,649.263,87.828,99.861,3.457,7.28,3.061,0.644,0.307,0.222,2.981,14.168,7.389,21.404,NORMAL,0.0,-1.0,100.0
E001,T1-0000,1525.0,260.30396,245,4001.695,-10.958,61.627,68.355,39.803,46.942,4106.946,94.076,95.874,97.749,99.791,650.092,649.22,651.932,648.694,87.829,99.862,3.455,7.272,3.037,0.635,0.305,0.226,2.977,14.236,7.177,21.396,NORMAL,0.0,-1.0,100.0
E001,T1-0000,1526.0,260.30424,246,4001.585,-10.958,61.627,68.375,39.817,46.953,4108.302,94.062,95.377,98.128,99.626,653.344,648.613,651.334,647.256,87.926,99.766,3.458,7.277,3.059,0.637,0.315,0.224,2.978,14.237,7.44,21.398,NORMAL,0.0,-1.0,100.0
E001,T1-0000,1527.0,260.30452,247,4001.472,-10.957,61.628,68.396,39.83,46.991,4106.786,93.847,95.155,98.554,100.237,651.565,649.671,649.664,649.414,87.859,99.841,3.454,7.275,3.042,0.627,0.312,0.225,2.971,14.212,7.533,21.395,NORMAL,0.0,-1.0,100.0
E001,T1-0000,1528.0,260.30479,248,4001.356,-10.956,61.629,68.417,39.843,47.014,4109.994,93.912,95.507,98.219,100.168,650.803,650.48,647.361,652.09,87.944,99.847,3.458,7.284,3.027,0.623,0.315,0.223,3.015,14.207,7.049,21.4,NORMAL,0.0,-1.0,100.0
E001,T1-0000,1529.0,260.30507,249,4001.236,-10.955,61.63,68.438,39.857,47.015,4113.083,93.733,95.563,97.267,100.039,652.791,653.441,645.689,650.658,87.985,99.805,3.454,7.293,3.056,0.617,0.311,0.221,3.026,14.24,7.299,21.406,NORMAL,0.0,-1.0,100.0
E001,T1-0000,1530.0,260.30535,250,4001.113,-10.954,61.631,68.458,39.87,47.003,4111.787,93.484,95.394,97.623,99.931,651.725,652.805,645.557,652.011,88.132,99.736,3.457,7.291,3.043,0.633,0.312,0.219,3.028,14.197,7.297,21.403,NORMAL,0.0,-1.0,100.0
E001,T1-0000,1531.0,260.30563,251,4000.987,-10.954,61.632,68.479,39.883,46.96,4117.034,93.686,95.307,97.617,100.227,651.37,650.476,650.448,652.487,88.137,99.847,3.453,7.306,3.045,0.627,0.31,0.218,3.075,14.213,7.148,21.412,NORMAL,0.0,-1.0,100.0
E001,T1-0000,1532.0,260.3059,252,4000.857,-10.953,61.633,68.5,39.897,47.023,4116.607,93.584,95.287,98.257,99.625,653.427,650.141,651.53,652.532,88.044,99.763,3.469,7.306,3.04,0.633,0.306,0.218,3.075,14.186,7.429,21.411,NORMAL,0.0,-1.0,100.0
E001,T1-0000,1533.0,260.30618,253,4000.724,-10.952,61.634,68.521,39.91,47.112,4116.363,94.218,95.496,97.752,99.885,654.189,649.437,651.546,652.691,88.133,99.756,3.455,7.307,3.038,0.624,0.307,0.217,3.032,14.187,7.528,21.41,NORMAL,0.0,-1.0,100.0
E001,T1-0000,1534.0,260.30646,254,4000.588,-10.951,61.635,68.541,39.924,47.004,4119.004,94.338,95.51,97.475,99.742,650.923,648.753,651.926,650.268,87.955,99.974,3.46,7.315,3.053,0.62,0.307,0.221,3.058,14.163,7.138,21.415,NORMAL,0.0,-1.0,100.0
E001,T1-0000,1535.0,260.30674,255,4000.449,-10.95,61.637,68.562,39.937,47.029,4122.043,94.158,95.993,97.437,100.432,649.682,648.422,651.737,651.662,88.037,99.802,3.465,7.324,3.045,0.641,0.308,0.221,3.059,14.164,7.236,21.42,NORMAL,0.0,-1.0,100.0
E001,T1-0000,1536.0,260.30702,0,4000.306,-10.949,61.638,68.583,39.951,47.103,4122.55,94.309,95.79,97.388,101.025,651.36,649.203,648.554,650.657,88.046,99.931,3.458,7.327,3.053,0.633,0.304,0.222,3.043,14.205,7.614,21.42,NORMAL,0.0,-1.0,100.0
E001,T1-0000,1537.0,260.30729,1,4000.161,-10.948,61.639,68.603,39.964,47.074,4125.722,94.256,95.518,97.407,101.556,650.028,649.655,648.44,649.251,88.041,99.838,3.462,7.335,3.054,0.64,0.301,0.225,3.058,14.186,7.332,21.426,NORMAL,0.0,-1.0,100.0
E001,T1-0000,1538.0,260.30757,2,4000.012,-10.947,61.64,68.624,39.977,47.06,4125.174,94.492,95.31,97.271,101.746,651.329,648.424,653.018,649.244,88.072,99.85,3.465,7.336,3.066,0.677,0.302,0.224,2.992,14.2,7.145,21.424,NORMAL,0.0,-1.0,100.0
E001,T1-0000,1539.0,260.30785,3,3999.86,-10.946,61.641,68.645,39.991,46.989,4127.854,94.429,95.425,96.395,102.313,651.115,647.878,652.32,649.588,88.095,99.775,3.463,7.343,3.039,0.688,0.309,0.225,2.941,14.164,7.34,21.429,NORMAL,0.0,-1.0,100.0
E001,T1-0000,1540.0,260.30813,4,3999.704,-10.945,61.643,68.665,40.004,47.09,4123.827,94.902,95.652,95.756,102.812,651.576,645.261,652.263,651.358,88.014,99.89,3.46,7.336,3.036,0.667,0.31,0.224,2.952,14.176,7.216,21.421,NORMAL,0.0,-1.0,100.0
E001,T1-0000,1541.0,260.3084,5,3999.545,-10.944,61.644,68.686,40.018,47.168,4126.991,94.538,95.661,95.861,103.045,649.624,649.49,651.472,654.902,87.917,99.826,3.464,7.345,3.06,0.66,0.308,0.223,3.028,14.225,7.383,21.426,NORMAL,0.0,-1.0,100.0
E001,T1-0000,1542.0,260.30868,6,3999.384,-10.943,61.645,68.707,40.031,47.132,4128.421,93.639,95.703,95.768,102.786,650.104,652.098,654.703,652.397,87.973,99.819,3.465,7.35,3.067,0.683,0.304,0.222,3.027,14.195,7.58,21.429,NORMAL,0.0,-1.0,100.0
E001,T1-0000,1543.0,260.30896,7,3999.219,-10.942,61.646,68.727,40.045,47.233,4129.645,94.299,95.455,95.93,102.544,647.577,653.647,652.46,655.506,87.971,99.768,3.465,7.355,3.052,0.67,0.309,0.22,2.973,14.184,7.216,21.431,NORMAL,0.0,-1.0,100.0
E001,T1-0000,1544.0,260.30924,8,3999.05,-10.941,61.648,68.748,40.058,47.078,4123.802,94.107,95.763,95.716,102.248,648.318,651.519,651.742,656.776,87.762,99.865,3.455,7.342,3.035,0.653,0.312,0.219,2.967,14.2,7.303,21.419,NORMAL,0.0,-1.0,100.0
E001,T1-0000,1545.0,260.30952,9,3998.879,-10.94,61.649,68.769,40.072,47.169,4125.859,94.613,95.78,96.187,101.935,648.358,651.753,651.777,654.637,87.842,99.998,3.457,7.349,3.039,0.651,0.312,0.22,3.018,14.206,7.529,21.422,NORMAL,0.0,-1.0,100.0
E001,T1-0000,1546.0,260.30979,10,3998.704,-10.939,61.651,68.789,40.085,47.167,4129.236,94.883,96.145,96.984,101.902,651.816,651.786,650.862,653.282,87.916,99.934,3.463,7.359,3.044,0.637,0.307,0.218,3.057,14.182,7.78,21.428,NORMAL,0.0,-1.0,100.0
E001,T1-0000,1547.0,260.31007,11,3998.526,-10.938,61.652,68.81,40.099,47.199,4129.314,94.713,96.074,96.507,101.451,653.802,650.736,650.643,651.223,87.738,99.959,3.456,7.361,3.045,0.64,0.307,0.22,3.058,14.22,7.257,21.428,NORMAL,0.0,-1.0,100.0
E001,T1-0000,1548.0,260.31035,12,3998.345,-10.936,61.654,68.83,40.113,47.207,4125.213,93.991,95.926,96.928,101.82,651.342,651.975,649.938,649.528,87.887,99.848,3.46,7.352,3.075,0.634,0.309,0.219,3.058,14.195,7.421,21.42,NORMAL,0.0,-1.0,100.0
E001,T1-0000,1549.0,260.31063,13,3998.161,-10.935,61.655,68.851,40.126,47.155,4129.038,94.097,95.676,97.179,101.664,653.186,653.238,649.07,648.578,87.733,99.964,3.457,7.363,3.056,0.627,0.307,0.218,3.069,14.196,7.338,21.427,NORMAL,0.0,-1.0,100.0
E001,T1-0000,1550.0,260.3109,14,3997.974,-10.934,61.656,68.871,40.14,47.204,4126.157,94.583,95.848,97.092,101.259,656.681,652.762,648.51,648.513,87.697,99.888,3.464,7.358,3.068,0.623,0.306,0.219,3.084,14.221,7.238,21.421,NORMAL,0.0,-1.0,100.0
E001,T1-0000,1551.0,260.31118,15,3997.783,-10.933,61.658,68.892,40.153,47.214,4125.554,94.625,96.254,97.245,100.814,653.987,652.443,649.711,650.607,87.773,99.953,3.465,7.358,3.056,0.631,0.307,0.224,3.068,14.208,7.374,21.419,NORMAL,0.0,-1.0,100.0
E001,T1-0000,1552.0,260.31146,16,3997.589,-10.932,61.66,68.912,40.167,47.238,4127.768,94.571,96.483,97.776,100.909,653.235,654.852,652.299,650.287,87.725,99.852,3.457,7.365,3.051,0.625,0.305,0.228,3.037,14.217,7.506,21.423,NORMAL,0.0,-1.0,100.0
E001,T1-0000,1553.0,260.31174,17,3997.392,-10.93,61.661,68.933,40.18,47.192,4126.462,94.8,96.567,98.125,100.956,652.922,651.67,654.391,651.782,87.741,99.926,3.461,7.363,3.04,0.627,0.306,0.226,3.034,14.18,7.478,21.42,NORMAL,0.0,-1.0,100.0
E001,T1-0000,1554.0,260.31202,18,3997.192,-10.929,61.663,68.953,40.194,47.226,4128.062,94.611,96.832,98.216,100.967,653.847,651.947,656.257,652.635,87.709,99.826,3.464,7.369,3.053,0.67,0.303,0.223,3.04,14.2,7.379,21.422,NORMAL,0.0,-1.0,100.0
E001,T1-0000,1555.0,260.31229,19,3996.989,-10.928,61.664,68.974,40.208,47.33,4129.155,95.286,96.571,98.486,100.458,651.231,650.988,653.702,651.558,87.648,99.923,3.461,7.373,3.071,0.662,0.311,0.224,3.058,14.2,7.25,21.424,NORMAL,0.0,-1.0,100.0
E001,T1-0000,1556.0,260.31257,20,3996.783,-10.926,61.666,68.994,40.221,47.3,4137.079,94.767,96.228,98.543,100.865,654.105,651.995,651.74,652.113,87.61,99.873,3.464,7.394,3.058,0.657,0.315,0.229,3.062,14.19,7.32,21.438,NORMAL,0.0,-1.0,100.0
E001,T1-0000,1557.0,260.31285,21,3996.573,-10.925,61.668,69.014,40.235,47.362,4141.721,94.629,96.763,98.676,100.627,651.825,652.604,652.866,652.434,87.786,99.91,3.462,7.407,3.058,0.647,0.313,0.227,3.029,14.19,7.488,21.447,NORMAL,0.0,-1.0,100.0
E001,T1-0000,1558.0,260.31313,22,3996.36,-10.924,61.669,69.035,40.249,47.311,4138.782,95.351,96.366,99.064,100.186,650.811,653.587,654.36,651.613,87.808,99.945,3.467,7.401,3.054,0.66,0.319,0.228,3.059,14.205,7.34,21.441,NORMAL,0.0,-1.0,100.0
E001,T1-0000,1559.0,260.3134,23,3996.145,-10.922,61.671,69.055,40.262,47.315,4137.651,95.615,96.503,99.412,100.174,651.974,654.381,653.695,653.139,87.585,99.957,3.465,7.4,3.051,0.658,0.315,0.227,3.097,14.192,7.386,21.438,NORMAL,0.0,-1.0,100.0
E001,T1-0000,1560.0,260.31368,24,3995.926,-10.921,61.673,69.076,40.276,47.323,4142.692,95.588,96.651,99.089,100.037,651.305,655.641,653.554,652.104,87.605,99.937,3.477,7.414,3.036,0.65,0.31,0.226,3.067,14.208,7.507,21.447,NORMAL,0.0,-1.0,100.0
E001,T1-0000,1561.0,260.31396,25,3995.704,-10.919,61.675,69.096,40.29,47.403,4137.574,95.915,96.832,99.23,99.488,652.17,656.313,654.146,653.608,87.666,99.973,3.471,7.403,3.05,0.637,0.305,0.223,3.071,14.192,7.455,21.437,NORMAL,0.0,-1.0,100.0
E001,T1-0000,1562.0,260.31424,26,3995.479,-10.918,61.677,69.116,40.303,47.367,4139.736,96.504,96.96,99.49,99.41,649.401,655.027,653.664,653.453,87.678,99.918,3.468,7.41,3.059,0.655,0.309,0.223,3.04,14.185,7.334,21.441,NORMAL,0.0,-1.0,100.0
E001,T1-0000,1563.0,260.31452,27,3995.25,-10.916,61.678,69.137,40.317,47.336,4140.516,96.739,97.182,99.622,99.348,652.741,655.004,654.496,654.534,87.756,99.874,3.469,7.413,3.045,0.654,0.309,0.222,3.036,14.176,7.243,21.442,NORMAL,0.0,-1.0,100.0
E001,T1-0000,1564.0,260.31479,28,3995.019,-10.915,61.68,69.157,40.331,47.394,4144.208,97.268,97.704,99.566,99.399,650.948,653.163,653.207,653.673,87.643,99.843,3.466,7.424,3.063,0.641,0.314,0.224,3.022,14.196,7.752,21.448,NORMAL,0.0,-1.0,100.0
E001,T1-0000,1565.0,260.31507,29,3994.785,-10.913,61.682,69.177,40.344,47.405,4145.32,97.388,97.0,99.807,99.188,650.81,652.46,654.481,650.334,87.73,99.915,3.47,7.428,3.062,0.629,0.31,0.222,2.997,14.2,7.505,21.45,NORMAL,0.0,-1.0,100.0
E001,T1-0000,1566.0,260.31535,30,3994.547,-10.912,61.684,69.197,40.358,47.373,4146.713,97.008,96.729,99.719,99.488,652.815,649.399,655.085,651.332,87.703,99.912,3.471,7.433,3.026,0.619,0.31,0.219,3.046,14.181,7.456,21.452,NORMAL,0.0,-1.0,100.0
E001,T1-0000,1567.0,260.31563,31,3994.307,-10.91,61.686,69.218,40.372,47.356,4143.955,97.054,96.669,100.649,99.707,651.69,651.053,653.62,651.494,87.915,99.958,3.465,7.428,3.063,0.628,0.318,0.225,3.052,14.181,7.647,21.446,NORMAL,0.0,-1.0,100.0
E001,T1-0000,1568.0,260.3159,32,3994.063,-10.909,61.688,69.238,40.385,47.509,4146.537,96.865,96.54,100.593,99.371,651.764,652.928,650.919,652.852,87.766,99.954,3.462,7.436,3.055,0.657,0.324,0.225,3.011,14.199,7.637,21.451,NORMAL,0.0,-1.0,100.0
E001,T1-0000,1569.0,260.31618,33,3993.816,-10.907,61.69,69.258,40.399,47.415,4148.7,97.225,96.259,100.591,99.882,650.958,655.522,651.817,655.64,87.877,100.002,3.47,7.442,3.076,0.651,0.32,0.223,2.991,14.186,7.587,21.454,NORMAL,0.0,-1.0,100.0
E001,T1-0000,1570.0,260.31646,34,3993.567,-10.905,61.692,69.278,40.413,47.515,4140.141,97.297,96.607,101.159,100.352,652.086,656.672,651.146,653.506,87.816,100.051,3.467,7.423,3.051,0.656,0.313,0.226,2.953,14.222,7.694,21.438,NORMAL,0.0,-1.0,100.0
E001,T1-0000,1571.0,260.31674,35,3993.314,-10.904,61.694,69.298,40.426,47.395,4143.241,96.94,96.307,100.463,100.374,651.824,656.502,653.134,654.498,87.876,99.979,3.47,7.432,3.055,0.64,0.313,0.225,2.981,14.171,7.292,21.443,NORMAL,0.0,-1.0,100.0
E001,T1-0000,1572.0,260.31702,36,3993.058,-10.902,61.696,69.318,40.44,47.311,4138.729,96.596,96.396,100.56,100.158,649.319,653.332,653.706,654.503,88.024,99.985,3.47,7.423,3.046,0.637,0.316,0.226,3.024,14.207,7.759,21.434,NORMAL,0.0,-1.0,100.0
E001,T1-0000,1573.0,260.31729,37,3992.799,-10.9,61.698,69.338,40.454,47.526,4145.933,96.721,96.448,100.22,99.945,650.399,656.184,654.264,654.199,88.092,99.977,3.473,7.442,3.052,0.63,0.317,0.223,3.003,14.163,7.694,21.447,NORMAL,0.0,-1.0,100.0
E001,T1-0000,1574.0,260.31757,38,3992.537,-10.899,61.7,69.358,40.468,47.496,4144.003,96.811,96.939,100.385,100.13,647.351,657.028,654.154,654.498,88.108,100.026,3.474,7.438,3.023,0.625,0.315,0.225,2.976,14.175,7.572,21.443,NORMAL,0.0,-1.0,100.0
E001,T1-0000,1575.0,260.31785,39,3992.272,-10.897,61.702,69.378,40.481,47.538,4146.401,97.14,97.026,100.363,99.852,651.792,656.429,654.66,656.494,88.135,100.049,3.477,7.446,3.049,0.643,0.31,0.224,2.966,14.238,7.4,21.447,NORMAL,0.0,-1.0,100.0
E001,T1-0000,1576.0,260.31813,40,3992.004,-10.895,61.704,69.398,40.495,47.488,4148.328,96.39,97.663,99.905,99.449,653.193,657.85,654.173,658.292,88.261,99.949,3.472,7.452,3.054,0.634,0.305,0.222,2.982,14.221,7.603,21.45,NORMAL,0.0,-1.0,100.0
E001,T1-0000,1577.0,260.3184,41,3991.733,-10.893,61.707,69.418,40.509,47.48,4150.202,96.845,97.79,99.854,99.388,653.525,655.861,654.783,656.078,88.327,100.012,3.474,7.458,3.039,0.632,0.305,0.223,2.985,14.189,7.898,21.453,NORMAL,0.0,-1.0,100.0
E001,T1-0000,1578.0,260.31868,42,3991.459,-10.892,61.709,69.438,40.522,47.476,4145.5,96.643,97.061,99.694,99.983,656.156,656.39,655.013,654.896,88.177,100.074,3.478,7.448,3.051,0.633,0.302,0.227,2.962,14.196,7.687,21.444,NORMAL,0.0,-1.0,100.0
E001,T1-0000,1579.0,260.31896,43,3991.183,-10.89,61.711,69.458,40.536,47.552,4145.066,96.292,96.992,99.936,99.836,655.994,653.866,653.493,654.858,88.091,100.047,3.468,7.449,3.056,0.631,0.299,0.225,2.924,14.183,7.68,21.443,NORMAL,0.0,-1.0,100.0
E001,T1-0000,1580.0,260.31924,44,3990.903,-10.888,61.713,69.478,40.55,47.528,4143.146,95.807,96.547,100.05,99.811,654.173,654.076,654.05,655.516,88.143,100.106,3.469,7.446,3.044,0.621,0.306,0.223,2.952,14.187,7.635,21.438,NORMAL,0.0,-1.0,100.0
E001,T1-0000,1581.0,260.31952,45,3990.62,-10.886,61.716,69.498,40.564,47.544,4144.949,95.481,96.866,100.397,100.654,652.88,654.927,654.055,655.301,88.099,100.084,3.473,7.452,3.051,0.619,0.305,0.227,2.931,14.214,7.516,21.441,NORMAL,0.0,-1.0,100.0
E001,T1-0000,1582.0,260.31979,46,3990.334,-10.884,61.718,69.518,40.577,47.568,4148.021,96.038,96.794,99.781,100.904,656.095,656.155,652.424,655.704,87.985,99.988,3.466,7.461,3.044,0.635,0.307,0.229,2.931,14.212,7.801,21.447,NORMAL,0.0,-1.0,100.0
E001,T1-0000,1583.0,260.32007,47,3990.045,-10.883,61.72,69.538,40.591,47.502,4149.867,95.903,96.904,99.267,101.387,655.104,657.49,653.176,656.831,88.231,99.994,3.47,7.467,3.056,0.637,0.304,0.227,3.023,14.214,7.505,21.45,NORMAL,0.0,-1.0,100.0
E001,T1-0000,1584.0,260.32035,48,3989.753,-10.881,61.723,69.558,40.605,47.533,4149.527,95.925,96.353,99.354,101.042,653.901,655.856,651.219,655.348,87.997,100.082,3.478,7.468,3.05,0.633,0.303,0.225,3.042,14.174,7.54,21.449,NORMAL,0.0,-1.0,100.0
E001,T1-0000,1585.0,260.32063,49,3989.458,-10.879,61.725,69.577,40.619,47.654,4149.516,95.698,95.763,99.608,100.968,653.311,654.992,652.768,652.526,87.999,100.041,3.471,7.47,3.041,0.622,0.307,0.224,3.025,14.207,7.622,21.448,NORMAL,0.0,-1.0,100.0
E001,T1-0000,1586.0,260.3209,50,3989.161,-10.877,61.727,69.597,40.632,47.607,4152.35,95.321,95.701,99.584,100.947,652.352,654.702,653.338,652.209,88.156,99.99,3.477,7.478,3.051,0.626,0.314,0.222,3.026,14.183,7.672,21.453,NORMAL,0.0,-1.0,100.0
E001,T1-0000,1587.0,260.32118,51,3988.86,-10.875,61.73,69.617,40.646,47.53,4156.988,95.591,95.76,99.604,100.596,652.89,655.895,653.049,653.089,88.013,100.119,3.476,7.491,3.05,0.619,0.326,0.224,3.012,14.211,7.526,21.461,NORMAL,0.0,-1.0,100.0
E001,T1-0000,1588.0,260.32146,52,3988.557,-10.873,61.732,69.637,40.66,47.627,4160.846,95.455,96.421,99.114,100.728,652.061,651.355,654.757,654.244,88.029,100.079,3.483,7.502,3.046,0.618,0.323,0.222,3.028,14.2,7.715,21.468,NORMAL,0.0,-1.0,100.0
E001,T1-0000,1589.0,260.32174,53,3988.25,-10.871,61.735,69.656,40.674,47.604,4164.059,95.444,96.655,99.294,101.185,650.992,649.824,653.083,655.014,88.065,100.159,3.469,7.511,3.065,0.646,0.316,0.221,3.021,14.144,7.631,21.474,NORMAL,0.0,-1.0,100.0
E001,T1-0000,1590.0,260.32202,54,3987.941,-10.869,61.737,69.676,40.687,47.541,4157.518,96.118,96.767,99.604,100.863,654.946,651.059,653.708,654.702,88.095,100.123,3.47,7.497,3.07,0.634,0.31,0.223,3.025,14.228,7.815,21.461,NORMAL,0.0,-1.0,100.0
E001,T1-0000,1591.0,260.32229,55,3987.629,-10.867,61.74,69.696,40.701,47.621,4161.659,96.177,96.894,99.402,100.895,654.044,655.48,652.814,651.668,88.033,100.197,3.48,7.509,3.032,0.631,0.317,0.221,3.009,14.178,7.623,21.468,NORMAL,0.0,-1.0,100.0
E001,T1-0000,1592.0,260.32257,56,3987.314,-10.865,61.742,69.715,40.715,47.668,4163.259,96.42,96.375,99.5,100.409,654.53,655.409,653.789,652.183,88.021,100.136,3.47,7.514,3.065,0.647,0.316,0.222,3.033,14.203,7.971,21.471,NORMAL,0.0,-1.0,100.0
E001,T1-0000,1593.0,260.32285,57,3986.996,-10.863,61.745,69.735,40.728,47.607,4155.473,96.57,96.322,99.488,99.779,656.221,655.495,654.109,653.209,87.858,100.207,3.468,7.497,3.028,0.651,0.314,0.221,3.017,14.211,8.058,21.456,NORMAL,0.0,-1.0,100.0
E001,T1-0000,1594.0,260.32313,58,3986.675,-10.861,61.747,69.754,40.742,47.688,4161.35,96.188,96.285,99.762,99.692,655.928,654.227,650.641,652.803,88.165,100.198,3.473,7.513,3.049,0.663,0.312,0.225,3.065,14.189,7.714,21.466,NORMAL,0.0,-1.0,100.0
E001,T1-0000,1595.0,260.3234,59,3986.351,-10.858,61.75,69.774,40.756,47.658,4162.649,96.438,96.345,99.48,99.2,658.033,652.404,650.287,652.781,88.201,100.301,3.475,7.518,3.056,0.676,0.308,0.223,3.049,14.213,7.701,21.468,NORMAL,0.0,-1.0,100.0
E001,T1-0000,1596.0,260.32368,60,3986.025,-10.856,61.753,69.793,40.77,47.803,4159.036,96.593,96.999,99.409,99.234,656.484,652.774,652.168,650.07,88.264,100.15,3.466,7.51,3.044,0.678,0.306,0.226,2.996,14.217,7.488,21.461,NORMAL,0.0,-1.0,100.0
E001,T1-0000,1597.0,260.32396,61,3985.695,-10.854,61.755,69.813,40.783,47.616,4157.918,96.386,96.465,99.434,99.317,657.238,654.151,650.68,652.506,88.099,100.195,3.465,7.509,3.063,0.685,0.308,0.225,3.022,14.179,7.766,21.458,NORMAL,0.0,-1.0,100.0
E001,T1-0000,1598.0,260.32424,62,3985.363,-10.852,61.758,69.832,40.797,47.708,4157.511,96.598,95.901,99.08,100.008,656.151,655.092,652.443,655.721,88.11,100.274,3.473,7.51,3.048,0.688,0.309,0.227,2.977,14.184,7.77,21.457,NORMAL,0.0,-1.0,100.0
E001,T1-0000,1599.0,260.32452,63,3985.028,-10.85,61.761,69.851,40.811,47.698,4161.801,96.772,96.193,98.712,100.701,654.051,653.429,654.802,654.178,88.069,100.111,3.487,7.522,3.037,0.684,0.305,0.234,2.957,14.216,7.681,21.465,NORMAL,0.0,-1.0,100.0
E001,T1-0000,1600.0,260.32479,64,3984.69,-10.848,61.763,69.871,40.825,47.698,4160.288,96.931,95.919,99.009,100.744,653.102,651.482,654.586,654.667,88.052,100.187,3.48,7.52,3.052,0.663,0.31,0.237,2.964,14.202,7.764,21.461,NORMAL,0.0,-1.0,100.0
E001,T1-0000,1601.0,260.32507,65,3984.349,-10.845,61.766,69.89,40.838,47.788,4160.655,96.648,96.595,99.248,100.26,653.775,649.878,655.489,652.632,87.942,100.148,3.48,7.523,3.036,0.652,0.307,0.236,2.949,14.195,7.778,21.462,NORMAL,0.0,-1.0,100.0
E001,T1-0000,1602.0,260.32535,66,3984.006,-10.843,61.769,69.909,40.852,47.729,4165.416,96.646,96.812,98.998,99.478,653.157,651.766,656.551,652.273,88.14,100.245,3.47,7.536,3.062,0.654,0.309,0.234,2.938,14.189,7.717,21.47,NORMAL,0.0,-1.0,100.0
E001,T1-0000,1603.0,260.32563,67,3983.66,-10.841,61.772,69.929,40.866,47.767,4161.409,97.035,96.71,99.651,99.48,651.308,653.553,653.739,651.427,88.183,100.206,3.47,7.528,3.051,0.641,0.322,0.232,2.996,14.203,7.8,21.462,NORMAL,0.0,-1.0,100.0
E001,T1-0000,1604.0,260.3259,68,3983.311,-10.839,61.774,69.948,40.879,47.696,4165.108,96.603,96.49,99.724,99.206,654.754,653.628,652.571,654.051,88.113,100.223,3.477,7.538,3.033,0.64,0.322,0.234,2.981,14.192,8.074,21.469,NORMAL,0.0,-1.0,100.0
E001,T1-0000,1605.0,260.32618,69,3982.959,-10.836,61.777,69.967,40.893,47.813,4164.132,97.007,96.971,100.055,99.459,657.071,654.771,654.416,651.563,88.265,100.238,3.476,7.537,3.056,0.631,0.322,0.231,2.978,14.201,7.805,21.466,NORMAL,0.0,-1.0,100.0
E001,T1-0000,1606.0,260.32646,70,3982.604,-10.834,61.78,69.986,40.907,47.85,4163.29,96.743,96.256,99.814,99.616,656.583,653.594,655.159,650.98,88.011,100.251,3.476,7.537,3.052,0.622,0.32,0.228,2.991,14.202,7.551,21.464,NORMAL,0.0,-1.0,100.0
E001,T1-0000,1607.0,260.32674,71,3982.247,-10.832,61.783,70.005,40.92,47.765,4162.997,97.251,96.866,100.217,99.753,650.976,652.904,654.25,651.511,88.146,100.265,3.476,7.538,3.045,0.639,0.318,0.23,2.939,14.229,8.087,21.463,NORMAL,0.0,-1.0,100.0
E001,T1-0000,1608.0,260.32702,72,3981.887,-10.829,61.786,70.024,40.934,47.878,4164.398,98.246,97.013,100.347,100.245,651.752,651.281,654.874,652.74,88.152,100.25,3.475,7.543,3.052,0.672,0.313,0.228,2.92,14.178,7.882,21.465,NORMAL,0.0,-1.0,100.0
E001,T1-0000,1609.0,260.32729,73,3981.524,-10.827,61.789,70.043,40.948,47.859,4166.149,98.59,96.737,100.523,99.873,657.879,652.826,654.489,656.075,88.243,100.338,3.48,7.549,3.048,0.681,0.312,0.227,2.949,14.201,7.773,21.468,NORMAL,0.0,-1.0,100.0
E001,T1-0000,1610.0,260.32757,74,3981.159,-10.825,61.792,70.062,40.961,47.809,4171.572,98.709,96.199,99.834,100.277,654.962,653.62,655.866,654.368,88.16,100.232,3.474,7.564,3.036,0.662,0.313,0.227,2.968,14.203,7.74,21.478,NORMAL,0.0,-1.0,100.0
E001,T1-0000,1611.0,260.32785,75,3980.791,-10.822,61.795,70.081,40.975,47.882,4169.753,99.187,96.416,99.835,100.628,654.298,654.564,657.828,655.269,88.254,100.274,3.482,7.561,3.032,0.654,0.319,0.23,3.0,14.243,8.078,21.474,NORMAL,0.0,-1.0,100.0
E001,T1-0000,1612.0,260.32813,76,3980.42,-10.82,61.798,70.1,40.989,47.873,4165.385,98.684,96.306,99.802,101.033,652.942,654.235,654.071,654.265,87.996,100.369,3.475,7.552,3.055,0.639,0.316,0.229,2.941,14.2,8.119,21.465,NORMAL,0.0,-1.0,100.0
E001,T1-0000,1613.0,260.3284,77,3980.046,-10.818,61.801,70.119,41.002,47.851,4170.278,98.828,96.559,99.804,100.113,652.815,652.712,653.84,653.025,87.936,100.305,3.479,7.566,3.038,0.633,0.313,0.233,2.917,14.202,7.939,21.474,NORMAL,0.0,-1.0,100.0
E001,T1-0000,1614.0,260.32868,78,3979.67,-10.815,61.804,70.138,41.016,47.864,4166.121,98.589,96.786,99.586,100.426,650.671,652.304,652.875,653.395,88.166,100.205,3.47,7.557,3.064,0.63,0.32,0.233,2.946,14.182,7.691,21.466,NORMAL,0.0,-1.0,100.0
E001,T1-0000,1615.0,260.32896,79,3979.291,-10.813,61.807,70.157,41.03,47.84,4168.985,98.682,96.715,98.92,100.711,651.775,655.541,651.874,655.257,88.172,100.306,3.479,7.566,3.042,0.628,0.313,0.23,2.947,14.193,7.794,21.471,NORMAL,0.0,-1.0,100.0
E001,T1-0000,1616.0,260.32924,80,3978.91,-10.81,61.81,70.175,41.043,47.916,4171.514,98.549,96.261,98.942,101.128,655.573,656.897,650.558,655.285,88.107,100.393,3.476,7.574,3.053,0.629,0.318,0.231,2.948,14.211,7.8,21.475,NORMAL,0.0,-1.0,100.0
E001,T1-0000,1617.0,260.32952,81,3978.525,-10.808,61.813,70.194,41.057,47.95,4170.529,98.313,96.389,98.864,100.57,655.062,656.803,651.535,655.797,88.085,100.263,3.486,7.573,3.047,0.63,0.321,0.228,2.962,14.214,7.764,21.473,NORMAL,0.0,-1.0,100.0
E001,T1-0000,1618.0,260.32979,82,3978.139,-10.805,61.816,70.213,41.071,47.919,4169.385,98.073,97.202,98.704,99.99,654.183,655.958,654.067,658.505,88.139,100.344,3.479,7.572,3.067,0.643,0.318,0.225,2.972,14.18,7.827,21.47,NORMAL,0.0,-1.0,100.0
E001,T1-0000,1619.0,260.33007,83,3977.749,-10.803,61.819,70.232,41.084,47.992,4176.131,98.639,97.79,98.441,99.739,654.844,655.74,653.791,658.347,88.141,100.38,3.482,7.59,3.042,0.637,0.316,0.223,2.94,14.196,7.789,21.482,NORMAL,0.0,-1.0,100.0
E001,T1-0000,1620.0,260.33035,84,3977.357,-10.8,61.822,70.25,41.098,47.968,4174.139,99.289,97.884,98.7,99.104,656.557,655.36,654.212,655.989,88.17,100.287,3.481,7.587,3.031,0.647,0.313,0.225,3.006,14.214,7.931,21.478,NORMAL,0.0,-1.0,100.0
E001,T1-0000,1621.0,260.33063,85,3976.963,-10.797,61.825,70.269,41.111,48.051,4174.124,99.49,97.745,98.927,99.624,657.127,653.71,653.765,656.401,88.181,100.288,3.48,7.588,3.048,0.637,0.319,0.227,3.056,14.201,8.026,21.478,NORMAL,0.0,-1.0,100.0
E001,T1-0000,1622.0,260.3309,86,3976.565,-10.795,61.829,70.287,41.125,47.994,4175.641,100.015,98.167,99.443,99.415,655.976,652.842,652.201,654.985,88.119,100.34,3.477,7.594,3.032,0.645,0.313,0.223,3.063,14.199,7.866,21.48,NORMAL,0.0,-1.0,100.0
E001,T1-0000,1623.0,260.33118,87,3976.165,-10.792,61.832,70.306,41.139,47.925,4177.177,99.959,97.185,100.017,99.77,655.953,654.348,653.742,655.933,88.021,100.447,3.472,7.599,3.037,0.639,0.312,0.221,2.992,14.188,7.693,21.482,NORMAL,0.0,-1.0,100.0
E001,T1-0000,1624.0,260.33146,88,3975.763,-10.79,61.835,70.324,41.152,48.063,4179.451,99.908,97.05,100.073,99.97,656.249,653.549,656.701,656.685,87.955,100.514,3.481,7.606,3.053,0.65,0.307,0.222,3.001,14.216,7.923,21.486,NORMAL,0.0,-1.0,100.0
E001,T1-0000,1625.0,260.33174,89,3975.358,-10.787,61.838,70.343,41.166,48.13,4179.671,99.41,97.618,99.477,100.187,654.778,654.806,656.191,654.275,87.947,100.36,3.487,7.609,3.059,0.641,0.313,0.221,3.044,14.201,7.842,21.486,NORMAL,0.0,-1.0,100.0
E001,T1-0000,1626.0,260.33202,90,3974.951,-10.784,61.842,70.361,41.179,48.055,4180.946,99.577,97.953,98.964,100.292,653.643,656.088,656.811,656.619,88.023,100.387,3.494,7.613,3.059,0.634,0.31,0.22,3.045,14.179,7.954,21.488,NORMAL,0.0,-1.0,100.0
E001,T1-0000,1627.0,260.33229,91,3974.541,-10.782,61.845,70.379,41.193,48.004,4180.576,99.754,98.158,99.439,100.796,655.656,658.105,656.435,654.771,87.79,100.417,3.482,7.614,3.047,0.66,0.308,0.223,3.047,14.181,7.959,21.487,NORMAL,0.0,-1.0,100.0
E001,T1-0000,1628.0,260.33257,92,3974.128,-10.779,61.848,70.398,41.206,48.055,4180.91,99.673,98.23,99.007,100.69,656.585,658.372,656.908,656.114,87.981,100.424,3.482,7.617,3.043,0.649,0.309,0.223,3.074,14.235,7.775,21.487,NORMAL,0.0,-1.0,100.0
E001,T1-0000,1629.0,260.33285,93,3973.713,-10.776,61.852,70.416,41.22,48.108,4176.797,99.692,98.444,99.529,100.568,656.335,659.537,657.828,655.455,87.73,100.312,3.478,7.608,3.053,0.655,0.305,0.225,3.04,14.239,7.929,21.479,NORMAL,0.0,-1.0,100.0
E001,T1-0000,1630.0,260.33313,94,3973.295,-10.774,61.855,70.434,41.233,48.018,4176.929,99.27,98.14,99.299,100.078,657.324,655.399,656.804,657.425,87.928,100.272,3.479,7.61,3.056,0.683,0.303,0.226,3.039,14.209,7.731,21.479,NORMAL,0.0,-1.0,100.0
E001,T1-0000,1631.0,260.3334,95,3972.875,-10.771,61.858,70.452,41.247,48.069,4179.237,99.376,98.143,99.424,99.95,654.693,653.31,656.216,659.024,87.916,100.39,3.484,7.618,3.032,0.675,0.305,0.224,3.029,14.224,7.885,21.483,NORMAL,0.0,-1.0,100.0
E001,T1-0000,1632.0,260.33368,96,3972.453,-10.768,61.862,70.471,41.26,48.081,4178.005,98.701,98.371,98.753,99.519,654.267,653.269,658.174,657.592,87.813,100.268,3.475,7.616,3.047,0.665,0.306,0.223,3.049,14.202,7.926,21.48,NORMAL,0.0,-1.0,100.0
E001,T1-0000,1633.0,260.33396,97,3972.028,-10.765,61.865,70.489,41.274,48.075,4181.753,98.434,98.714,98.831,99.446,654.973,657.205,657.023,657.536,87.907,100.365,3.48,7.627,3.048,0.648,0.304,0.222,3.069,14.19,8.022,21.486,NORMAL,0.0,-1.0,100.0
E001,T1-0000,1634.0,260.33424,98,3971.6,-10.763,61.869,70.507,41.287,48.081,4187.682,98.033,98.842,98.689,99.359,653.705,659.067,658.242,658.714,87.865,100.382,3.481,7.643,3.049,0.637,0.301,0.22,3.063,14.226,7.864,21.497,NORMAL,0.0,-1.0,100.0
E001,T1-0000,1635.0,260.33452,99,3971.171,-10.76,61.872,70.525,41.301,48.066,4180.754,98.255,98.679,98.73,98.99,656.214,659.581,662.701,658.741,87.879,100.387,3.484,7.628,3.057,0.647,0.303,0.222,3.072,14.207,8.078,21.483,NORMAL,0.0,-1.0,100.0
E001,T1-0000,1636.0,260.33479,100,3970.738,-10.757,61.876,70.543,41.314,48.123,4178.607,98.578,98.357,98.876,99.741,657.055,659.647,661.228,660.949,87.736,100.472,3.482,7.624,3.037,0.668,0.304,0.225,3.088,14.166,8.017,21.479,NORMAL,0.0,-1.0,100.0
E001,T1-0000,1637.0,260.33507,101,3970.303,-10.754,61.879,70.561,41.327,48.089,4181.074,98.582,97.9,99.257,99.648,654.795,656.958,660.95,658.8,88.009,100.4,3.478,7.632,3.069,0.661,0.306,0.226,3.081,14.164,8.358,21.483,NORMAL,0.0,-1.0,100.0
E001,T1-0000,1638.0,260.33535,102,3969.866,-10.751,61.883,70.578,41.341,48.135,4179.172,98.83,97.648,99.169,98.898,655.942,655.771,661.555,657.174,87.809,100.536,3.474,7.629,3.037,0.678,0.31,0.224,3.069,14.202,8.096,21.479,NORMAL,0.0,-1.0,100.0
E001,T1-0000,1639.0,260.33563,103,3969.427,-10.748,61.886,70.596,41.354,48.174,4183.053,98.944,97.517,98.986,98.921,654.57,656.109,662.334,654.969,88.078,100.314,3.485,7.64,3.04,0.675,0.307,0.228,3.062,14.195,7.669,21.486,NORMAL,0.0,-1.0,100.0
E001,T1-0000,1640.0,260.3359,104,3968.985,-10.746,61.89,70.614,41.368,48.182,4181.961,99.032,97.429,99.057,98.782,657.157,652.988,660.643,655.492,88.137,100.407,3.481,7.639,3.055,0.673,0.304,0.234,3.058,14.195,8.043,21.483,NORMAL,0.0,-1.0,100.0
E001,T1-0000,1641.0,260.33618,105,3968.541,-10.743,61.893,70.632,41.381,48.206,4186.734,98.484,97.159,99.465,98.927,657.648,657.269,660.89,653.62,88.076,100.354,3.485,7.652,3.035,0.655,0.308,0.232,3.028,14.189,8.327,21.492,NORMAL,0.0,-1.0,100.0
E001,T1-0000,1642.0,260.33646,106,3968.094,-10.74,61.897,70.649,41.394,48.234,4186.415,99.097,97.188,100.299,99.141,654.962,655.935,658.44,655.528,88.177,100.494,3.484,7.653,3.054,0.653,0.319,0.234,2.974,14.161,8.401,21.491,NORMAL,0.0,-1.0,100.0
E001,T1-0000,1643.0,260.33674,107,3967.645,-10.737,61.901,70.667,41.408,48.23,4191.309,99.135,97.004,100.015,99.162,654.948,656.481,653.49,655.214,88.154,100.372,3.491,7.666,3.06,0.639,0.319,0.23,2.987,14.204,8.126,21.5,NORMAL,0.0,-1.0,100.0
E001,T1-0000,1644.0,260.33702,108,3967.194,-10.734,61.904,70.685,41.421,48.249,4190.589,99.541,96.958,100.05,99.917,658.14,655.434,654.434,656.13,88.248,100.398,3.487,7.666,3.051,0.642,0.315,0.23,2.982,14.194,8.223,21.498,NORMAL,0.0,-1.0,100.0
E001,T1-0000,1645.0,260.33729,109,3966.74,-10.731,61.908,70.702,41.434,48.224,4192.104,99.673,97.377,100.141,100.354,659.723,657.634,652.93,655.796,88.121,100.547,3.477,7.671,3.047,0.636,0.315,0.23,3.038,14.201,8.094,21.5,NORMAL,0.0,-1.0,100.0
E001,T1-0000,1646.0,260.33757,110,3966.284,-10.728,61.912,70.72,41.448,48.215,4189.928,99.966,97.273,100.914,100.468,661.633,659.343,656.708,655.523,88.334,100.407,3.485,7.668,3.041,0.627,0.318,0.229,2.981,14.229,7.996,21.496,NORMAL,0.0,-1.0,100.0
E001,T1-0000,1647.0,260.33785,111,3965.826,-10.725,61.915,70.737,41.461,48.391,4193.652,99.217,97.676,101.067,100.703,660.015,657.882,658.978,655.588,88.447,100.419,3.489,7.678,3.044,0.639,0.314,0.228,3.017,14.201,7.938,21.502,NORMAL,0.0,-1.0,100.0
E001,T1-0000,1648.0,260.33813,112,3965.365,-10.722,61.919,70.755,41.474,48.308,4188.108,99.085,97.526,100.918,101.266,658.663,661.268,656.477,656.704,88.29,100.413,3.491,7.666,3.059,0.634,0.311,0.225,3.028,14.22,8.288,21.491,NORMAL,0.0,-1.0,100.0
E001,T1-0000,1649.0,260.3384,113,3964.903,-10.719,61.923,70.772,41.488,48.354,4185.013,99.387,97.792,100.605,101.117,657.867,658.732,655.325,656.86,88.444,100.515,3.478,7.66,3.046,0.635,0.307,0.23,2.994,14.182,8.013,21.485,NORMAL,0.0,-1.0,100.0
E001,T1-0000,1650.0,260.33868,114,3964.438,-10.716,61.926,70.789,41.501,48.279,4187.514,99.268,97.936,100.395,101.195,657.156,657.077,653.764,657.071,88.493,100.461,3.482,7.667,3.047,0.65,0.304,0.227,2.976,14.2,8.089,21.489,NORMAL,0.0,-1.0,100.0
E001,T1-0000,1651.0,260.33896,115,3963.97,-10.713,61.93,70.807,41.514,48.242,4190.577,99.345,97.86,101.054,101.688,655.004,658.118,651.786,657.028,88.437,100.424,3.481,7.676,3.023,0.66,0.314,0.23,2.905,14.217,8.07,21.495,NORMAL,0.0,-1.0,100.0
E001,T1-0000,1652.0,260.33924,116,3963.501,-10.71,61.934,70.824,41.527,48.387,4189.362,99.157,97.274,100.86,101.519,657.606,658.181,652.541,657.003,88.364,100.505,3.475,7.675,3.048,0.652,0.314,0.231,2.906,14.22,8.2,21.492,NORMAL,0.0,-1.0,100.0
E001,T1-0000,1653.0,260.33952,117,3963.029,-10.707,61.938,70.841,41.54,48.298,4191.163,98.878,96.939,101.111,101.46,658.256,658.699,652.856,658.424,88.356,100.566,3.485,7.681,3.045,0.648,0.317,0.232,2.926,14.185,8.161,21.495,NORMAL,0.0,-1.0,100.0
E001,T1-0000,1654.0,260.33979,118,3962.555,-10.704,61.942,70.858,41.554,48.268,4192.701,98.768,96.635,100.827,101.213,657.889,655.839,654.747,657.275,88.274,100.579,3.488,7.687,3.079,0.642,0.316,0.234,2.925,14.206,8.291,21.497,NORMAL,0.0,-1.0,100.0
E001,T1-0000,1655.0,260.34007,119,3962.079,-10.701,61.945,70.875,41.567,48.364,4194.639,99.868,96.81,100.996,101.781,655.663,656.221,653.291,657.692,88.302,100.647,3.48,7.693,3.056,0.63,0.318,0.231,2.93,14.216,8.132,21.501,NORMAL,0.0,-1.0,100.0
E001,T1-0000,1656.0,260.34035,120,3961.601,-10.698,61.949,70.892,41.58,48.358,4189.581,99.291,96.779,100.822,102.241,655.135,655.514,656.781,656.886,88.474,100.533,3.486,7.682,3.054,0.632,0.322,0.228,2.941,14.213,8.19,21.49,NORMAL,0.0,-1.0,100.0
E001,T1-0000,1657.0,260.34063,121,3961.12,-10.694,61.953,70.909,41.593,48.367,4191.035,99.534,97.359,100.821,102.534,652.454,652.604,660.189,656.854,88.441,100.528,3.488,7.687,3.046,0.649,0.323,0.229,2.905,14.188,8.208,21.493,NORMAL,0.0,-1.0,100.0
E001,T1-0000,1658.0,260.3409,122,3960.638,-10.691,61.957,70.926,41.606,48.417,4192.554,99.133,97.215,100.6,102.341,654.172,652.492,658.13,658.387,88.437,100.632,3.479,7.693,3.073,0.649,0.32,0.233,2.911,14.209,8.141,21.495,NORMAL,0.0,-1.0,100.0
E001,T1-0000,1659.0,260.34118,123,3960.153,-10.688,61.961,70.943,41.619,48.38,4196.363,99.343,97.29,100.125,102.815,653.719,654.451,659.453,658.94,88.417,100.581,3.483,7.704,3.05,0.641,0.321,0.23,2.931,14.19,8.487,21.502,NORMAL,0.0,-1.0,100.0
E001,T1-0000,1660.0,260.34146,124,3959.666,-10.685,61.965,70.96,41.632,48.404,4199.604,99.237,97.295,100.132,102.824,653.954,653.653,658.887,659.449,88.369,100.478,3.486,7.713,3.042,0.63,0.315,0.229,2.958,14.218,8.453,21.508,NORMAL,0.0,-1.0,100.0
E001,T1-0000,1661.0,260.34174,125,3959.177,-10.682,61.969,70.977,41.645,48.352,4194.176,98.968,97.48,100.084,103.054,653.112,654.098,654.576,659.263,88.254,100.665,3.481,7.702,3.046,0.635,0.32,0.23,2.957,14.206,8.433,21.497,NORMAL,0.0,-1.0,100.0
E001,T1-0000,1662.0,260.34202,126,3958.686,-10.679,61.973,70.993,41.658,48.468,4193.902,99.034,97.293,100.165,102.55,653.511,657.722,654.664,657.234,88.334,100.531,3.475,7.703,3.056,0.626,0.317,0.228,3.0,14.208,8.204,21.496,NORMAL,0.0,-1.0,100.0
E001,T1-0000,1663.0,260.34229,127,3958.193,-10.675,61.977,71.01,41.671,48.366,4200.899,98.661,97.394,100.445,102.128,655.719,656.743,658.18,657.308,88.275,100.62,3.484,7.721,3.025,0.627,0.312,0.229,2.985,14.185,8.18,21.509,NORMAL,0.0,-1.0,100.0
E001,T1-0000,1664.0,260.34257,128,3957.698,-10.672,61.981,71.027,41.684,48.414,4198.738,98.491,98.062,99.713,101.827,656.024,657.086,656.083,655.84,88.38,100.679,3.485,7.718,3.045,0.629,0.308,0.236,2.989,14.192,8.482,21.504,NORMAL,0.0,-1.0,100.0
E001,T1-0000,1665.0,260.34285,129,3957.2,-10.669,61.985,71.043,41.697,48.499,4198.919,97.954,97.303,99.781,101.739,656.395,656.756,655.896,651.621,88.403,100.681,3.486,7.72,3.034,0.65,0.306,0.238,2.96,14.187,8.198,21.504,NORMAL,0.0,-1.0,100.0
E001,T1-0000,1666.0,260.34313,130,3956.701,-10.666,61.989,71.06,41.71,48.538,4199.104,98.051,97.295,99.345,102.107,658.88,656.417,657.228,654.786,88.396,100.645,3.493,7.722,3.056,0.648,0.306,0.238,3.034,14.246,8.17,21.504,NORMAL,0.0,-1.0,100.0
E001,T1-0000,1667.0,260.3434,131,3956.2,-10.663,61.993,71.076,41.723,48.481,4198.282,97.301,97.905,99.128,102.335,658.838,656.325,656.877,655.291,88.282,100.676,3.49,7.721,3.043,0.657,0.305,0.234,3.007,14.189,8.208,21.502,NORMAL,0.0,-1.0,100.0
E001,T1-0000,1668.0,260.34368,132,3955.696,-10.659,61.997,71.092,41.736,48.387,4199.225,97.47,97.938,98.733,102.526,659.137,656.618,658.068,656.282,88.307,100.644,3.488,7.725,3.047,0.675,0.306,0.231,2.998,14.194,8.366,21.503,NORMAL,0.0,-1.0,100.0
E001,T1-0000,1669.0,260.34396,133,3955.191,-10.656,62.001,71.109,41.749,48.534,4199.238,97.358,98.393,98.272,102.312,660.016,655.663,654.945,656.262,88.194,100.681,3.488,7.727,3.044,0.658,0.306,0.232,2.997,14.221,8.35,21.503,NORMAL,0.0,-1.0,100.0
E001,T1-0000,1670.0,260.34424,134,3954.683,-10.653,62.005,71.125,41.762,48.468,4203.301,97.712,98.238,97.995,102.17,658.447,654.049,656.772,657.753,88.245,100.544,3.483,7.739,3.053,0.651,0.311,0.228,2.986,14.158,8.417,21.51,NORMAL,0.0,-1.0,100.0
E001,T1-0000,1671.0,260.34452,135,3954.174,-10.649,62.009,71.141,41.775,48.511,4198.62,97.274,97.885,98.449,101.954,657.618,655.069,657.259,655.364,88.104,100.697,3.491,7.729,3.063,0.637,0.307,0.233,2.993,14.213,8.639,21.501,NORMAL,0.0,-1.0,100.0
E001,T1-0000,1672.0,260.34479,136,3953.663,-10.646,62.013,71.157,41.787,48.593,4201.408,96.692,97.768,98.176,102.017,657.796,656.756,657.039,658.557,88.16,100.783,3.483,7.738,3.039,0.637,0.313,0.234,3.035,14.228,8.441,21.506,NORMAL,0.0,-1.0,100.0
E001,T1-0000,1673.0,260.34507,137,3953.15,-10.643,62.017,71.174,41.8,48.462,4196.887,96.969,98.151,97.871,102.102,656.52,659.482,655.721,657.428,88.107,100.641,3.486,7.728,3.059,0.637,0.312,0.23,3.026,14.201,8.455,21.497,NORMAL,0.0,-1.0,100.0
E001,T1-0000,1674.0,260.34535,138,3952.634,-10.639,62.022,71.19,41.813,48.516,4198.692,97.087,98.019,98.145,101.569,657.152,659.021,657.398,659.225,88.108,100.671,3.483,7.734,3.043,0.635,0.309,0.231,2.991,14.214,8.298,21.5,NORMAL,0.0,-1.0,100.0
E001,T1-0000,1675.0,260.34563,139,3952.117,-10.636,62.026,71.206,41.826,48.607,4196.161,97.21,97.908,97.646,101.825,657.027,659.951,656.545,659.219,88.078,100.724,3.483,7.729,3.051,0.67,0.306,0.233,2.979,14.21,8.223,21.494,NORMAL,0.0,-1.0,100.0
E001,T1-0000,1676.0,260.3459,140,3951.598,-10.633,62.03,71.222,41.839,48.53,4199.909,97.498,97.482,97.481,102.196,655.915,658.99,656.489,659.031,87.994,100.702,3.484,7.74,3.06,0.667,0.31,0.233,2.994,14.207,8.246,21.501,NORMAL,0.0,-1.0,100.0
E001,T1-0000,1677.0,260.34618,141,3951.077,-10.629,62.034,71.238,41.851,48.52,4202.612,97.383,97.115,97.472,102.35,656.332,659.801,655.297,661.02,88.155,100.642,3.493,7.748,3.068,0.656,0.311,0.232,3.049,14.141,8.503,21.506,NORMAL,0.0,-1.0,100.0
E001,T1-0000,1678.0,260.34646,142,3950.555,-10.626,62.038,71.253,41.864,48.464,4200.961,97.415,96.748,98.168,102.792,659.673,659.155,657.607,657.698,88.129,100.767,3.488,7.746,3.035,0.65,0.31,0.231,3.07,14.203,8.491,21.502,NORMAL,0.0,-1.0,100.0
E001,T1-0000,1679.0,260.34674,143,3950.03,-10.622,62.043,71.269,41.877,48.536,4199.171,97.711,96.483,97.882,103.398,656.562,658.621,659.24,655.539,88.162,100.762,3.49,7.743,3.045,0.649,0.308,0.227,3.116,14.159,8.63,21.498,NORMAL,0.0,-1.0,100.0
E001,T1-0000,1680.0,260.34702,144,3949.504,-10.619,62.047,71.285,41.889,48.631,4197.258,97.549,97.303,97.761,103.302,657.07,657.798,660.263,654.365,88.127,100.71,3.493,7.74,3.038,0.671,0.312,0.224,3.109,14.201,8.744,21.494,NORMAL,0.0,-1.0,100.0
E001,T1-0000,1681.0,260.34729,145,3948.975,-10.616,62.051,71.301,41.902,48.547,4201.263,97.38,97.483,97.222,102.844,654.009,657.696,660.912,657.934,88.119,100.748,3.48,7.752,3.048,0.652,0.312,0.224,3.109,14.204,8.394,21.501,NORMAL,0.0,-1.0,100.0
E001,T1-0000,1682.0,260.34757,146,3948.445,-10.612,62.055,71.316,41.915,48.58,4206.076,97.012,97.941,98.01,102.657,658.408,653.436,662.822,658.548,87.917,100.704,3.494,7.765,3.052,0.642,0.313,0.226,3.094,14.197,8.639,21.51,NORMAL,0.0,-1.0,100.0
E001,T1-0000,1683.0,260.34785,147,3947.913,-10.609,62.06,71.332,41.927,48.556,4207.163,96.79,98.007,98.338,102.162,657.369,653.649,660.497,656.776,88.107,100.636,3.493,7.769,3.039,0.638,0.315,0.225,3.077,14.204,8.594,21.512,NORMAL,0.0,-1.0,100.0
E001,T1-0000,1684.0,260.34813,148,3947.38,-10.605,62.064,71.347,41.94,48.695,4208.691,96.719,98.174,98.921,102.079,657.783,655.311,660.643,658.109,88.147,100.694,3.498,7.775,3.026,0.628,0.314,0.222,3.002,14.191,8.795,21.514,NORMAL,0.0,-1.0,100.0
E001,T1-0000,1685.0,260.3484,149,3946.844,-10.602,62.068,71.363,41.952,48.709,4212.096,96.881,98.303,99.073,101.807,657.461,657.652,659.878,658.986,88.105,100.747,3.487,7.784,3.063,0.636,0.314,0.225,2.993,14.196,8.656,21.52,NORMAL,0.0,-1.0,100.0
E001,T1-0000,1686.0,260.34868,150,3946.307,-10.598,62.073,71.378,41.965,48.61,4208.227,96.976,98.078,99.635,101.991,653.779,660.081,662.172,660.294,87.965,100.691,3.482,7.777,3.043,0.649,0.311,0.224,2.984,14.214,8.749,21.512,NORMAL,0.0,-1.0,100.0
E001,T1-0000,1687.0,260.34896,151,3945.768,-10.595,62.077,71.393,41.977,48.605,4209.916,97.21,98.66,99.871,102.234,653.34,658.764,656.584,661.754,87.997,100.756,3.492,7.782,3.055,0.648,0.308,0.228,2.969,14.185,8.605,21.515,NORMAL,0.0,-1.0,100.0
E001,T1-0000,1688.0,260.34924,152,3945.227,-10.591,62.081,71.409,41.99,48.656,4209.093,97.182,99.268,99.871,102.303,653.499,658.511,655.236,661.885,87.99,100.688,3.492,7.782,3.026,0.645,0.317,0.229,2.982,14.211,8.395,21.513,NORMAL,0.0,-1.0,100.0
E001,T1-0000,1689.0,260.34952,153,3944.685,-10.588,62.086,71.424,42.002,48.718,4211.264,96.936,98.956,99.619,102.04,654.272,660.059,657.058,663.348,87.879,100.622,3.495,7.789,3.033,0.639,0.314,0.229,2.993,14.193,8.768,21.517,NORMAL,0.0,-1.0,100.0
E001,T1-0000,1690.0,260.34979,154,3944.141,-10.584,62.09,71.439,42.014,48.629,4211.127,97.925,97.997,99.52,102.266,655.28,660.699,658.93,664.285,87.768,100.706,3.489,7.79,3.066,0.646,0.314,0.232,2.977,14.137,8.542,21.516,NORMAL,0.0,-1.0,100.0
E001,T1-0000,1691.0,260.35007,155,3943.595,-10.581,62.095,71.454,42.027,48.765,4214.082,98.428,98.33,98.687,101.91,655.112,659.939,658.448,662.854,87.92,100.655,3.499,7.799,3.042,0.648,0.309,0.23,3.007,14.195,8.521,21.521,NORMAL,0.0,-1.0,100.0
E001,T1-0000,1692.0,260.35035,156,3943.048,-10.577,62.099,71.469,42.039,48.651,4216.607,98.719,98.574,98.737,101.86,655.881,658.898,655.467,662.533,87.913,100.683,3.49,7.807,3.043,0.659,0.312,0.23,3.071,14.163,8.867,21.526,NORMAL,0.0,-1.0,100.0
E001,T1-0000,1693.0,260.35063,157,3942.499,-10.573,62.104,71.484,42.051,48.663,4216.791,98.415,98.65,99.089,101.934,656.872,659.282,654.593,661.667,87.924,100.675,3.492,7.809,3.041,0.664,0.308,0.23,3.103,14.204,8.797,21.526,NORMAL,0.0,-1.0,100.0
E001,T1-0000,1694.0,260.3509,158,3941.948,-10.57,62.108,71.499,42.064,48.742,4216.496,98.303,98.336,99.834,101.91,656.368,660.019,656.208,660.437,87.842,100.735,3.496,7.81,3.036,0.661,0.31,0.233,3.083,14.233,8.755,21.525,NORMAL,0.0,-1.0,100.0
E001,T1-0000,1695.0,260.35118,159,3941.396,-10.566,62.112,71.514,42.076,48.765,4218.759,97.611,98.253,100.092,101.631,657.631,660.625,654.848,662.786,87.974,100.636,3.503,7.817,3.038,0.655,0.315,0.229,3.09,14.222,8.636,21.528,NORMAL,0.0,-1.0,100.0
E001,T1-0000,1696.0,260.35146,160,3940.842,-10.563,62.117,71.529,42.088,48.721,4216.486,97.793,98.508,100.076,101.615,659.385,659.559,652.5,659.904,88.096,100.685,3.497,7.813,3.05,0.654,0.313,0.227,3.071,14.187,8.605,21.524,NORMAL,0.0,-1.0,100.0
E001,T1-0000,1697.0,260.35174,161,3940.286,-10.559,62.121,71.543,42.1,48.692,4212.762,98.336,98.604,100.866,101.991,656.057,662.218,650.946,660.117,88.006,100.7,3.489,7.805,3.051,0.649,0.317,0.229,3.069,14.195,8.714,21.516,NORMAL,0.0,-1.0,100.0
E001,T1-0000,1698.0,260.35202,162,3939.729,-10.555,62.126,71.558,42.113,48.778,4209.204,97.976,98.184,101.007,101.866,653.899,661.437,654.534,659.093,87.987,100.755,3.492,7.798,3.049,0.655,0.316,0.23,3.098,14.181,8.763,21.509,NORMAL,0.0,-1.0,100.0
E001,T1-0000,1699.0,260.35229,163,3939.171,-10.552,62.13,71.573,42.125,48.718,4211.166,98.342,98.5,101.126,101.932,653.357,659.109,656.399,659.769,88.078,100.798,3.501,7.804,3.041,0.647,0.315,0.228,3.05,14.197,8.635,21.512,NORMAL,0.0,-1.0,100.0
E001,T1-0000,1700.0,260.35257,164,3938.61,-10.548,62.135,71.587,42.137,48.861,4218.969,98.368,98.636,100.932,102.018,657.383,660.477,658.096,658.619,87.962,100.736,3.495,7.824,3.052,0.705,0.32,0.224,3.052,14.166,8.695,21.527,NORMAL,0.0,-1.0,100.0
E001,T1-0000,1701.0,260.35285,165,3938.049,-10.545,62.139,71.602,42.149,48.799,4215.41,98.554,98.486,100.943,101.593,658.077,659.725,660.278,656.214,88.122,100.727,3.495,7.817,3.033,0.681,0.316,0.224,3.003,14.21,8.601,21.52,NORMAL,0.0,-1.0,100.0
E001,T1-0000,1702.0,260.35313,166,3937.485,-10.541,62.144,71.616,42.161,48.877,4217.454,98.829,98.507,101.426,101.515,657.55,658.709,661.167,658.299,88.194,100.805,3.489,7.824,3.044,0.706,0.317,0.223,2.993,14.177,8.43,21.523,NORMAL,0.0,-1.0,100.0
E001,T1-0000,1703.0,260.3534,167,3936.921,-10.537,62.149,71.631,42.173,48.846,4217.668,98.546,99.005,101.215,100.808,656.07,660.951,660.955,662.045,87.975,100.937,3.489,7.826,3.048,0.689,0.312,0.223,2.997,14.226,8.582,21.523,NORMAL,0.0,-1.0,100.0
E001,T1-0000,1704.0,260.35368,168,3936.354,-10.534,62.153,71.645,42.185,48.831,4217.994,98.641,98.268,101.48,100.798,659.917,660.771,662.952,660.289,88.063,100.756,3.499,7.828,3.045,0.685,0.312,0.221,2.994,14.209,8.699,21.523,NORMAL,0.0,-1.0,100.0
E001,T1-0000,1705.0,260.35396,169,3935.787,-10.53,62.158,71.659,42.197,48.777,4217.536,98.567,97.473,101.447,100.38,662.725,660.331,662.006,658.068,88.222,100.751,3.487,7.828,3.035,0.677,0.313,0.223,2.998,14.217,8.569,21.522,NORMAL,0.0,-1.0,100.0
E001,T1-0000,1706.0,260.35424,170,3935.218,-10.526,62.162,71.673,42.209,48.819,4216.915,98.322,97.773,100.994,101.13,660.806,658.171,660.984,660.094,88.15,100.769,3.489,7.828,3.054,0.668,0.309,0.221,2.981,14.195,9.007,21.52,NORMAL,0.0,-1.0,100.0
E001,T1-0000,1707.0,260.35452,171,3934.647,-10.522,62.167,71.687,42.221,48.871,4215.018,98.357,97.523,101.389,101.202,662.538,658.427,658.255,658.455,88.164,100.724,3.495,7.825,3.039,0.674,0.308,0.223,3.0,14.191,8.723,21.516,NORMAL,0.0,-1.0,100.0
E001,T1-0000,1708.0,260.35479,172,3934.075,-10.519,62.172,71.701,42.233,48.919,4222.286,98.441,97.561,101.224,101.198,661.451,659.57,657.333,661.256,88.035,100.747,3.496,7.845,3.069,0.684,0.313,0.228,3.008,14.207,8.809,21.53,NORMAL,0.0,-1.0,100.0
E001,T1-0000,1709.0,260.35507,173,3933.502,-10.515,62.176,71.715,42.245,48.933,4223.097,98.91,98.082,101.562,101.616,658.525,663.607,656.146,660.727,88.035,100.798,3.494,7.848,3.026,0.664,0.317,0.226,3.006,14.198,8.81,21.531,NORMAL,0.0,-1.0,100.0
E001,T1-0000,1710.0,260.35535,174,3932.927,-10.511,62.181,71.729,42.257,48.848,4224.095,98.767,98.891,102.045,101.558,658.94,660.691,655.643,661.091,88.056,100.674,3.488,7.852,3.05,0.66,0.314,0.225,3.007,14.196,8.868,21.532,NORMAL,0.0,-1.0,100.0
E001,T1-0000,1711.0,260.35563,175,3932.351,-10.507,62.186,71.743,42.268,48.992,4221.153,99.251,98.435,101.287,101.423,659.112,659.989,657.266,659.845,88.135,100.71,3.492,7.846,3.063,0.667,0.311,0.228,3.021,14.202,8.832,21.526,NORMAL,0.0,-1.0,100.0
E001,T1-0000,1712.0,260.3559,176,3931.773,-10.504,62.19,71.757,42.28,48.916,4223.228,98.709,98.637,100.696,101.742,658.404,658.445,656.751,662.328,88.11,100.74,3.496,7.853,3.046,0.663,0.314,0.229,3.006,14.22,8.934,21.53,NORMAL,0.0,-1.0,100.0
E001,T1-0000,1713.0,260.35618,177,3931.195,-10.5,62.195,71.771,42.292,48.83,4225.763,98.625,98.146,100.483,101.518,658.534,657.901,659.01,661.22,88.153,100.82,3.501,7.861,3.041,0.666,0.313,0.227,2.956,14.183,8.968,21.534,NORMAL,0.0,-1.0,100.0
E001,T1-0000,1714.0,260.35646,178,3930.614,-10.496,62.2,71.784,42.304,48.904,4224.644,98.684,97.778,100.631,101.75,661.04,658.169,658.517,660.261,87.855,100.818,3.499,7.859,3.045,0.657,0.311,0.225,2.967,14.186,8.667,21.532,NORMAL,0.0,-1.0,100.0
E001,T1-0000,1715.0,260.35674,179,3930.033,-10.492,62.204,71.798,42.315,48.934,4225.326,98.219,98.004,99.911,101.674,658.531,660.111,660.4,658.813,87.88,100.647,3.498,7.863,3.052,0.658,0.307,0.222,2.96,14.199,8.644,21.533,NORMAL,0.0,-1.0,100.0
E001,T1-0000,1716.0,260.35702,180,3929.45,-10.489,62.209,71.811,42.327,48.908,4223.055,98.095,97.859,99.877,101.99,657.728,658.431,659.877,657.642,87.894,100.73,3.502,7.859,3.04,0.681,0.305,0.224,2.996,14.218,8.825,21.528,NORMAL,0.0,-1.0,100.0
E001,T1-0000,1717.0,260.35729,181,3928.866,-10.485,62.214,71.825,42.339,48.924,4224.854,97.815,98.039,99.864,101.914,656.688,658.342,660.328,658.835,88.004,100.751,3.501,7.865,3.08,0.693,0.305,0.225,2.973,14.167,8.902,21.531,NORMAL,0.0,-1.0,100.0
E001,T1-0000,1718.0,260.35757,182,3928.281,-10.481,62.219,71.838,42.35,48.939,4227.432,97.571,97.703,100.335,101.504,656.419,655.517,660.804,659.978,87.999,100.795,3.493,7.872,3.057,0.674,0.303,0.223,2.941,14.22,8.938,21.535,NORMAL,0.0,-1.0,100.0
E001,T1-0000,1719.0,260.35785,183,3927.694,-10.477,62.223,71.852,42.362,49.008,4228.347,97.286,98.307,100.551,100.221,657.583,656.115,663.229,659.048,87.998,100.744,3.502,7.876,3.074,0.698,0.304,0.225,2.953,14.217,8.939,21.537,NORMAL,0.0,-1.0,100.0
E001,T1-0000,1720.0,260.35813,184,3927.107,-10.473,62.228,71.865,42.373,48.966,4226.771,97.212,98.19,100.057,100.231,656.678,654.474,661.516,659.443,87.905,100.759,3.497,7.874,3.029,0.68,0.304,0.226,2.951,14.178,8.947,21.533,NORMAL,0.0,-1.0,100.0
E001,T1-0000,1721.0,260.3584,185,3926.518,-10.47,62.233,71.878,42.385,48.948,4229.228,97.015,97.874,99.62,100.238,660.038,656.091,662.244,658.974,87.928,100.797,3.499,7.881,3.048,0.681,0.302,0.232,2.959,14.207,8.755,21.537,NORMAL,0.0,-1.0,100.0
E001,T1-0000,1722.0,260.35868,186,3925.928,-10.466,62.238,71.891,42.396,49.053,4226.885,97.196,98.228,99.725,99.75,659.157,658.934,660.337,658.502,87.949,100.817,3.503,7.877,3.054,0.671,0.301,0.233,2.98,14.209,8.907,21.533,NORMAL,0.0,-1.0,100.0
E001,T1-0000,1723.0,260.35896,187,3925.336,-10.462,62.242,71.904,42.408,48.989,4229.77,96.88,98.446,99.379,99.815,658.556,658.236,662.072,658.342,87.984,100.797,3.5,7.886,3.036,0.656,0.305,0.229,3.001,14.211,9.112,21.538,NORMAL,0.0,-1.0,100.0
E001,T1-0000,1724.0,260.35924,188,3924.744,-10.458,62.247,71.917,42.419,49.091,4231.39,96.484,98.295,99.844,99.496,660.027,659.419,662.624,658.675,87.927,100.761,3.5,7.891,3.05,0.656,0.303,0.229,2.992,14.191,8.741,21.54,NORMAL,0.0,-1.0,100.0
E001,T1-0000,1725.0,260.35952,189,3924.15,-10.454,62.252,71.93,42.43,49.03,4230.721,96.137,98.365,99.525,99.36,661.527,660.371,663.592,658.268,87.738,100.803,3.496,7.891,3.055,0.649,0.302,0.229,2.946,14.216,9.116,21.539,NORMAL,0.0,-1.0,100.0
E001,T1-0000,1726.0,260.35979,190,3923.555,-10.45,62.257,71.943,42.442,49.086,4225.086,96.398,97.564,99.402,99.475,663.694,660.513,660.58,659.796,88.001,100.832,3.494,7.878,3.047,0.663,0.303,0.229,2.962,14.253,9.01,21.528,NORMAL,0.0,-1.0,100.0
E001,T1-0000,1727.0,260.36007,191,3922.96,-10.446,62.262,71.956,42.453,49.064,4227.83,96.217,97.28,99.233,98.981,663.911,659.121,662.084,659.95,87.879,100.854,3.499,7.887,3.037,0.685,0.31,0.235,3.009,14.224,9.001,21.532,NORMAL,0.0,-1.0,100.0
E001,T1-0000,1728.0,260.36035,192,3922.363,-10.443,62.266,71.968,42.464,49.034,4229.472,96.108,97.899,99.313,99.118,663.918,660.059,660.667,660.495,88.018,100.916,3.499,7.892,3.074,0.673,0.306,0.233,3.004,14.2,8.987,21.535,NORMAL,0.0,-1.0,100.0
E001,T1-0000,1729.0,260.36063,193,3921.765,-10.439,62.271,71.981,42.475,49.16,4233.796,95.512,98.183,99.615,99.52,661.074,663.524,658.974,660.419,88.115,100.695,3.507,7.904,3.042,0.655,0.303,0.236,2.984,14.188,8.916,21.543,NORMAL,0.0,-1.0,100.0
E001,T1-0000,1730.0,260.3609,194,3921.165,-10.435,62.276,71.994,42.486,49.09,4229.813,95.865,98.096,99.653,99.924,661.098,660.941,659.289,658.208,88.057,100.815,3.495,7.896,3.049,0.649,0.306,0.232,3.049,14.179,8.96,21.535,NORMAL,0.0,-1.0,100.0
E001,T1-0000,1731.0,260.36118,195,3920.565,-10.431,62.281,72.006,42.498,49.05,4229.409,95.711,98.338,100.114,99.347,659.16,663.142,660.674,657.732,88.143,100.777,3.502,7.896,3.035,0.679,0.308,0.229,3.023,14.212,8.938,21.534,NORMAL,0.0,-1.0,100.0
E001,T1-0000,1732.0,260.36146,196,3919.964,-10.427,62.286,72.018,42.509,49.152,4232.08,95.19,98.213,99.993,99.467,660.489,661.202,658.463,657.842,88.077,100.824,3.502,7.904,3.049,0.67,0.311,0.235,2.981,14.201,9.291,21.539,NORMAL,0.0,-1.0,100.0
E001,T1-0000,1733.0,260.36174,197,3919.362,-10.423,62.291,72.031,42.52,49.058,4234.493,95.256,98.244,99.835,99.708,658.648,661.096,658.319,659.532,88.118,100.835,3.5,7.911,3.05,0.659,0.312,0.231,2.978,14.244,9.08,21.543,NORMAL,0.0,-1.0,100.0
E001,T1-0000,1734.0,260.36202,198,3918.759,-10.419,62.296,72.043,42.531,49.108,4234.997,95.166,98.205,99.423,99.763,661.596,658.478,658.53,660.314,88.085,100.859,3.499,7.914,3.034,0.66,0.308,0.228,3.013,14.19,9.359,21.543,NORMAL,0.0,-1.0,100.0
E001,T1-0000,1735.0,260.36229,199,3918.155,-10.415,62.301,72.055,42.542,49.154,4236.401,95.69,98.309,99.276,99.85,658.787,660.789,661.397,661.708,87.899,100.748,3.506,7.919,3.035,0.647,0.309,0.227,2.991,14.196,8.959,21.546,NORMAL,0.0,-1.0,100.0
E001,T1-0000,1736.0,260.36257,200,3917.55,-10.411,62.305,72.068,42.553,49.132,4235.086,95.306,98.068,99.323,99.628,658.186,662.732,660.875,659.634,87.882,100.832,3.508,7.917,3.05,0.643,0.31,0.224,3.048,14.188,9.05,21.543,NORMAL,0.0,-1.0,100.0
E001,T1-0000,1737.0,260.36285,201,3916.944,-10.407,62.31,72.08,42.564,49.227,4234.896,95.211,98.516,99.499,99.48,658.264,660.582,663.779,657.155,88.087,100.765,3.497,7.918,3.049,0.637,0.307,0.225,3.082,14.182,9.008,21.542,NORMAL,0.0,-1.0,100.0
E001,T1-0000,1738.0,260.36313,202,3916.337,-10.403,62.315,72.092,42.574,49.099,4239.179,95.173,98.993,99.652,99.49,660.482,661.663,663.022,658.376,87.951,100.769,3.51,7.93,3.041,0.63,0.308,0.223,3.047,14.174,9.263,21.55,NORMAL,0.0,-1.0,100.0
E001,T1-0000,1739.0,260.3634,203,3915.729,-10.399,62.32,72.104,42.585,49.163,4237.534,95.359,99.56,99.814,99.698,661.104,659.707,661.703,657.389,87.974,100.809,3.497,7.928,3.052,0.644,0.312,0.225,3.08,14.206,9.154,21.546,NORMAL,0.0,-1.0,100.0
E001,T1-0000,1740.0,260.36368,204,3915.12,-10.395,62.325,72.115,42.596,49.137,4232.715,96.153,98.959,100.091,99.357,657.824,659.622,660.318,658.716,87.951,101.045,3.502,7.917,3.043,0.649,0.309,0.229,3.094,14.191,9.244,21.537,NORMAL,0.0,-1.0,100.0
E001,T1-0000,1741.0,260.36396,205,3914.51,-10.392,62.33,72.127,42.607,49.091,4237.0,96.225,98.907,100.306,99.256,659.594,662.337,659.486,658.96,87.714,100.685,3.503,7.929,3.061,0.642,0.315,0.228,3.055,14.205,9.357,21.544,NORMAL,0.0,-1.0,100.0
E001,T1-0000,1742.0,260.36424,206,3913.9,-10.388,62.335,72.139,42.618,49.193,4239.0,96.123,98.71,100.096,99.588,660.242,662.51,663.541,658.014,87.859,100.844,3.51,7.936,3.049,0.639,0.315,0.229,3.067,14.204,9.143,21.548,NORMAL,0.0,-1.0,100.0
E001,T1-0000,1743.0,260.36452,207,3913.288,-10.384,62.34,72.151,42.628,49.301,4238.878,96.236,98.956,100.43,99.668,661.432,665.167,662.696,658.142,87.813,100.815,3.499,7.937,3.059,0.643,0.317,0.228,3.041,14.2,8.992,21.547,NORMAL,0.0,-1.0,100.0
E001,T1-0000,1744.0,260.36479,208,3912.676,-10.38,62.345,72.162,42.639,49.241,4240.546,96.004,99.172,99.714,99.482,659.162,667.457,661.48,659.253,87.936,100.848,3.508,7.942,3.06,0.641,0.313,0.227,3.037,14.183,9.177,21.55,NORMAL,0.0,-1.0,100.0
E001,T1-0000,1745.0,260.36507,209,3912.063,-10.376,62.35,72.174,42.649,49.216,4240.477,96.031,99.509,99.564,99.863,661.127,667.217,660.569,660.934,87.845,100.815,3.502,7.943,3.066,0.639,0.321,0.225,3.028,14.215,9.044,21.55,NORMAL,0.0,-1.0,100.0
E001,T1-0000,1746.0,260.36535,210,3911.449,-10.372,62.355,72.185,42.66,49.287,4243.035,96.662,99.568,99.76,99.585,661.548,664.156,661.154,659.045,87.853,100.812,3.505,7.951,3.032,0.648,0.331,0.224,3.049,14.193,8.988,21.554,NORMAL,0.0,-1.0,100.0
E001,T1-0000,1747.0,260.36563,211,3910.835,-10.368,62.36,72.196,42.671,49.142,4238.142,96.962,99.9,100.002,99.838,659.941,664.372,660.254,658.173,88.023,100.86,3.502,7.94,3.035,0.652,0.322,0.227,3.076,14.229,9.395,21.544,NORMAL,0.0,-1.0,100.0
E001,T1-0000,1748.0,260.3659,212,3910.22,-10.364,62.365,72.208,42.681,49.336,4240.581,96.812,99.834,99.528,100.117,660.944,661.978,659.309,658.295,87.925,100.835,3.509,7.947,3.053,0.642,0.319,0.228,3.078,14.207,9.476,21.549,NORMAL,0.0,-1.0,100.0
E001,T1-0000,1749.0,260.36618,213,3909.603,-10.36,62.37,72.219,42.691,49.303,4244.899,97.644,99.614,99.426,100.157,659.19,661.261,660.54,658.459,88.06,100.764,3.508,7.959,3.039,0.654,0.318,0.227,2.997,14.156,9.15,21.556,NORMAL,0.0,-1.0,100.0
E001,T1-0000,1750.0,260.36646,214,3908.987,-10.356,62.375,72.23,42.702,49.254,4246.833,97.339,99.638,99.403,100.298,659.458,665.102,661.34,659.494,88.006,100.847,3.504,7.965,3.048,0.642,0.321,0.23,2.952,14.198,9.582,21.56,NORMAL,0.0,-1.0,100.0
E001,T1-0000,1751.0,260.36674,215,3908.369,-10.352,62.38,72.241,42.712,49.298,4243.65,96.91,99.349,98.937,99.907,661.54,664.271,663.226,657.999,87.89,100.86,3.507,7.959,3.051,0.655,0.322,0.227,2.927,14.194,9.134,21.553,NORMAL,0.0,-1.0,100.0
E001,T1-0000,1752.0,260.36702,216,3907.751,-10.348,62.385,72.252,42.723,49.292,4240.276,96.42,99.346,98.904,99.159,658.951,664.624,663.002,657.632,87.887,100.869,3.508,7.952,3.051,0.648,0.322,0.23,2.969,14.227,9.441,21.547,NORMAL,0.0,-1.0,100.0
E001,T1-0000,1753.0,260.36729,217,3907.132,-10.344,62.39,72.263,42.733,49.284,4239.284,96.353,99.193,99.107,99.192,658.957,660.46,658.996,658.719,87.821,100.985,3.504,7.951,3.062,0.649,0.318,0.232,2.976,14.179,9.433,21.544,NORMAL,0.0,-1.0,100.0
E001,T1-0000,1754.0,260.36757,218,3906.513,-10.34,62.395,72.274,42.743,49.344,4239.153,96.536,99.581,99.381,99.16,659.92,662.298,663.298,657.904,87.828,100.818,3.51,7.952,3.038,0.649,0.315,0.23,2.976,14.245,9.449,21.544,NORMAL,0.0,-1.0,100.0
E001,T1-0000,1755.0,260.36785,219,3905.893,-10.336,62.4,72.285,42.753,49.304,4233.032,96.047,99.279,99.519,98.726,662.889,661.553,661.858,659.272,87.907,100.95,3.504,7.938,3.039,0.637,0.316,0.231,3.019,14.217,9.549,21.532,NORMAL,0.0,-1.0,100.0
E001,T1-0000,1756.0,260.36813,220,3905.272,-10.331,62.405,72.295,42.763,49.324,4242.604,96.452,99.101,99.779,99.622,660.127,660.871,660.583,659.444,87.991,100.805,3.507,7.963,3.047,0.657,0.318,0.23,3.033,14.231,9.137,21.55,NORMAL,0.0,-1.0,100.0
E001,T1-0000,1757.0,260.3684,221,3904.65,-10.327,62.41,72.306,42.774,49.379,4246.454,96.036,99.378,99.528,99.193,661.884,662.53,660.398,663.286,87.927,100.896,3.505,7.974,3.045,0.665,0.316,0.228,2.956,14.191,9.576,21.557,NORMAL,0.0,-1.0,100.0
E001,T1-0000,1758.0,260.36868,222,3904.028,-10.323,62.415,72.317,42.784,49.307,4252.377,96.214,99.395,99.187,99.204,661.974,664.127,661.105,662.358,87.922,100.833,3.511,7.99,3.043,0.665,0.315,0.227,2.98,14.155,9.25,21.567,NORMAL,0.0,-1.0,100.0
E001,T1-0000,1759.0,260.36896,223,3903.406,-10.319,62.42,72.327,42.794,49.405,4245.032,96.369,99.344,99.534,99.577,659.951,665.516,660.026,663.954,87.977,100.816,3.51,7.973,3.025,0.659,0.314,0.226,2.974,14.204,9.773,21.553,NORMAL,0.0,-1.0,100.0
E001,T1-0000,1760.0,260.36924,224,3902.783,-10.315,62.425,72.337,42.804,49.292,4242.412,95.937,98.814,99.788,100.195,662.213,666.592,657.91,660.334,87.992,100.824,3.507,7.968,3.067,0.666,0.314,0.233,2.924,14.229,9.198,21.548,NORMAL,0.0,-1.0,100.0
E001,T1-0000,1761.0,260.36952,225,3902.159,-10.311,62.43,72.348,42.814,49.424,4241.85,95.898,99.056,99.865,99.627,662.549,664.103,657.925,662.943,87.961,100.912,3.503,7.967,3.047,0.659,0.312,0.231,2.937,14.216,9.215,21.546,NORMAL,0.0,-1.0,100.0
E001,T1-0000,1762.0,260.36979,226,3901.535,-10.307,62.435,72.358,42.823,49.277,4241.798,96.372,99.388,99.461,100.438,663.576,663.065,660.299,664.909,87.958,100.928,3.499,7.969,3.062,0.657,0.313,0.227,2.932,14.181,9.366,21.546,NORMAL,0.0,-1.0,100.0
E001,T1-0000,1763.0,260.37007,227,3900.91,-10.303,62.44,72.368,42.833,49.403,4245.886,96.941,99.071,99.19,100.186,662.245,658.386,659.495,664.787,87.944,100.786,3.502,7.98,3.051,0.655,0.308,0.229,2.913,14.233,9.31,21.553,NORMAL,0.0,-1.0,100.0
E001,T1-0000,1764.0,260.37035,228,3900.285,-10.299,62.445,72.378,42.843,49.383,4245.828,97.521,98.91,99.426,100.173,661.854,660.86,661.063,663.659,87.891,100.751,3.51,7.981,3.049,0.683,0.315,0.231,2.922,14.181,9.585,21.553,NORMAL,0.0,-1.0,100.0
E001,T1-0000,1765.0,260.37063,229,3899.66,-10.295,62.451,72.388,42.853,49.463,4245.947,97.704,99.044,99.275,100.163,661.674,660.904,658.863,665.487,87.914,100.834,3.512,7.983,3.041,0.665,0.314,0.229,2.939,14.213,9.619,21.553,NORMAL,0.0,-1.0,100.0
E001,T1-0000,1766.0,260.3709,230,3899.034,-10.291,62.456,72.398,42.863,49.357,4250.077,97.262,98.823,99.695,100.153,660.232,660.53,659.99,667.457,88.012,100.922,3.513,7.994,3.038,0.666,0.311,0.233,2.98,14.222,9.431,21.56,NORMAL,0.0,-1.0,100.0
E001,T1-0000,1767.0,260.37118,231,3898.407,-10.287,62.461,72.408,42.872,49.446,4250.817,97.314,99.038,99.854,99.839,661.373,661.687,660.41,665.027,88.108,100.781,3.514,7.997,3.062,0.657,0.308,0.229,3.048,14.173,9.531,21.561,NORMAL,0.0,-1.0,100.0
E001,T1-0000,1768.0,260.37146,232,3897.78,-10.283,62.466,72.418,42.882,49.439,4248.675,97.449,99.365,100.036,100.364,660.638,660.712,659.829,663.626,87.981,100.79,3.509,7.993,3.041,0.653,0.313,0.228,3.013,14.21,9.482,21.557,NORMAL,0.0,-1.0,100.0
E001,T1-0000,1769.0,260.37174,233,3897.153,-10.279,62.471,72.428,42.892,49.417,4245.555,97.151,99.418,99.58,100.617,662.211,661.007,659.199,665.881,87.892,100.925,3.503,7.987,3.052,0.647,0.313,0.228,3.047,14.214,9.389,21.551,NORMAL,0.0,-1.0,100.0
E001,T1-0000,1770.0,260.37202,234,3896.526,-10.275,62.476,72.437,42.901,49.473,4251.815,97.25,98.572,99.114,100.888,666.277,662.444,659.428,663.262,88.057,100.817,3.511,8.003,3.057,0.658,0.314,0.23,3.046,14.188,9.57,21.562,NORMAL,0.0,-1.0,100.0
E001,T1-0000,1771.0,260.37229,235,3895.897,-10.271,62.481,72.447,42.911,49.445,4254.825,97.796,98.853,99.81,100.394,665.454,661.258,659.542,663.014,87.914,100.882,3.516,8.012,3.045,0.647,0.316,0.233,3.042,14.184,9.483,21.568,NORMAL,0.0,-1.0,100.0
E001,T1-0000,1772.0,260.37257,236,3895.269,-10.266,62.486,72.456,42.92,49.412,4253.393,97.86,98.661,99.212,100.334,664.647,658.817,659.642,662.605,88.017,101.028,3.512,8.01,3.052,0.662,0.315,0.234,3.041,14.165,9.677,21.565,NORMAL,0.0,-1.0,100.0
E001,T1-0000,1773.0,260.37285,237,3894.64,-10.262,62.491,72.466,42.929,49.488,4251.033,98.246,98.642,98.993,100.736,661.246,659.672,658.304,660.557,87.859,100.979,3.508,8.005,3.048,0.651,0.313,0.231,3.041,14.206,9.299,21.56,NORMAL,0.0,-1.0,100.0
E001,T1-0000,1774.0,260.37313,238,3894.011,-10.258,62.496,72.475,42.939,49.427,4250.986,97.816,98.668,98.58,100.487,665.237,661.503,658.018,660.015,88.003,100.882,3.509,8.007,3.019,0.655,0.318,0.23,3.046,14.236,9.493,21.559,NORMAL,0.0,-1.0,100.0
E001,T1-0000,1775.0,260.3734,239,3893.382,-10.254,62.501,72.484,42.948,49.477,4250.089,98.121,98.761,98.441,100.227,663.567,661.515,656.878,661.576,87.88,100.862,3.513,8.006,3.035,0.665,0.314,0.229,3.05,14.24,9.784,21.557,NORMAL,0.0,-1.0,100.0
E001,T1-0000,1776.0,260.37368,240,3892.753,-10.25,62.507,72.494,42.957,49.478,4248.626,98.245,98.24,98.696,100.447,662.442,662.351,657.271,661.202,87.759,100.804,3.509,8.003,3.045,0.661,0.317,0.227,3.02,14.196,9.641,21.554,NORMAL,0.0,-1.0,100.0
E001,T1-0000,1777.0,260.37396,241,3892.123,-10.246,62.512,72.503,42.967,49.489,4251.635,98.212,98.466,98.641,100.104,666.751,660.522,659.729,663.345,87.881,100.881,3.507,8.012,3.058,0.688,0.316,0.226,3.006,14.176,9.694,21.56,NORMAL,0.0,-1.0,100.0
E001,T1-0000,1778.0,260.37424,242,3891.493,-10.242,62.517,72.512,42.976,49.485,4247.976,98.317,98.422,98.889,99.824,664.09,661.586,663.116,663.25,87.811,100.873,3.509,8.004,3.055,0.689,0.313,0.223,3.016,14.185,9.678,21.552,NORMAL,0.0,-1.0,100.0
E001,T1-0000,1779.0,260.37452,243,3890.862,-10.238,62.522,72.521,42.985,49.519,4248.513,98.57,97.834,98.563,99.142,664.664,663.884,661.731,662.666,87.665,100.809,3.515,8.007,3.05,0.687,0.315,0.221,3.026,14.176,9.766,21.553,NORMAL,0.0,-1.0,100.0
E001,T1-0000,1780.0,260.37479,244,3890.232,-10.234,62.527,72.529,42.994,49.565,4248.866,97.944,97.49,98.0,99.192,663.71,665.213,661.243,662.709,87.786,100.896,3.504,8.009,3.07,0.674,0.311,0.223,2.981,14.187,9.54,21.553,NORMAL,0.0,-1.0,100.0
E001,T1-0000,1781.0,260.37507,245,3889.601,-10.23,62.532,72.538,43.003,49.497,4249.102,98.372,97.664,98.314,99.798,663.322,665.646,663.643,662.302,87.77,100.851,3.509,8.011,3.046,0.655,0.315,0.225,3.015,14.193,9.613,21.554,NORMAL,0.0,-1.0,100.0
E001,T1-0000,1782.0,260.37535,246,3888.971,-10.226,62.537,72.547,43.012,49.517,4247.151,99.264,97.565,98.276,99.906,661.956,665.296,662.456,663.482,87.661,100.892,3.504,8.007,3.054,0.644,0.315,0.226,2.963,14.19,9.596,21.55,NORMAL,0.0,-1.0,100.0
E001,T1-0000,1783.0,260.37563,247,3888.34,-10.221,62.542,72.556,43.021,49.52,4252.571,99.135,97.791,98.422,100.572,661.725,665.094,665.152,662.017,87.867,100.896,3.503,8.022,3.045,0.655,0.311,0.224,2.929,14.219,9.681,21.559,NORMAL,0.0,-1.0,100.0
E001,T1-0000,1784.0,260.3759,248,3887.708,-10.217,62.548,72.564,43.03,49.575,4257.042,99.371,97.86,98.47,100.902,663.598,665.005,663.588,659.323,87.731,100.907,3.524,8.034,3.037,0.658,0.312,0.223,2.905,14.177,9.53,21.568,NORMAL,0.0,-1.0,100.0
E001,T1-0000,1785.0,260.37618,249,3887.077,-10.213,62.553,72.573,43.039,49.563,4255.555,99.168,97.632,99.144,101.49,663.966,667.15,665.225,659.239,87.69,100.809,3.504,8.031,3.033,0.649,0.313,0.225,2.928,14.218,9.782,21.565,NORMAL,0.0,-1.0,100.0
E001,T1-0000,1786.0,260.37646,250,3886.446,-10.209,62.558,72.581,43.048,49.504,4255.252,99.425,97.065,98.929,101.445,662.877,665.299,667.294,660.988,87.812,100.895,3.512,8.032,3.04,0.65,0.319,0.229,2.914,14.218,9.713,21.564,NORMAL,0.0,-1.0,100.0
E001,T1-0000,1787.0,260.37674,251,3885.814,-10.205,62.563,72.589,43.056,49.523,4258.638,100.056,97.464,99.119,101.486,663.273,662.901,665.462,659.92,87.633,100.812,3.515,8.042,3.046,0.641,0.314,0.228,2.964,14.187,9.776,21.57,NORMAL,0.0,-1.0,100.0
E001,T1-0000,1788.0,260.37702,252,3885.183,-10.201,62.568,72.598,43.065,49.617,4257.079,100.368,97.483,98.85,101.99,662.3,663.182,664.422,660.333,87.682,100.988,3.517,8.039,3.049,0.638,0.318,0.225,2.986,14.217,9.757,21.566,NORMAL,0.0,-1.0,100.0
E001,T1-0000,1789.0,260.37729,253,3884.551,-10.197,62.573,72.606,43.074,49.621,4256.414,100.622,97.029,99.103,102.18,662.317,662.937,663.378,663.226,87.69,100.833,3.507,8.038,3.081,0.632,0.313,0.225,3.023,14.209,9.774,21.565,NORMAL,0.0,-1.0,100.0
E001,T1-0000,1790.0,260.37757,254,3883.92,-10.193,62.578,72.614,43.082,49.574,4256.114,100.839,97.306,99.586,102.064,664.236,661.861,664.132,663.587,87.759,100.954,3.509,8.039,3.064,0.629,0.309,0.223,2.965,14.197,9.54,21.564,NORMAL,0.0,-1.0,100.0
E001,T1-0000,1791.0,260.37785,255,3883.288,-10.189,62.584,72.622,43.091,49.666,4253.88,100.746,97.757,99.882,102.375,662.896,663.203,665.242,662.002,87.764,100.844,3.506,8.034,3.043,0.63,0.316,0.224,2.948,14.183,9.538,21.56,NORMAL,0.0,-1.0,100.0
E001,T1-0000,1792.0,260.37813,0,3882.657,-10.184,62.589,72.63,43.099,49.7,4256.002,100.657,97.812,99.965,102.095,664.128,662.834,664.422,662.928,87.88,100.856,3.518,8.04,3.043,0.655,0.318,0.224,2.966,14.193,9.739,21.563,NORMAL,0.0,-1.0,100.0
E001,T1-0000,1793.0,260.3784,1,3882.025,-10.18,62.594,72.637,43.108,49.579,4262.984,100.325,98.365,99.921,101.841,663.571,663.155,659.583,662.327,87.897,100.836,3.512,8.059,3.066,0.648,0.315,0.223,2.995,14.181,9.935,21.576,NORMAL,0.0,-1.0,100.0
E001,T1-0000,1794.0,260.37868,2,3881.394,-10.176,62.599,72.645,43.116,49.662,4257.995,100.256,98.287,100.363,102.173,663.027,663.645,660.61,662.843,87.961,100.937,3.513,8.047,3.055,0.648,0.323,0.224,2.971,14.198,9.872,21.566,NORMAL,0.0,-1.0,100.0
E001,T1-0000,1795.0,260.37896,3,3880.762,-10.172,62.604,72.653,43.125,49.638,4253.385,100.446,97.36,100.002,102.096,660.351,661.605,660.625,665.511,87.97,100.831,3.506,8.037,3.042,0.656,0.317,0.224,2.884,14.193,9.491,21.557,NORMAL,0.0,-1.0,100.0
E001,T1-0000,1796.0,260.37924,4,3880.131,-10.168,62.609,72.66,43.133,49.649,4256.852,100.734,96.544,100.121,101.824,662.945,662.211,660.893,662.099,87.972,100.966,3.512,8.047,3.047,0.643,0.316,0.228,2.884,14.187,9.422,21.564,NORMAL,0.0,-1.0,100.0
E001,T1-0000,1797.0,260.37952,5,3879.499,-10.164,62.614,72.668,43.141,49.576,4252.052,100.672,96.966,100.233,101.757,665.257,664.406,661.844,664.756,87.735,100.897,3.506,8.036,3.053,0.649,0.314,0.227,2.905,14.211,9.592,21.554,NORMAL,0.0,-1.0,100.0
E001,T1-0000,1798.0,260.37979,6,3878.868,-10.16,62.619,72.675,43.149,49.689,4258.218,100.264,96.504,100.701,102.502,663.742,663.351,660.254,663.983,87.784,100.918,3.514,8.053,3.062,0.656,0.313,0.226,2.923,14.215,9.899,21.566,NORMAL,0.0,-1.0,100.0
E001,T1-0000,1799.0,260.38007,7,3878.237,-10.156,62.625,72.683,43.158,49.692,4259.751,100.037,96.513,100.633,102.367,662.553,662.691,662.459,663.391,87.933,100.866,3.508,8.058,3.066,0.649,0.311,0.236,2.923,14.241,9.805,21.568,NORMAL,0.0,-1.0,100.0
E001,T1-0000,1800.0,260.38035,8,3877.606,-10.152,62.63,72.69,43.166,49.68,4259.218,100.024,96.523,100.571,102.204,663.512,662.965,664.089,662.176,87.908,100.933,3.513,8.057,3.053,0.659,0.318,0.234,2.912,14.192,9.644,21.567,NORMAL,0.0,-1.0,100.0
E001,T1-0000,1801.0,260.38063,9,3876.976,-10.148,62.635,72.697,43.174,49.739,4259.557,99.637,96.564,100.274,101.907,661.17,660.737,662.61,660.343,87.858,100.873,3.512,8.059,3.061,0.664,0.319,0.233,2.986,14.207,9.807,21.567,NORMAL,0.0,-1.0,100.0
E001,T1-0000,1802.0,260.3809,10,3876.345,-10.143,62.64,72.704,43.182,49.684,4258.665,99.35,97.128,100.124,102.42,659.879,665.346,661.446,660.637,87.932,100.873,3.501,8.058,3.058,0.663,0.316,0.228,2.977,14.212,9.991,21.565,NORMAL,0.0,-1.0,100.0
E001,T1-0000,1803.0,260.38118,11,3875.715,-10.139,62.645,72.711,43.19,49.728,4258.876,100.14,96.656,100.111,102.811,659.539,667.615,661.66,658.976,87.69,100.91,3.513,8.059,3.053,0.656,0.32,0.229,3.01,14.209,9.79,21.566,NORMAL,0.0,-1.0,100.0
E001,T1-0000,1804.0,260.38146,12,3875.085,-10.135,62.65,72.718,43.198,49.667,4261.216,100.692,96.817,100.848,102.416,659.898,666.174,663.144,656.508,87.775,100.911,3.52,8.067,3.036,0.656,0.315,0.226,3.012,14.181,10.017,21.57,NORMAL,0.0,-1.0,100.0
E001,T1-0000,1805.0,260.38174,13,3874.455,-10.131,62.655,72.725,43.205,49.625,4261.0,101.322,96.826,100.911,102.397,656.721,666.407,659.747,659.956,87.716,100.835,3.513,8.067,3.072,0.665,0.311,0.224,2.989,14.208,9.965,21.569,NORMAL,0.0,-1.0,100.0
E001,T1-0000,1806.0,260.38202,14,3873.825,-10.127,62.661,72.732,43.213,49.731,4259.619,100.978,97.341,100.679,101.937,657.679,665.273,660.674,659.873,87.667,100.9,3.511,8.065,3.057,0.665,0.313,0.227,2.959,14.192,10.051,21.566,NORMAL,0.0,-1.0,100.0
E001,T1-0000,1807.0,260.38229,15,3873.196,-10.123,62.666,72.739,43.221,49.762,4252.839,100.62,97.191,100.693,101.738,660.557,663.774,661.565,662.518,87.701,100.855,3.508,8.049,3.06,0.665,0.31,0.225,2.943,14.22,9.993,21.553,NORMAL,0.0,-1.0,100.0
E001,T1-0000,1808.0,260.38257,16,3872.566,-10.119,62.671,72.745,43.229,49.781,4264.327,101.049,97.336,100.106,101.953,662.575,663.299,662.649,663.43,87.74,100.95,3.519,8.079,3.044,0.649,0.308,0.223,2.944,14.159,9.972,21.575,NORMAL,0.0,-1.0,100.0
E001,T1-0000,1809.0,260.38285,17,3871.938,-10.115,62.676,72.752,43.236,49.738,4265.118,100.794,97.673,100.587,102.211,662.316,665.017,662.057,662.827,87.811,100.906,3.515,8.082,3.045,0.641,0.313,0.222,2.983,14.21,10.025,21.576,NORMAL,0.0,-1.0,100.0
E001,T1-0000,1810.0,260.38313,18,3871.309,-10.111,62.681,72.758,43.244,49.684,4262.828,100.427,98.365,101.276,102.632,661.049,662.338,661.438,660.384,87.74,100.818,3.518,8.077,3.041,0.663,0.311,0.224,2.944,14.226,9.945,21.571,NORMAL,0.0,-1.0,100.0
E001,T1-0000,1811.0,260.3834,19,3870.681,-10.107,62.686,72.764,43.251,49.79,4267.394,100.16,99.114,100.841,102.972,662.513,664.712,659.681,659.891,87.814,100.87,3.521,8.089,3.071,0.663,0.311,0.223,2.973,14.185,10.145,21.58,NORMAL,0.0,-1.0,100.0
E001,T1-0000,1812.0,260.38368,20,3870.053,-10.103,62.691,72.771,43.259,49.888,4261.676,100.757,99.536,100.397,102.358,661.978,664.941,659.693,660.057,87.854,100.837,3.513,8.076,3.054,0.667,0.319,0.224,2.961,14.207,9.97,21.568,NORMAL,0.0,-1.0,100.0
E001,T1-0000,1813.0,260.38396,21,3869.426,-10.098,62.696,72.777,43.266,49.744,4260.932,100.017,98.979,100.731,101.884,663.68,662.952,660.332,660.466,87.857,100.885,3.52,8.075,3.051,0.668,0.319,0.223,2.958,14.208,10.029,21.567,NORMAL,0.0,-1.0,100.0
E001,T1-0000,1814.0,260.38424,22,3868.799,-10.094,62.701,72.783,43.274,49.695,4253.416,99.51,98.645,100.851,102.335,662.091,661.978,660.333,661.279,87.851,100.921,3.511,8.057,3.047,0.655,0.322,0.221,2.952,14.177,9.982,21.552,NORMAL,0.0,-1.0,100.0
E001,T1-0000,1815.0,260.38452,23,3868.172,-10.09,62.707,72.789,43.281,49.849,4257.256,99.061,98.512,100.936,102.818,662.67,666.038,664.762,661.631,87.904,100.864,3.505,8.068,3.051,0.653,0.317,0.219,2.96,14.2,10.028,21.559,NORMAL,0.0,-1.0,100.0
E001,T1-0000,1816.0,260.38479,24,3867.546,-10.086,62.712,72.795,43.288,49.823,4255.058,99.487,98.47,100.516,103.124,666.087,665.83,666.268,661.764,87.906,100.971,3.51,8.063,3.049,0.645,0.317,0.222,2.94,14.222,10.072,21.555,NORMAL,0.0,-1.0,100.0
E001,T1-0000,1817.0,260.38507,25,3866.92,-10.082,62.717,72.801,43.296,49.764,4259.484,99.491,98.496,100.819,102.679,664.766,667.701,663.401,660.414,88.094,100.905,3.507,8.075,3.058,0.651,0.321,0.22,2.932,14.212,10.008,21.563,NORMAL,0.0,-1.0,100.0
E001,T1-0000,1818.0,260.38535,26,3866.295,-10.078,62.722,72.807,43.303,49.801,4257.811,100.045,99.114,100.695,102.048,666.705,666.344,663.408,658.799,87.881,100.913,3.514,8.072,3.052,0.64,0.32,0.223,2.967,14.188,10.255,21.56,NORMAL,0.0,-1.0,100.0
E001,T1-0000,1819.0,260.38563,27,3865.67,-10.074,62.727,72.812,43.31,49.83,4264.572,99.591,99.015,100.945,101.91,666.806,664.184,664.309,658.83,88.118,100.962,3.518,8.089,3.058,0.647,0.327,0.222,3.042,14.166,9.785,21.572,NORMAL,0.0,-1.0,100.0
E001,T1-0000,1820.0,260.3859,28,3865.046,-10.07,62.732,72.818,43.317,49.804,4262.5,99.415,98.947,100.931,101.963,665.502,663.362,663.453,659.186,88.263,100.998,3.512,8.085,3.066,0.644,0.325,0.222,3.048,14.213,10.052,21.568,NORMAL,0.0,-1.0,100.0
E001,T1-0000,1821.0,260.38618,29,3864.422,-10.066,62.737,72.824,43.324,49.822,4262.042,99.114,98.829,101.006,102.109,664.862,664.083,662.995,660.47,88.112,100.925,3.515,8.085,3.046,0.651,0.322,0.223,3.055,14.182,10.257,21.567,NORMAL,0.0,-1.0,100.0
E001,T1-0000,1822.0,260.38646,30,3863.799,-10.062,62.742,72.829,43.331,49.809,4266.423,98.885,98.777,100.674,101.659,664.407,661.947,661.523,663.283,88.224,100.838,3.514,8.096,3.071,0.651,0.323,0.225,3.044,14.182,10.438,21.575,NORMAL,0.0,-1.0,100.0
E001,T1-0000,1823.0,260.38674,31,3863.176,-10.058,62.747,72.834,43.338,49.855,4267.675,99.092,99.152,100.309,101.389,664.229,661.314,662.12,665.772,88.193,100.893,3.521,8.1,3.035,0.644,0.32,0.231,3.061,14.222,10.105,21.577,NORMAL,0.0,-1.0,100.0
E001,T1-0000,1824.0,260.38702,32,3862.554,-10.054,62.752,72.84,43.345,49.846,4260.828,99.144,98.36,100.798,101.519,662.959,660.76,660.416,664.273,88.161,100.889,3.519,8.084,3.054,0.641,0.317,0.228,3.037,14.163,10.342,21.564,NORMAL,0.0,-1.0,100.0
E001,T1-0000,1825.0,260.38729,33,3861.932,-10.05,62.757,72.845,43.351,49.942,4263.32,98.67,98.211,100.132,101.693,663.029,659.395,660.347,662.795,88.144,100.981,3.513,8.092,3.05,0.632,0.316,0.225,3.025,14.203,9.982,21.568,NORMAL,0.0,-1.0,100.0
E001,T1-0000,1826.0,260.38757,34,3861.311,-10.046,62.762,72.85,43.358,49.83,4261.984,98.762,97.816,99.644,101.399,664.765,659.839,659.983,662.309,87.798,100.83,3.514,8.089,3.064,0.652,0.312,0.225,3.009,14.21,10.22,21.566,NORMAL,0.0,-1.0,100.0
E001,T1-0000,1827.0,260.38785,35,3860.691,-10.042,62.768,72.855,43.365,49.952,4263.867,98.742,97.94,99.866,101.174,664.728,659.715,661.429,661.157,87.936,100.907,3.521,8.095,3.058,0.657,0.318,0.223,2.99,14.198,10.225,21.569,NORMAL,0.0,-1.0,100.0
E001,T1-0000,1828.0,260.38813,36,3860.071,-10.038,62.773,72.86,43.371,49.871,4266.587,98.693,98.063,100.425,100.844,662.988,661.508,663.518,661.517,87.917,100.97,3.519,8.103,3.069,0.663,0.312,0.223,2.998,14.201,10.306,21.574,NORMAL,0.0,-1.0,100.0
E001,T1-0000,1829.0,260.3884,37,3859.452,-10.034,62.778,72.865,43.378,49.909,4263.437,99.186,98.204,100.45,100.942,660.811,664.513,663.884,661.727,87.99,100.965,3.515,8.096,3.039,0.664,0.313,0.226,2.956,14.223,10.148,21.568,NORMAL,0.0,-1.0,100.0
E001,T1-0000,1830.0,260.38868,38,3858.833,-10.03,62.783,72.869,43.384,49.98,4262.446,99.525,98.373,100.86,101.107,661.61,663.824,665.416,659.894,88.056,100.961,3.512,8.094,3.038,0.652,0.311,0.229,2.991,14.2,10.2,21.565,NORMAL,0.0,-1.0,100.0
E001,T1-0000,1831.0,260.38896,39,3858.215,-10.026,62.788,72.874,43.391,49.973,4263.731,99.07,98.541,100.871,101.519,666.261,665.344,661.717,662.364,88.027,100.88,3.51,8.098,3.048,0.641,0.318,0.226,3.008,14.213,10.126,21.568,NORMAL,0.0,-1.0,100.0
E001,T1-0000,1832.0,260.38924,40,3857.598,-10.022,62.793,72.879,43.397,49.808,4260.296,98.861,98.159,101.526,101.799,667.717,664.079,662.023,663.484,88.044,101.081,3.514,8.09,3.059,0.642,0.313,0.224,3.027,14.187,10.248,21.561,NORMAL,0.0,-1.0,100.0
E001,T1-0000,1833.0,260.38952,41,3856.982,-10.018,62.798,72.883,43.404,49.922,4266.237,98.751,98.429,101.092,100.963,663.893,664.721,663.663,665.927,88.172,100.867,3.517,8.106,3.062,0.645,0.311,0.224,3.032,14.225,10.356,21.572,NORMAL,0.0,-1.0,100.0
E001,T1-0000,1834.0,260.38979,42,3856.366,-10.014,62.803,72.888,43.41,49.919,4265.995,98.284,98.913,101.209,100.998,665.296,663.695,663.794,664.521,88.385,101.021,3.511,8.106,3.03,0.65,0.309,0.224,3.026,14.203,10.174,21.571,NORMAL,0.0,-1.0,100.0
E001,T1-0000,1835.0,260.39007,43,3855.751,-10.01,62.808,72.892,43.416,49.902,4263.919,98.186,98.923,101.25,101.4,662.98,664.122,664.298,662.703,88.22,100.988,3.511,8.102,3.053,0.673,0.31,0.221,3.042,14.235,10.425,21.567,NORMAL,0.0,-1.0,100.0
E001,T1-0000,1836.0,260.39035,44,3855.137,-10.006,62.813,72.896,43.422,49.932,4264.246,99.182,98.447,100.759,100.819,660.672,667.9,664.258,661.241,88.156,101.059,3.522,8.103,3.057,0.705,0.31,0.22,2.956,14.188,10.161,21.568,NORMAL,0.0,-1.0,100.0
E001,T1-0000,1837.0,260.39063,45,3854.524,-10.002,62.818,72.901,43.428,49.885,4268.55,98.913,98.607,100.902,101.166,662.031,666.695,661.216,660.946,88.228,101.037,3.515,8.115,3.042,0.685,0.314,0.22,2.976,14.19,10.543,21.576,NORMAL,0.0,-1.0,100.0
E001,T1-0000,1838.0,260.3909,46,3853.911,-9.998,62.823,72.905,43.434,49.936,4271.794,98.779,98.588,100.637,101.837,660.716,667.515,661.831,665.305,88.455,101.107,3.519,8.124,3.052,0.665,0.318,0.227,3.01,14.196,10.491,21.581,NORMAL,0.0,-1.0,100.0
E001,T1-0000,1839.0,260.39118,47,3853.3,-9.994,62.828,72.909,43.44,49.929,4265.359,99.13,98.663,101.068,101.714,665.005,667.161,665.213,664.501,88.227,100.991,3.52,8.108,3.043,0.655,0.318,0.227,3.013,14.168,10.412,21.569,NORMAL,0.0,-1.0,100.0
E001,T1-0000,1840.0,260.39146,48,3852.689,-9.99,62.833,72.913,43.446,49.951,4270.25,98.734,98.648,101.499,101.088,667.056,666.789,662.987,664.645,88.329,101.088,3.517,8.121,3.046,0.661,0.32,0.23,3.036,14.204,10.419,21.578,NORMAL,0.0,-1.0,100.0
E001,T1-0000,1841.0,260.39174,49,3852.079,-9.986,62.838,72.916,43.452,49.962,4264.457,98.899,99.677,101.639,101.08,668.84,664.975,662.361,664.789,88.452,101.075,3.515,8.108,3.056,0.675,0.319,0.23,3.05,14.182,10.21,21.567,NORMAL,0.0,-1.0,100.0
E001,T1-0000,1842.0,260.39202,50,3851.47,-9.982,62.843,72.92,43.458,49.949,4262.913,98.758,99.099,101.666,100.641,667.388,664.902,665.201,662.081,88.468,101.092,3.509,8.104,3.063,0.672,0.326,0.229,3.052,14.203,10.416,21.564,NORMAL,0.0,-1.0,100.0
E001,T1-0000,1843.0,260.39229,51,3850.861,-9.978,62.848,72.924,43.464,49.895,4269.907,98.375,99.238,100.885,100.997,666.986,666.166,666.737,663.091,88.268,101.023,3.511,8.123,3.062,0.664,0.322,0.226,3.021,14.211,10.659,21.577,NORMAL,0.0,-1.0,100.0
E001,T1-0000,1844.0,260.39257,52,3850.254,-9.974,62.853,72.927,43.469,49.831,4271.024,98.092,99.024,100.891,101.585,662.874,664.832,664.764,661.776,88.506,101.073,3.514,8.127,3.046,0.667,0.319,0.223,3.034,14.191,10.604,21.579,NORMAL,0.0,-1.0,100.0
E001,T1-0000,1845.0,260.39285,53,3849.648,-9.97,62.858,72.931,43.475,49.988,4266.837,97.973,99.48,100.788,101.734,663.287,665.592,664.76,664.531,88.113,101.132,3.52,8.117,3.057,0.671,0.318,0.224,2.987,14.197,10.411,21.571,NORMAL,0.0,-1.0,100.0
E001,T1-0000,1846.0,260.39313,54,3849.042,-9.966,62.863,72.934,43.481,49.975,4267.522,98.106,99.347,100.469,101.337,662.218,664.513,666.521,665.373,88.271,101.001,3.515,8.119,3.048,0.657,0.322,0.225,2.988,14.194,10.385,21.572,NORMAL,0.0,-1.0,100.0
E001,T1-0000,1847.0,260.3934,55,3848.438,-9.962,62.867,72.938,43.486,50.074,4267.722,97.92,99.598,100.335,101.131,662.63,663.158,668.544,666.118,88.32,101.057,3.513,8.121,3.059,0.654,0.323,0.229,3.022,14.189,10.519,21.572,NORMAL,0.0,-1.0,100.0
E001,T1-0000,1848.0,260.39368,56,3847.834,-9.958,62.872,72.941,43.491,49.949,4267.105,97.718,99.001,100.782,100.68,662.707,661.722,666.549,664.423,88.317,101.106,3.512,8.12,3.043,0.652,0.319,0.229,3.038,14.232,10.401,21.571,NORMAL,0.0,-1.0,100.0
E001,T1-0000,1849.0,260.39396,57,3847.232,-9.954,62.877,72.944,43.497,49.956,4264.84,97.672,99.599,100.844,100.078,664.51,661.187,663.978,666.075,88.347,101.074,3.517,8.115,3.048,0.667,0.317,0.23,2.98,14.175,10.331,21.566,NORMAL,0.0,-1.0,100.0
E001,T1-0000,1850.0,260.39424,58,3846.63,-9.95,62.882,72.947,43.502,49.962,4266.566,97.954,99.995,101.354,99.771,663.382,663.067,666.118,663.463,88.485,101.172,3.514,8.12,3.05,0.678,0.312,0.228,3.014,14.217,10.712,21.569,NORMAL,0.0,-1.0,100.0
E001,T1-0000,1851.0,260.39452,59,3846.029,-9.946,62.887,72.95,43.507,49.973,4264.98,97.6,100.401,101.25,100.287,665.788,661.638,667.036,661.852,88.379,101.145,3.511,8.116,3.041,0.668,0.321,0.227,3.038,14.19,10.566,21.566,NORMAL,0.0,-1.0,100.0
E001,T1-0000,1852.0,260.39479,60,3845.43,-9.943,62.892,72.953,43.513,49.991,4264.931,97.792,99.394,101.071,100.787,667.307,662.943,666.404,664.588,88.396,101.033,3.512,8.117,3.052,0.652,0.316,0.229,3.034,14.216,10.847,21.566,NORMAL,0.0,-1.0,100.0
E001,T1-0000,1853.0,260.39507,61,3844.831,-9.939,62.897,72.956,43.518,50.044,4267.06,97.982,99.399,100.261,100.853,665.945,664.94,664.994,665.089,88.487,101.203,3.509,8.123,3.043,0.649,0.318,0.227,2.963,14.194,10.412,21.57,NORMAL,0.0,-1.0,100.0
E001,T1-0000,1854.0,260.39535,62,3844.234,-9.935,62.902,72.958,43.523,50.051,4265.024,98.53,99.452,100.437,101.112,666.596,666.369,665.728,666.223,88.393,101.162,3.503,8.119,3.046,0.662,0.317,0.226,3.016,14.214,10.587,21.566,NORMAL,0.0,-1.0,100.0
E001,T1-0000,1855.0,260.39563,63,3843.638,-9.931,62.907,72.961,43.528,50.028,4271.826,98.379,99.553,100.376,100.404,666.183,666.202,664.424,665.007,88.284,101.216,3.518,8.137,3.056,0.676,0.312,0.224,2.996,14.221,10.562,21.578,NORMAL,0.0,-1.0,100.0
E001,T1-0000,1856.0,260.3959,64,3843.042,-9.927,62.912,72.964,43.533,50.008,4274.028,98.787,99.669,100.721,100.331,664.42,663.448,666.035,662.517,88.561,101.13,3.515,8.143,3.023,0.67,0.315,0.223,3.048,14.209,10.466,21.582,NORMAL,0.0,-1.0,100.0
E001,T1-0000,1857.0,260.39618,65,3842.448,-9.923,62.916,72.966,43.538,50.079,4271.856,99.451,100.174,100.662,100.79,665.268,662.955,666.594,660.491,88.342,101.226,3.516,8.138,3.041,0.67,0.322,0.221,3.078,14.203,10.619,21.578,NORMAL,0.0,-1.0,100.0
E001,T1-0000,1858.0,260.39646,66,3841.855,-9.919,62.921,72.968,43.543,50.004,4269.567,99.572,99.81,100.502,101.081,666.72,666.472,667.567,662.579,88.499,101.255,3.51,8.133,3.039,0.676,0.323,0.22,3.021,14.213,10.589,21.573,NORMAL,0.0,-1.0,100.0
E001,T1-0000,1859.0,260.39674,67,3841.264,-9.915,62.926,72.971,43.548,50.144,4263.567,99.406,99.876,99.97,100.469,663.772,666.614,664.192,664.039,88.445,101.212,3.515,8.119,3.068,0.675,0.319,0.219,2.978,14.179,10.65,21.562,NORMAL,0.0,-1.0,100.0
E001,T1-0000,1860.0,260.39702,68,3840.673,-9.912,62.931,72.973,43.552,50.075,4265.658,99.782,99.362,100.409,100.404,662.964,666.733,668.603,665.744,88.444,101.283,3.512,8.124,3.042,0.664,0.315,0.221,2.971,14.208,10.613,21.566,NORMAL,0.0,-1.0,100.0
E001,T1-0000,1861.0,260.39729,69,3840.084,-9.908,62.936,72.975,43.557,50.043,4269.218,99.85,99.759,100.615,100.362,662.648,666.544,668.675,665.838,88.388,101.404,3.515,8.134,3.062,0.673,0.315,0.219,3.013,14.209,10.465,21.572,NORMAL,0.0,-1.0,100.0
E001,T1-0000,1862.0,260.39757,70,3839.495,-9.904,62.94,72.977,43.562,50.019,4266.985,100.097,100.038,100.403,100.826,661.555,669.7,664.31,665.357,88.172,101.206,3.511,8.129,3.047,0.695,0.319,0.219,2.959,14.211,10.816,21.568,NORMAL,0.0,-1.0,100.0
E001,T1-0000,1863.0,260.39785,71,3838.908,-9.9,62.945,72.979,43.566,50.1,4268.277,99.773,99.543,100.601,100.869,661.509,664.181,665.792,663.986,88.353,101.152,3.515,8.134,3.045,0.683,0.319,0.218,2.914,14.189,10.852,21.57,NORMAL,0.0,-1.0,100.0
E001,T1-0000,1864.0,260.39813,72,3838.322,-9.896,62.95,72.981,43.571,50.057,4267.409,99.678,99.497,100.773,100.687,663.863,660.735,664.352,664.32,88.168,101.194,3.517,8.132,3.042,0.687,0.323,0.218,2.924,14.19,10.563,21.568,NORMAL,0.0,-1.0,100.0
E001,T1-0000,1865.0,260.3984,73,3837.738,-9.893,62.955,72.983,43.575,50.023,4274.922,99.085,100.019,100.721,100.177,665.429,660.581,663.615,665.758,88.144,101.198,3.52,8.152,3.032,0.689,0.326,0.219,2.934,14.161,10.814,21.582,NORMAL,0.0,-1.0,100.0
E001,T1-0000,1866.0,260.39868,74,3837.155,-9.889,62.96,72.984,43.579,50.068,4268.063,98.949,100.112,101.12,100.483,665.553,664.17,662.931,664.713,88.161,101.212,3.514,8.135,3.051,0.693,0.324,0.224,2.929,14.168,10.677,21.569,NORMAL,0.0,-1.0,100.0
E001,T1-0000,1867.0,260.39896,75,3836.573,-9.885,62.964,72.986,43.584,50.102,4270.061,99.259,99.517,101.174,100.038,666.677,667.241,660.33,668.164,88.231,101.258,3.51,8.141,3.043,0.698,0.324,0.228,2.914,14.218,10.728,21.573,NORMAL,0.0,-1.0,100.0
E001,T1-0000,1868.0,260.39924,76,3835.992,-9.881,62.969,72.988,43.588,50.107,4272.273,99.212,99.501,101.38,100.344,667.379,667.009,662.221,668.367,88.138,101.234,3.506,8.147,3.049,0.678,0.32,0.233,2.969,14.192,10.695,21.577,NORMAL,0.0,-1.0,100.0
E001,T1-0000,1869.0,260.39952,77,3835.413,-9.877,62.974,72.989,43.592,50.114,4269.699,98.831,99.222,100.866,100.493,665.407,666.863,663.335,666.108,87.982,101.308,3.51,8.141,3.034,0.668,0.315,0.234,2.961,14.185,10.709,21.572,NORMAL,0.0,-1.0,100.0
E001,T1-0000,1870.0,260.39979,78,3834.835,-9.874,62.979,72.99,43.596,50.168,4267.385,99.436,99.314,100.936,100.444,666.922,667.824,662.652,667.026,88.117,101.178,3.509,8.136,3.084,0.675,0.314,0.233,2.951,14.199,10.652,21.567,NORMAL,0.0,-1.0,100.0
E001,T1-0000,1871.0,260.40007,79,3834.258,-9.87,62.983,72.992,43.6,50.132,4270.914,99.371,99.484,101.077,100.697,665.858,668.744,660.305,668.578,88.161,101.31,3.512,8.146,3.048,0.662,0.319,0.231,2.971,14.206,10.841,21.574,NORMAL,0.0,-1.0,100.0
E001,T1-0000,1872.0,260.40035,80,3833.683,-9.866,62.988,72.993,43.604,50.13,4271.502,99.604,99.935,101.068,100.841,661.254,668.684,661.987,665.158,88.116,101.264,3.513,8.148,3.059,0.65,0.317,0.227,2.94,14.197,10.838,21.575,NORMAL,0.0,-1.0,100.0
E001,T1-0000,1873.0,260.40063,81,3833.109,-9.862,62.993,72.994,43.608,50.194,4264.125,99.618,100.114,100.539,101.406,661.823,664.114,662.591,667.105,88.088,101.351,3.513,8.13,3.037,0.64,0.314,0.226,2.995,14.209,10.674,21.561,NORMAL,0.0,-1.0,100.0
E001,T1-0000,1874.0,260.4009,82,3832.536,-9.859,62.997,72.995,43.612,50.047,4265.295,99.583,100.028,100.146,101.605,664.666,663.669,662.96,667.911,88.279,101.259,3.503,8.133,3.043,0.634,0.317,0.227,2.938,14.203,10.816,21.563,NORMAL,0.0,-1.0,100.0
E001,T1-0000,1875.0,260.40118,83,3831.965,-9.855,63.002,72.996,43.616,50.091,4270.286,99.609,100.897,100.325,101.621,662.343,663.253,665.338,666.261,88.111,101.269,3.512,8.146,3.042,0.629,0.325,0.225,2.902,14.21,11.02,21.572,NORMAL,0.0,-1.0,100.0
E001,T1-0000,1876.0,260.40146,84,3831.395,-9.851,63.007,72.997,43.62,50.156,4272.998,99.805,101.139,100.336,101.769,662.06,665.931,662.685,663.495,88.072,101.292,3.51,8.154,3.045,0.624,0.325,0.23,2.889,14.191,11.043,21.577,NORMAL,0.0,-1.0,100.0
E001,T1-0000,1877.0,260.40174,85,3830.827,-9.848,63.011,72.997,43.623,50.121,4272.925,99.821,100.93,100.11,101.667,661.647,664.485,664.939,662.835,88.02,101.192,3.514,8.154,3.043,0.62,0.32,0.235,2.953,14.204,10.947,21.577,NORMAL,0.0,-1.0,100.0
E001,T1-0000,1878.0,260.40202,86,3830.26,-9.844,63.016,72.998,43.627,50.118,4276.141,100.175,100.976,100.306,101.952,660.702,663.605,663.454,662.267,88.109,101.215,3.518,8.163,3.049,0.62,0.321,0.234,2.988,14.179,10.834,21.583,NORMAL,0.0,-1.0,100.0
E001,T1-0000,1879.0,260.40229,87,3829.695,-9.84,63.021,72.998,43.631,50.08,4268.363,100.669,100.354,100.469,101.962,661.671,665.562,662.859,664.482,88.141,101.21,3.51,8.144,3.058,0.628,0.318,0.232,2.99,14.181,10.906,21.568,NORMAL,0.0,-1.0,100.0
E001,T1-0000,1880.0,260.40257,88,3829.131,-9.837,63.025,72.999,43.634,50.078,4273.264,100.175,100.349,100.624,102.049,664.459,666.914,661.34,665.14,88.119,101.329,3.513,8.157,3.042,0.629,0.321,0.234,2.98,14.221,10.908,21.577,NORMAL,0.0,-1.0,100.0
E001,T1-0000,1881.0,260.40285,89,3828.568,-9.833,63.03,72.999,43.637,50.153,4277.327,100.717,99.883,100.629,101.021,664.38,668.842,663.963,666.747,88.029,101.187,3.515,8.167,3.046,0.648,0.323,0.231,3.043,14.197,10.809,21.585,NORMAL,0.0,-1.0,100.0
E001,T1-0000,1882.0,260.40313,90,3828.008,-9.829,63.034,73.0,43.641,50.059,4273.774,100.762,100.246,100.851,101.039,666.916,666.782,665.019,666.841,88.137,101.286,3.514,8.159,3.059,0.653,0.317,0.227,3.05,14.197,10.989,21.578,NORMAL,0.0,-1.0,100.0
E001,T1-0000,1883.0,260.4034,91,3827.448,-9.826,63.039,73.0,43.644,50.207,4268.243,100.241,100.408,100.975,100.838,664.827,663.859,665.092,667.599,88.142,101.249,3.517,8.146,3.067,0.646,0.314,0.229,3.038,14.207,11.153,21.567,NORMAL,0.0,-1.0,100.0
E001,T1-0000,1884.0,260.40368,92,3826.891,-9.822,63.044,73.0,43.647,50.133,4270.859,99.978,100.087,100.455,100.678,665.485,663.727,667.324,666.971,88.106,101.323,3.508,8.153,3.06,0.649,0.316,0.228,3.071,14.248,10.894,21.572,NORMAL,0.0,-1.0,100.0
E001,T1-0000,1885.0,260.40396,93,3826.334,-9.818,63.048,73.0,43.651,50.194,4270.307,99.596,100.839,100.513,100.499,665.012,663.915,665.586,667.673,88.012,101.289,3.511,8.152,3.069,0.65,0.314,0.225,3.067,14.202,10.996,21.571,NORMAL,0.0,-1.0,100.0
E001,T1-0000,1886.0,260.40424,94,3825.78,-9.815,63.053,73.0,43.654,50.148,4273.866,99.759,100.154,101.074,100.778,665.96,666.243,665.229,664.568,88.014,101.225,3.517,8.161,3.056,0.658,0.313,0.223,3.061,14.174,10.674,21.578,NORMAL,0.0,-1.0,100.0
E001,T1-0000,1887.0,260.40452,95,3825.227,-9.811,63.057,73.0,43.657,50.153,4274.068,99.244,99.91,100.474,100.523,666.446,665.053,668.952,663.393,88.015,101.32,3.516,8.162,3.056,0.687,0.311,0.221,3.071,14.218,11.013,21.578,NORMAL,0.0,-1.0,100.0
E001,T1-0000,1888.0,260.40479,96,3824.675,-9.808,63.062,73.0,43.66,50.192,4275.352,99.21,99.884,99.794,100.746,666.371,666.585,667.219,662.798,87.86,101.322,3.52,8.166,3.058,0.684,0.308,0.221,3.039,14.202,10.683,21.58,NORMAL,0.0,-1.0,100.0
E001,T1-0000,1889.0,260.40507,97,3824.126,-9.804,63.066,72.999,43.663,50.122,4274.438,99.492,99.77,99.746,100.522,664.269,666.808,666.249,661.468,87.784,101.38,3.515,8.164,3.059,0.668,0.306,0.222,3.019,14.236,11.122,21.579,NORMAL,0.0,-1.0,100.0
E001,T1-0000,1890.0,260.40535,98,3823.578,-9.8,63.071,72.999,43.665,50.141,4276.11,99.608,99.332,100.114,100.711,667.445,668.235,665.617,663.505,87.858,101.3,3.504,8.169,3.058,0.658,0.309,0.221,3.002,14.185,10.951,21.582,NORMAL,0.0,-1.0,100.0
E001,T1-0000,1891.0,260.40563,99,3823.031,-9.797,63.075,72.998,43.668,50.198,4273.599,99.433,99.433,99.808,100.742,667.989,665.552,668.159,661.836,88.064,101.127,3.508,8.163,3.039,0.66,0.314,0.226,3.016,14.195,10.956,21.577,NORMAL,0.0,-1.0,100.0
E001,T1-0000,1892.0,260.4059,100,3822.486,-9.793,63.08,72.998,43.671,50.208,4266.876,98.685,99.292,100.067,100.244,665.909,665.84,666.539,661.333,87.941,101.282,3.505,8.146,3.039,0.646,0.314,0.224,2.988,14.19,11.095,21.564,NORMAL,0.0,-1.0,100.0
E001,T1-0000,1893.0,260.40618,101,3821.943,-9.79,63.084,72.997,43.674,50.185,4269.169,98.366,99.155,99.529,100.146,664.858,666.999,668.296,661.649,88.027,101.2,3.514,8.153,3.052,0.655,0.31,0.222,2.987,14.192,11.206,21.568,NORMAL,0.0,-1.0,100.0
E001,T1-0000,1894.0,260.40646,102,3821.402,-9.786,63.088,72.996,43.676,50.184,4266.35,98.442,98.976,99.059,100.131,663.385,667.709,667.947,661.505,88.006,101.245,3.515,8.146,3.057,0.691,0.325,0.227,3.029,14.16,11.185,21.563,NORMAL,0.0,-1.0,100.0
E001,T1-0000,1895.0,260.40674,103,3820.862,-9.783,63.093,72.996,43.679,50.184,4270.438,98.816,98.415,98.466,100.416,663.438,669.178,665.465,666.272,87.943,101.219,3.51,8.157,3.033,0.669,0.324,0.228,3.019,14.204,11.144,21.57,NORMAL,0.0,-1.0,100.0
E001,T1-0000,1896.0,260.40702,104,3820.324,-9.779,63.097,72.995,43.681,50.173,4277.324,98.676,98.199,98.554,100.835,666.173,667.443,666.365,667.332,87.816,101.174,3.519,8.175,3.041,0.661,0.318,0.226,3.02,14.223,11.288,21.583,NORMAL,0.0,-1.0,100.0
E001,T1-0000,1897.0,260.40729,105,3819.788,-9.776,63.102,72.994,43.684,50.175,4277.741,98.69,97.956,98.802,100.636,664.767,665.584,666.22,668.468,88.004,101.2,3.51,8.176,3.068,0.655,0.315,0.224,3.012,14.2,11.263,21.584,NORMAL,0.0,-1.0,100.0
E001,T1-0000,1898.0,260.40757,106,3819.254,-9.772,63.106,72.993,43.686,50.176,4277.293,98.955,97.791,98.863,100.736,660.735,664.069,668.183,670.007,87.962,101.21,3.515,8.175,3.033,0.643,0.315,0.225,3.0,14.194,11.344,21.583,NORMAL,0.0,-1.0,100.0
E001,T1-0000,1899.0,260.40785,107,3818.721,-9.769,63.11,72.991,43.688,50.209,4276.515,98.602,97.894,99.139,100.596,661.903,662.726,667.8,671.13,87.936,101.214,3.52,8.174,3.05,0.641,0.315,0.223,3.01,14.201,10.859,21.582,NORMAL,0.0,-1.0,100.0
E001,T1-0000,1900.0,260.40813,108,3818.19,-9.765,63.115,72.99,43.69,50.224,4277.93,98.4,97.448,99.289,100.971,663.724,662.112,669.175,668.469,87.826,101.238,3.52,8.178,3.045,0.641,0.316,0.22,3.039,14.213,11.002,21.584,NORMAL,0.0,-1.0,100.0
E001,T1-0000,1901.0,260.4084,109,3817.661,-9.762,63.119,72.989,43.693,50.212,4277.72,98.468,97.709,99.197,100.84,663.091,659.632,666.192,668.599,88.052,101.189,3.515,8.178,3.039,0.664,0.321,0.225,3.008,14.176,11.04,21.584,NORMAL,0.0,-1.0,100.0
E001,T1-0000,1902.0,260.40868,110,3817.134,-9.759,63.123,72.987,43.695,50.246,4274.794,98.779,97.562,99.275,100.522,664.307,662.086,666.747,665.896,87.764,101.261,3.515,8.171,3.064,0.669,0.316,0.226,2.986,14.184,11.077,21.578,NORMAL,0.0,-1.0,100.0
E001,T1-0000,1903.0,260.40896,111,3816.609,-9.755,63.128,72.986,43.697,50.152,4266.015,98.812,97.277,99.525,100.073,666.348,663.863,663.867,666.261,88.02,101.314,3.511,8.149,3.05,0.656,0.313,0.231,2.997,14.237,11.18,21.561,NORMAL,0.0,-1.0,100.0
E001,T1-0000,1904.0,260.40924,112,3816.085,-9.752,63.132,72.984,43.699,50.244,4264.84,98.414,97.822,98.446,100.307,664.521,665.873,667.539,668.043,87.863,101.287,3.513,8.146,3.061,0.648,0.313,0.234,2.958,14.179,10.998,21.559,NORMAL,0.0,-1.0,100.0
E001,T1-0000,1905.0,260.40952,113,3815.563,-9.748,63.136,72.983,43.701,50.129,4265.591,98.141,97.846,98.797,100.584,665.747,662.343,666.961,667.59,88.001,101.195,3.508,8.148,3.068,0.649,0.311,0.231,2.987,14.206,11.14,21.56,NORMAL,0.0,-1.0,100.0
E001,T1-0000,1906.0,260.40979,114,3815.044,-9.745,63.141,72.981,43.702,50.185,4270.558,98.241,97.4,98.834,100.618,665.74,660.818,667.154,665.933,87.858,101.269,3.51,8.161,3.048,0.655,0.315,0.228,2.968,14.219,11.386,21.57,NORMAL,0.0,-1.0,100.0
E001,T1-0000,1907.0,260.41007,115,3814.526,-9.742,63.145,72.979,43.704,50.202,4265.378,98.195,97.626,99.218,99.787,664.546,661.555,662.231,662.344,87.899,101.23,3.517,8.149,3.05,0.651,0.315,0.231,2.983,14.198,11.289,21.56,NORMAL,0.0,-1.0,100.0
E001,T1-0000,1908.0,260.41035,116,3814.01,-9.738,63.149,72.977,43.706,50.24,4273.671,97.931,98.035,98.925,99.642,664.218,663.908,660.784,665.387,87.853,101.206,3.522,8.17,3.055,0.641,0.311,0.23,2.96,14.153,11.205,21.576,NORMAL,0.0,-1.0,100.0
E001,T1-0000,1909.0,260.41063,117,3813.496,-9.735,63.153,72.975,43.707,50.19,4278.061,97.681,98.515,99.089,99.18,662.157,662.588,661.633,664.987,88.053,101.154,3.514,8.181,3.038,0.651,0.308,0.227,2.948,14.204,11.346,21.584,NORMAL,0.0,-1.0,100.0
E001,T1-0000,1910.0,260.4109,118,3812.984,-9.732,63.157,72.973,43.709,50.27,4276.639,97.984,97.94,98.989,99.164,663.061,664.574,660.959,663.227,88.028,101.189,3.517,8.178,3.043,0.641,0.306,0.225,2.976,14.222,11.379,21.581,NORMAL,0.0,-1.0,100.0
E001,T1-0000,1911.0,260.41118,119,3812.474,-9.728,63.162,72.971,43.71,50.176,4274.77,97.435,97.358,99.095,99.478,664.685,665.094,662.308,658.763,88.131,101.279,3.518,8.173,3.073,0.641,0.306,0.229,2.977,14.228,11.538,21.577,NORMAL,0.0,-1.0,100.0
E001,T1-0000,1912.0,260.41146,120,3811.965,-9.725,63.166,72.968,43.712,50.207,4276.543,97.799,97.209,99.227,99.398,664.122,665.052,662.82,657.637,88.091,101.196,3.519,8.178,3.044,0.638,0.313,0.231,2.959,14.229,11.494,21.581,NORMAL,0.0,-1.0,100.0
E001,T1-0000,1913.0,260.41174,121,3811.459,-9.722,63.17,72.966,43.713,50.247,4271.616,98.264,97.277,99.395,100.042,666.611,666.44,662.846,660.776,87.941,101.186,3.513,8.166,3.076,0.648,0.317,0.229,2.919,14.18,11.383,21.571,NORMAL,0.0,-1.0,100.0
E001,T1-0000,1914.0,260.41202,122,3810.955,-9.718,63.174,72.963,43.714,50.21,4271.398,98.757,97.152,99.448,99.99,664.97,666.298,661.963,663.277,87.913,101.242,3.514,8.166,3.063,0.663,0.314,0.225,2.929,14.19,11.367,21.571,NORMAL,0.0,-1.0,100.0
E001,T1-0000,1915.0,260.41229,123,3810.453,-9.715,63.178,72.961,43.716,50.202,4274.199,98.343,97.833,99.905,99.977,664.508,666.42,660.885,663.523,87.862,101.242,3.516,8.173,3.045,0.667,0.31,0.226,2.993,14.183,11.453,21.576,NORMAL,0.0,-1.0,100.0
E001,T1-0000,1916.0,260.41257,124,3809.953,-9.712,63.182,72.958,43.717,50.216,4274.893,97.891,98.542,99.096,99.813,664.677,665.305,660.756,665.639,87.827,101.26,3.511,8.175,3.055,0.67,0.314,0.225,3.002,14.192,11.428,21.577,NORMAL,0.0,-1.0,100.0
E001,T1-0000,1917.0,260.41285,125,3809.454,-9.709,63.186,72.955,43.718,50.272,4281.904,97.78,98.692,99.402,99.838,664.059,665.986,661.719,664.966,87.981,101.185,3.519,8.193,3.054,0.661,0.311,0.226,3.027,14.218,11.439,21.591,NORMAL,0.0,-1.0,100.0
E001,T1-0000,1918.0,260.41313,126,3808.958,-9.705,63.19,72.953,43.719,50.243,4283.852,97.985,99.157,98.873,99.952,665.177,665.225,663.555,663.442,87.921,101.155,3.521,8.198,3.028,0.649,0.31,0.224,3.025,14.172,11.483,21.594,NORMAL,0.0,-1.0,100.0
E001,T1-0000,1919.0,260.4134,127,3808.464,-9.702,63.194,72.95,43.72,50.262,4284.385,97.764,98.898,99.227,100.113,665.487,665.651,662.746,665.561,87.958,101.165,3.518,8.199,3.032,0.646,0.317,0.222,2.985,14.204,11.607,21.595,NORMAL,0.0,-1.0,100.0
E001,T1-0000,1920.0,260.41368,128,3807.972,-9.699,63.198,72.947,43.721,50.193,4280.009,97.562,98.787,99.609,99.678,664.044,666.943,663.649,664.722,88.064,101.258,3.521,8.188,3.067,0.649,0.32,0.224,2.99,14.205,11.285,21.587,NORMAL,0.0,-1.0,100.0
E001,T1-0000,1921.0,260.41396,129,3807.482,-9.696,63.202,72.944,43.722,50.319,4280.407,97.25,99.352,99.926,99.92,662.781,665.228,664.395,665.51,88.057,101.224,3.519,8.19,3.043,0.653,0.323,0.229,3.003,14.181,11.424,21.588,NORMAL,0.0,-1.0,100.0
E001,T1-0000,1922.0,260.41424,130,3806.995,-9.693,63.206,72.941,43.722,50.218,4279.446,97.489,98.753,100.187,100.271,661.606,663.69,664.205,665.643,88.025,101.244,3.517,8.187,3.067,0.648,0.322,0.227,2.989,14.214,11.207,21.586,NORMAL,0.0,-1.0,100.0
E001,T1-0000,1923.0,260.41452,131,3806.509,-9.69,63.21,72.937,43.723,50.299,4279.34,97.903,98.964,100.692,100.114,661.94,663.718,663.162,665.919,88.146,101.209,3.514,8.187,3.053,0.64,0.318,0.227,2.977,14.212,11.361,21.586,NORMAL,0.0,-1.0,100.0
E001,T1-0000,1924.0,260.41479,132,3806.026,-9.686,63.214,72.934,43.724,50.187,4280.556,97.472,99.332,100.436,100.152,660.875,665.294,665.073,663.044,88.173,101.16,3.522,8.19,3.053,0.638,0.324,0.227,3.028,14.186,11.392,21.588,NORMAL,0.0,-1.0,100.0
E001,T1-0000,1925.0,260.41507,133,3805.544,-9.683,63.218,72.931,43.724,50.19,4285.169,97.507,99.344,100.32,99.996,659.977,665.406,664.072,665.863,88.219,101.137,3.518,8.202,3.063,0.663,0.322,0.227,3.037,14.193,11.464,21.597,NORMAL,0.0,-1.0,100.0
E001,T1-0000,1926.0,260.41535,134,3805.065,-9.68,63.222,72.927,43.725,50.217,4282.373,96.801,99.154,99.903,100.298,662.702,664.251,665.388,662.76,88.321,101.245,3.515,8.195,3.037,0.68,0.32,0.227,2.955,14.229,11.493,21.591,NORMAL,0.0,-1.0,100.0
E001,T1-0000,1927.0,260.41563,135,3804.588,-9.677,63.226,72.923,43.725,50.287,4280.407,96.871,99.313,99.783,100.668,662.984,665.93,664.561,661.275,88.238,101.323,3.517,8.19,3.052,0.666,0.314,0.231,2.961,14.216,11.479,21.588,NORMAL,0.0,-1.0,100.0
E001,T1-0000,1928.0,260.4159,136,3804.113,-9.674,63.23,72.92,43.726,50.232,4275.834,97.386,100.19,99.772,100.549,662.512,665.05,664.678,661.065,88.242,101.269,3.515,8.178,3.037,0.654,0.323,0.23,2.997,14.189,11.333,21.579,NORMAL,0.0,-1.0,100.0
E001,T1-0000,1929.0,260.41618,137,3803.641,-9.671,63.234,72.916,43.726,50.289,4270.521,96.985,100.124,99.565,100.874,662.96,664.923,663.745,663.825,88.109,101.255,3.509,8.165,3.041,0.656,0.316,0.227,3.029,14.204,11.623,21.569,NORMAL,0.0,-1.0,100.0
E001,T1-0000,1930.0,260.41646,138,3803.17,-9.668,63.238,72.912,43.726,50.282,4273.415,96.729,100.476,99.542,100.842,664.774,663.203,665.148,661.265,88.055,101.286,3.51,8.173,3.047,0.664,0.317,0.232,3.061,14.203,11.82,21.574,NORMAL,0.0,-1.0,100.0
E001,T1-0000,1931.0,260.41674,139,3802.702,-9.665,63.242,72.908,43.726,50.18,4275.611,97.251,100.527,99.283,100.693,663.565,665.5,665.998,662.961,88.131,101.368,3.511,8.179,3.049,0.651,0.327,0.231,3.011,14.197,11.772,21.578,NORMAL,0.0,-1.0,100.0
E001,T1-0000,1932.0,260.41702,140,3802.236,-9.662,63.245,72.904,43.726,50.289,4275.724,96.827,100.68,99.563,100.205,662.741,664.324,666.104,661.095,88.075,101.221,3.509,8.179,3.075,0.654,0.334,0.231,2.985,14.225,11.204,21.579,NORMAL,0.0,-1.0,100.0
E001,T1-0000,1933.0,260.41729,141,3801.772,-9.659,63.249,72.9,43.726,50.248,4278.934,97.04,100.94,100.017,100.01,662.763,664.309,664.327,662.322,88.179,101.178,3.516,8.187,3.054,0.648,0.329,0.228,3.009,14.192,11.774,21.585,NORMAL,0.0,-1.0,100.0
E001,T1-0000,1934.0,260.41757,142,3801.311,-9.656,63.253,72.896,43.726,50.223,4279.547,96.794,100.956,100.235,100.45,662.008,665.315,663.745,664.907,88.107,101.237,3.514,8.189,3.057,0.651,0.323,0.226,3.012,14.203,11.534,21.586,NORMAL,0.0,-1.0,100.0
E001,T1-0000,1935.0,260.41785,143,3800.852,-9.653,63.257,72.892,43.726,50.302,4277.5,96.376,100.74,100.039,100.289,664.961,668.964,662.729,664.166,88.174,101.249,3.517,8.184,3.044,0.647,0.319,0.223,2.993,14.187,11.837,21.582,NORMAL,0.0,-1.0,100.0
E001,T1-0000,1936.0,260.41813,144,3800.395,-9.65,63.261,72.887,43.726,50.269,4274.571,96.247,100.451,100.095,100.209,665.353,667.465,662.974,661.907,88.22,101.131,3.516,8.176,3.052,0.659,0.316,0.229,3.005,14.201,11.754,21.577,NORMAL,0.0,-1.0,100.0
E001,T1-0000,1937.0,260.4184,145,3799.94,-9.647,63.264,72.883,43.726,50.232,4273.188,96.295,99.667,100.02,100.272,669.271,667.471,663.764,663.618,88.31,101.33,3.514,8.173,3.044,0.669,0.311,0.226,2.981,14.216,11.809,21.574,NORMAL,0.0,-1.0,100.0
E001,T1-0000,1938.0,260.41868,146,3799.488,-9.644,63.268,72.878,43.725,50.212,4268.82,96.601,99.638,100.613,99.817,669.805,664.894,665.784,662.954,88.224,101.26,3.51,8.162,3.039,0.668,0.312,0.229,3.011,14.196,11.77,21.566,NORMAL,0.0,-1.0,100.0
E001,T1-0000,1939.0,260.41896,147,3799.038,-9.641,63.272,72.874,43.725,50.293,4272.574,97.018,99.916,101.13,99.088,665.956,665.374,664.948,662.761,88.066,101.222,3.516,8.172,3.085,0.656,0.315,0.23,2.99,14.215,11.501,21.573,NORMAL,0.0,-1.0,100.0
E001,T1-0000,1940.0,260.41924,148,3798.59,-9.638,63.275,72.869,43.725,50.312,4272.831,96.913,100.134,101.288,99.219,665.222,663.495,664.466,665.105,88.065,101.379,3.514,8.173,3.045,0.655,0.315,0.231,2.955,14.215,11.721,21.573,NORMAL,0.0,-1.0,100.0
E001,T1-0000,1941.0,260.41952,149,3798.145,-9.635,63.279,72.864,43.724,50.339,4277.278,97.768,100.288,101.678,99.167,665.206,662.868,665.707,666.705,88.057,101.193,3.521,8.184,3.062,0.663,0.315,0.231,2.923,14.225,11.737,21.582,NORMAL,0.0,-1.0,100.0
E001,T1-0000,1942.0,260.41979,150,3797.702,-9.632,63.283,72.859,43.723,50.157,4276.943,97.639,100.232,101.976,99.731,663.526,658.478,661.599,665.409,88.072,101.37,3.51,8.183,3.06,0.65,0.318,0.229,2.937,14.191,11.916,21.581,NORMAL,0.0,-1.0,100.0
E001,T1-0000,1943.0,260.42007,151,3797.262,-9.629,63.286,72.854,43.723,50.279,4279.661,97.563,99.816,102.038,99.934,665.49,657.388,660.438,664.413,87.878,101.292,3.512,8.19,3.063,0.661,0.314,0.225,2.918,14.19,11.746,21.586,NORMAL,0.0,-1.0,100.0
E001,T1-0000,1944.0,260.42035,152,3796.823,-9.627,63.29,72.849,43.722,50.259,4272.64,97.486,99.793,102.066,100.112,664.615,660.055,662.797,666.857,88.011,101.169,3.505,8.173,3.079,0.661,0.315,0.226,2.91,14.193,11.631,21.573,NORMAL,0.0,-1.0,100.0
E001,T1-0000,1945.0,260.42063,153,3796.388,-9.624,63.293,72.844,43.721,50.282,4275.871,97.317,99.294,102.454,100.318,663.781,661.542,661.932,665.522,87.955,101.261,3.516,8.181,3.06,0.691,0.316,0.224,2.912,14.21,11.674,21.579,NORMAL,0.0,-1.0,100.0
E001,T1-0000,1946.0,260.4209,154,3795.954,-9.621,63.297,72.839,43.72,50.42,4269.78,97.335,99.518,102.412,100.562,663.214,663.111,661.668,663.552,88.037,101.328,3.51,8.165,3.05,0.685,0.325,0.225,2.972,14.207,11.566,21.568,NORMAL,0.0,-1.0,100.0
E001,T1-0000,1947.0,260.42118,155,3795.523,-9.618,63.301,72.834,43.72,50.382,4269.549,97.209,99.3,102.057,101.23,663.555,662.81,662.148,661.595,87.928,101.32,3.511,8.165,3.048,0.705,0.32,0.229,2.974,14.173,12.035,21.567,NORMAL,0.0,-1.0,100.0
E001,T1-0000,1948.0,260.42146,156,3795.095,-9.615,63.304,72.828,43.719,50.241,4275.943,97.982,98.925,102.107,101.463,660.683,660.363,659.924,663.422,87.846,101.318,3.519,8.181,3.033,0.698,0.328,0.227,2.975,14.205,11.636,21.579,NORMAL,0.0,-1.0,100.0
E001,T1-0000,1949.0,260.42174,157,3794.669,-9.613,63.308,72.823,43.718,50.25,4275.402,98.553,98.681,102.039,101.418,662.841,663.606,657.281,665.7,87.932,101.292,3.514,8.18,3.063,0.68,0.32,0.226,2.989,14.18,11.934,21.578,NORMAL,0.0,-1.0,100.0
E001,T1-0000,1950.0,260.42202,158,3794.245,-9.61,63.311,72.817,43.716,50.319,4268.94,99.272,98.144,102.266,101.175,663.659,663.858,660.031,666.807,88.019,101.247,3.512,8.163,3.051,0.682,0.318,0.228,3.021,14.165,11.784,21.566,NORMAL,0.0,-1.0,100.0
E001,T1-0000,1951.0,260.42229,159,3793.824,-9.607,63.315,72.812,43.715,50.224,4267.599,99.884,97.069,102.256,101.046,664.598,661.529,663.754,666.723,87.951,101.33,3.503,8.16,3.037,0.671,0.316,0.227,3.041,14.21,11.798,21.564,NORMAL,0.0,-1.0,100.0
E001,T1-0000,1952.0,260.42257,160,3793.406,-9.604,63.318,72.806,43.714,50.217,4272.561,98.737,96.94,102.424,101.082,665.473,664.029,663.667,663.739,87.895,101.345,3.507,8.172,3.061,0.656,0.315,0.226,2.989,14.188,11.795,21.573,NORMAL,0.0,-1.0,100.0
E001,T1-0000,1953.0,260.42285,161,3792.99,-9.602,63.321,72.8,43.713,50.249,4273.378,98.889,97.032,101.706,101.376,661.034,662.21,663.114,662.803,87.786,101.311,3.515,8.174,3.053,0.674,0.313,0.229,2.943,14.224,12.006,21.575,NORMAL,0.0,-1.0,100.0
E001,T1-0000,1954.0,260.42313,162,3792.576,-9.599,63.325,72.795,43.711,50.219,4268.946,98.438,96.726,101.611,100.885,663.794,660.627,663.728,658.773,87.905,101.288,3.511,8.163,3.042,0.658,0.313,0.229,2.888,14.228,11.674,21.566,NORMAL,0.0,-1.0,100.0
E001,T1-0000,1955.0,260.4234,163,3792.165,-9.596,63.328,72.789,43.71,50.299,4266.67,98.84,97.126,101.301,100.42,662.877,661.552,665.543,661.064,87.766,101.218,3.508,8.158,3.053,0.649,0.317,0.23,2.905,14.209,11.782,21.562,NORMAL,0.0,-1.0,100.0
E001,T1-0000,1956.0,260.42368,164,3791.756,-9.594,63.331,72.783,43.708,50.211,4267.435,99.279,97.234,101.236,100.268,662.707,665.144,664.916,664.156,87.926,101.209,3.507,8.159,3.047,0.648,0.313,0.227,2.983,14.207,11.957,21.564,NORMAL,0.0,-1.0,100.0
E001,T1-0000,1957.0,260.42396,165,3791.35,-9.591,63.335,72.776,43.707,50.235,4277.211,98.726,97.492,100.511,100.411,666.346,665.947,668.431,663.768,87.925,101.236,3.513,8.184,3.062,0.654,0.315,0.231,3.021,14.203,11.919,21.582,NORMAL,0.0,-1.0,100.0
E001,T1-0000,1958.0,260.42424,166,3790.947,-9.588,63.338,72.77,43.705,50.274,4275.326,98.668,97.905,99.235,100.52,666.741,667.446,667.598,666.092,87.949,101.304,3.52,8.179,3.054,0.657,0.314,0.228,3.053,14.209,12.142,21.579,NORMAL,0.0,-1.0,100.0
E001,T1-0000,1959.0,260.42452,167,3790.546,-9.586,63.341,72.764,43.703,50.208,4273.679,99.375,98.188,98.951,100.284,666.215,666.349,665.687,666.494,87.668,101.151,3.507,8.175,3.048,0.669,0.311,0.227,3.083,14.208,11.819,21.576,NORMAL,0.0,-1.0,100.0
E001,T1-0000,1960.0,260.42479,168,3790.148,-9.583,63.345,72.758,43.701,50.312,4277.9,99.638,97.895,98.821,101.058,661.783,664.92,664.201,665.769,87.684,101.19,3.519,8.185,3.036,0.68,0.309,0.228,3.075,14.216,12.09,21.584,NORMAL,0.0,-1.0,100.0
E001,T1-0000,1961.0,260.42507,169,3789.752,-9.581,63.348,72.751,43.7,50.34,4278.743,98.89,97.77,99.59,100.183,663.003,666.128,665.881,666.753,87.744,101.228,3.513,8.187,3.062,0.668,0.308,0.235,3.068,14.211,11.946,21.585,NORMAL,0.0,-1.0,100.0
E001,T1-0000,1962.0,260.42535,170,3789.359,-9.578,63.351,72.745,43.698,50.261,4278.171,98.629,97.272,99.428,100.43,663.768,665.272,664.775,666.017,87.673,101.286,3.516,8.186,3.051,0.672,0.306,0.235,3.035,14.19,12.163,21.584,NORMAL,0.0,-1.0,100.0
E001,T1-0000,1963.0,260.42563,171,3788.968,-9.576,63.354,72.738,43.696,50.225,4269.956,99.013,97.495,98.861,100.735,663.144,664.586,667.218,668.65,87.785,101.186,3.514,8.165,3.051,0.679,0.312,0.234,3.06,14.242,11.958,21.569,NORMAL,0.0,-1.0,100.0
E001,T1-0000,1964.0,260.4259,172,3788.58,-9.573,63.358,72.731,43.694,50.299,4270.883,98.926,97.519,98.908,101.275,661.091,663.549,665.895,666.408,87.656,101.249,3.515,8.167,3.062,0.673,0.312,0.236,2.968,14.199,12.087,21.571,NORMAL,0.0,-1.0,100.0
E001,T1-0000,1965.0,260.42618,173,3788.195,-9.57,63.361,72.724,43.691,50.247,4271.736,98.634,97.618,99.27,101.059,661.418,663.744,666.511,666.649,87.807,101.168,3.509,8.169,3.049,0.675,0.311,0.239,2.938,14.204,12.166,21.572,NORMAL,0.0,-1.0,100.0
E001,T1-0000,1966.0,260.42646,174,3787.813,-9.568,63.364,72.718,43.689,50.29,4272.669,98.583,97.255,99.309,100.344,663.504,662.736,665.823,665.244,87.834,101.184,3.512,8.171,3.044,0.66,0.31,0.243,2.963,14.198,11.779,21.574,NORMAL,0.0,-1.0,100.0
E001,T1-0000,1967.0,260.42674,175,3787.433,-9.566,63.367,72.711,43.687,50.373,4269.617,98.428,97.471,99.237,100.385,662.247,659.809,665.801,665.627,87.907,101.244,3.517,8.163,3.048,0.646,0.314,0.239,2.984,14.222,12.23,21.569,NORMAL,0.0,-1.0,100.0
E001,T1-0000,1968.0,260.42702,176,3787.055,-9.563,63.37,72.704,43.685,50.349,4264.972,98.39,98.069,100.047,100.109,662.309,662.396,665.026,666.489,87.737,101.226,3.504,8.152,3.071,0.673,0.318,0.234,2.912,14.205,12.211,21.56,NORMAL,0.0,-1.0,100.0
E001,T1-0000,1969.0,260.42729,177,3786.681,-9.561,63.373,72.697,43.682,50.308,4267.057,99.15,98.256,99.839,100.279,664.062,663.878,667.12,665.879,87.883,101.134,3.512,8.156,3.057,0.665,0.318,0.231,2.946,14.206,11.955,21.564,NORMAL,0.0,-1.0,100.0
E001,T1-0000,1970.0,260.42757,178,3786.309,-9.558,63.376,72.689,43.68,50.181,4270.897,99.138,98.35,99.705,100.243,666.174,666.835,667.201,670.231,88.052,101.122,3.514,8.166,3.04,0.676,0.315,0.233,2.96,14.186,12.195,21.571,NORMAL,0.0,-1.0,100.0
E001,T1-0000,1971.0,260.42785,179,3785.939,-9.556,63.379,72.682,43.677,50.321,4269.532,99.084,98.527,99.222,100.339,667.821,665.915,668.4,669.097,87.862,101.124,3.508,8.162,3.072,0.672,0.32,0.23,2.98,14.196,12.096,21.569,NORMAL,0.0,-1.0,100.0
E001,T1-0000,1972.0,260.42813,180,3785.573,-9.553,63.382,72.675,43.675,50.232,4272.388,99.178,98.478,99.311,100.665,668.29,664.928,668.637,667.717,87.996,101.178,3.51,8.169,3.057,0.68,0.321,0.23,2.984,14.171,12.285,21.574,NORMAL,0.0,-1.0,100.0
E001,T1-0000,1973.0,260.4284,181,3785.209,-9.551,63.385,72.667,43.672,50.292,4270.147,99.689,98.37,99.643,100.831,666.251,664.556,667.781,669.256,88.012,101.098,3.518,8.163,3.069,0.679,0.322,0.229,2.992,14.193,12.012,21.57,NORMAL,0.0,-1.0,100.0
E001,T1-0000,1974.0,260.42868,182,3784.848,-9.549,63.388,72.66,43.669,50.184,4271.201,99.813,98.445,100.29,101.221,667.814,665.872,669.488,667.921,88.014,101.203,3.517,8.165,3.062,0.692,0.318,0.227,2.987,14.179,12.221,21.572,NORMAL,0.0,-1.0,100.0
E001,T1-0000,1975.0,260.42896,183,3784.489,-9.546,63.391,72.652,43.666,50.228,4274.512,100.169,98.432,100.333,101.216,667.734,666.631,668.034,668.725,88.289,101.16,3.517,8.173,3.052,0.694,0.318,0.231,2.98,14.2,11.94,21.579,NORMAL,0.0,-1.0,100.0
E001,T1-0000,1976.0,260.42924,184,3784.134,-9.544,63.394,72.645,43.664,50.21,4274.509,99.751,98.722,100.032,101.638,668.691,666.022,667.725,670.522,88.147,101.215,3.517,8.173,3.047,0.672,0.314,0.229,2.966,14.2,12.183,21.579,NORMAL,0.0,-1.0,100.0
E001,T1-0000,1977.0,260.42952,185,3783.781,-9.542,63.397,72.637,43.661,50.375,4275.712,100.386,99.12,100.044,102.011,666.036,664.958,665.139,671.368,88.08,101.253,3.512,8.175,3.052,0.714,0.31,0.23,2.993,14.204,12.155,21.581,NORMAL,0.0,-1.0,100.0
E001,T1-0000,1978.0,260.42979,186,3783.43,-9.54,63.4,72.629,43.658,50.239,4271.041,100.468,98.699,100.106,102.058,662.541,664.12,667.572,671.79,88.267,101.225,3.515,8.163,3.037,0.709,0.315,0.227,3.022,14.2,12.308,21.572,NORMAL,0.0,-1.0,100.0
E001,T1-0000,1979.0,260.43007,187,3783.083,-9.537,63.403,72.621,43.654,50.256,4265.408,99.812,98.512,100.097,102.053,662.21,662.387,666.863,670.209,88.146,101.241,3.519,8.149,3.045,0.702,0.311,0.228,3.02,14.173,12.47,21.562,NORMAL,0.0,-1.0,100.0
E001,T1-0000,1980.0,260.43035,188,3782.738,-9.535,63.406,72.613,43.651,50.336,4262.128,99.225,98.715,100.407,101.94,663.806,665.416,663.822,669.285,88.082,101.229,3.504,8.14,3.043,0.698,0.31,0.228,2.99,14.205,12.25,21.556,NORMAL,0.0,-1.0,100.0
E001,T1-0000,1981.0,260.43063,189,3782.397,-9.533,63.408,72.605,43.648,50.309,4267.639,99.384,98.485,100.904,102.106,665.524,664.981,664.415,666.875,88.31,101.216,3.511,8.154,3.063,0.712,0.315,0.224,2.99,14.207,12.329,21.566,NORMAL,0.0,-1.0,100.0
E001,T1-0000,1982.0,260.4309,190,3782.058,-9.531,63.411,72.597,43.645,50.173,4264.683,99.521,98.595,101.603,101.952,667.201,666.257,662.5,665.543,88.155,101.15,3.52,8.146,3.042,0.688,0.314,0.228,2.964,14.235,12.211,21.561,NORMAL,0.0,-1.0,100.0
E001,T1-0000,1983.0,260.43118,191,3781.721,-9.528,63.414,72.589,43.642,50.257,4267.301,99.401,97.964,101.8,101.762,667.23,666.157,663.25,664.505,88.117,101.21,3.512,8.153,3.075,0.67,0.31,0.231,2.961,14.224,12.3,21.566,NORMAL,0.0,-1.0,100.0
E001,T1-0000,1984.0,260.43146,192,3781.388,-9.526,63.417,72.58,43.638,50.228,4265.516,99.626,97.878,102.365,101.298,668.93,666.343,666.178,664.517,88.13,101.228,3.517,8.148,3.046,0.658,0.31,0.232,2.969,14.217,12.403,21.562,NORMAL,0.0,-1.0,100.0
E001,T1-0000,1985.0,260.43174,193,3781.057,-9.524,63.419,72.572,43.635,50.182,4264.694,99.439,97.834,102.579,101.392,667.211,668.347,667.052,666.051,88.126,101.201,3.512,8.145,3.061,0.652,0.307,0.233,3.011,14.202,12.306,21.561,NORMAL,0.0,-1.0,100.0
E001,T1-0000,1986.0,260.43202,194,3780.73,-9.522,63.422,72.563,43.631,50.278,4264.718,99.597,97.615,101.929,101.432,666.951,668.72,665.604,663.025,88.197,101.199,3.513,8.145,3.039,0.643,0.309,0.23,3.046,14.198,12.388,21.561,NORMAL,0.0,-1.0,100.0
E001,T1-0000,1987.0,260.43229,195,3780.405,-9.52,63.425,72.555,43.627,50.157,4262.704,100.236,97.713,102.226,101.463,667.479,667.956,666.242,663.011,88.249,101.187,3.511,8.139,3.055,0.636,0.308,0.229,3.042,14.195,12.426,21.557,NORMAL,0.0,-1.0,100.0
E001,T1-0000,1988.0,260.43257,196,3780.083,-9.518,63.427,72.546,43.624,50.269,4263.726,100.044,97.495,102.181,101.477,667.012,670.744,669.426,663.072,88.169,101.222,3.509,8.141,3.055,0.631,0.309,0.226,3.033,14.158,12.214,21.56,NORMAL,0.0,-1.0,100.0
E001,T1-0000,1989.0,260.43285,197,3779.764,-9.516,63.43,72.537,43.62,50.244,4269.59,100.11,96.642,102.556,101.679,665.231,670.18,668.67,662.925,88.217,101.233,3.518,8.156,3.026,0.636,0.313,0.225,3.012,14.171,12.606,21.571,NORMAL,0.0,-1.0,100.0
E001,T1-0000,1990.0,260.43313,198,3779.447,-9.514,63.433,72.529,43.616,50.216,4267.543,100.096,96.66,102.305,101.704,665.36,667.494,667.859,660.292,88.312,101.222,3.516,8.15,3.043,0.642,0.31,0.224,3.02,14.222,12.346,21.567,NORMAL,0.0,-1.0,100.0
E001,T1-0000,1991.0,260.4334,199,3779.134,-9.512,63.435,72.52,43.612,50.265,4267.331,100.373,96.801,102.385,101.072,662.686,669.631,669.568,662.689,88.122,101.295,3.514,8.149,3.049,0.658,0.306,0.223,3.032,14.208,12.317,21.567,NORMAL,0.0,-1.0,100.0
E001,T1-0000,1992.0,260.43368,200,3778.823,-9.51,63.438,72.511,43.608,50.263,4266.738,100.545,96.751,102.164,101.209,666.256,668.929,667.527,661.699,88.162,101.255,3.515,8.148,3.051,0.644,0.309,0.222,3.022,14.175,12.361,21.566,NORMAL,0.0,-1.0,100.0
E001,T1-0000,1993.0,260.43396,201,3778.516,-9.508,63.44,72.502,43.604,50.21,4270.014,100.352,96.871,101.788,101.628,667.01,668.336,665.622,663.357,88.244,101.244,3.511,8.156,3.06,0.662,0.308,0.224,3.055,14.212,12.563,21.572,NORMAL,0.0,-1.0,100.0
E001,T1-0000,1994.0,260.43424,202,3778.211,-9.506,63.443,72.493,43.6,50.24,4267.14,100.269,97.441,102.052,101.654,668.301,667.759,665.747,666.045,88.032,101.202,3.509,8.148,3.06,0.66,0.306,0.225,2.974,14.212,12.501,21.567,NORMAL,0.0,-1.0,100.0
E001,T1-0000,1995.0,260.43452,203,3777.909,-9.504,63.445,72.484,43.596,50.232,4266.259,100.015,97.649,101.85,101.635,666.775,664.719,662.511,664.34,88.296,101.288,3.51,8.145,3.039,0.664,0.307,0.225,3.035,14.183,12.336,21.565,NORMAL,0.0,-1.0,100.0
E001,T1-0000,1996.0,260.43479,204,3777.61,-9.502,63.448,72.474,43.592,50.29,4264.025,100.351,96.997,101.761,101.613,665.618,664.782,660.649,665.551,88.31,101.328,3.509,8.139,3.054,0.669,0.311,0.225,3.0,14.24,12.329,21.561,NORMAL,0.0,-1.0,100.0
E001,T1-0000,1997.0,260.43507,205,3777.314,-9.5,63.45,72.465,43.588,50.284,4263.22,100.324,96.566,101.988,101.199,665.894,665.002,663.066,664.794,88.277,101.249,3.51,8.137,3.057,0.665,0.319,0.225,3.014,14.185,12.492,21.56,NORMAL,0.0,-1.0,100.0
E001,T1-0000,1998.0,260.43535,206,3777.021,-9.498,63.453,72.456,43.583,50.164,4266.182,100.443,96.507,101.375,101.289,662.461,664.334,664.202,664.426,88.322,101.243,3.512,8.144,3.041,0.658,0.317,0.222,3.048,14.182,12.829,21.566,NORMAL,0.0,-1.0,100.0
E001,T1-0000,1999.0,260.43563,207,3776.731,-9.496,63.455,72.446,43.579,50.241,4260.164,100.428,97.107,101.658,101.435,659.239,665.425,663.37,665.372,88.206,101.253,3.519,8.128,3.072,0.655,0.312,0.222,3.03,14.221,12.418,21.554,NORMAL,0.0,-1.0,100.0
E001,T1-0000,2000.0,260.4359,208,3776.444,-9.494,63.457,72.436,43.574,50.299,4263.287,100.644,97.436,101.338,100.994,662.019,665.738,662.578,667.23,88.231,101.276,3.513,8.135,3.056,0.651,0.309,0.22,3.017,14.217,12.347,21.56,NORMAL,0.0,-1.0,100.0
E001,T1-0000,2001.0,260.43618,209,3776.16,-9.492,63.46,72.427,43.57,50.323,4262.428,100.979,97.729,101.394,101.298,661.983,664.136,664.844,665.221,88.323,101.292,3.51,8.133,3.057,0.647,0.317,0.229,3.085,14.188,12.696,21.559,NORMAL,0.0,-1.0,100.0
E001,T1-0000,2002.0,260.43646,210,3775.879,-9.49,63.462,72.417,43.565,50.245,4261.067,101.062,97.6,102.172,101.332,660.893,663.227,665.536,663.817,88.413,101.242,3.502,8.128,3.053,0.648,0.32,0.227,3.113,14.227,12.486,21.557,NORMAL,0.0,-1.0,100.0
E001,T1-0000,2003.0,260.43674,211,3775.601,-9.489,63.464,72.407,43.561,50.265,4263.266,100.987,97.498,101.952,101.163,663.217,662.603,663.86,665.681,88.388,101.263,3.508,8.134,3.049,0.675,0.322,0.229,3.072,14.173,12.214,21.561,NORMAL,0.0,-1.0,100.0
E001,T1-0000,2004.0,260.43702,212,3775.326,-9.487,63.467,72.397,43.556,50.219,4262.369,100.806,97.764,101.509,101.844,664.541,661.979,663.615,662.768,88.19,101.292,3.511,8.131,3.049,0.661,0.322,0.23,3.077,14.206,12.504,21.559,NORMAL,0.0,-1.0,100.0
E001,T1-0000,2005.0,260.43729,213,3775.053,-9.485,63.469,72.387,43.551,50.2,4262.447,100.497,97.787,101.237,101.201,663.619,662.382,665.14,663.014,88.259,101.235,3.514,8.131,3.051,0.668,0.317,0.228,3.081,14.208,12.556,21.56,NORMAL,0.0,-1.0,100.0
E001,T1-0000,2006.0,260.43757,214,3774.784,-9.483,63.471,72.377,43.546,50.283,4257.778,100.907,97.834,100.887,101.56,667.445,664.287,667.029,664.914,88.195,101.318,3.505,8.119,3.021,0.652,0.32,0.229,3.069,14.198,12.688,21.551,NORMAL,0.0,-1.0,100.0
E001,T1-0000,2007.0,260.43785,215,3774.518,-9.482,63.473,72.367,43.541,50.258,4259.043,100.537,97.664,100.692,101.146,665.053,664.309,668.895,663.243,88.173,101.207,3.512,8.121,3.053,0.666,0.315,0.227,3.058,14.176,12.387,21.554,NORMAL,0.0,-1.0,100.0
E001,T1-0000,2008.0,260.43813,216,3774.255,-9.48,63.475,72.357,43.536,50.163,4256.375,100.761,98.193,100.516,101.554,666.371,665.378,668.095,661.002,88.173,101.3,3.514,8.114,3.054,0.659,0.319,0.226,3.044,14.173,12.552,21.549,NORMAL,0.0,-1.0,100.0
E001,T1-0000,2009.0,260.4384,217,3773.995,-9.478,63.477,72.347,43.531,50.251,4262.74,100.487,97.381,100.944,101.21,666.175,665.557,666.793,663.534,88.136,101.295,3.503,8.13,3.064,0.649,0.319,0.229,3.041,14.209,12.632,21.561,NORMAL,0.0,-1.0,100.0
E001,T1-0000,2010.0,260.43868,218,3773.738,-9.477,63.48,72.337,43.526,50.182,4263.502,100.741,97.504,100.677,101.315,666.39,666.074,667.669,661.688,88.083,101.278,3.511,8.131,3.063,0.655,0.318,0.227,3.04,14.234,12.565,21.563,NORMAL,0.0,-1.0,100.0
E001,T1-0000,2011.0,260.43896,219,3773.484,-9.475,63.482,72.326,43.521,50.195,4258.244,100.873,97.317,101.077,101.585,667.621,666.872,666.867,662.996,88.136,101.373,3.508,8.117,3.044,0.647,0.314,0.228,3.02,14.189,12.482,21.553,NORMAL,0.0,-1.0,100.0
E001,T1-0000,2012.0,260.43924,220,3773.233,-9.473,63.484,72.316,43.516,50.136,4258.697,100.061,97.72,101.228,101.769,667.165,665.416,666.544,665.779,88.167,101.303,3.502,8.118,3.053,0.655,0.321,0.23,3.039,14.212,12.505,21.554,NORMAL,0.0,-1.0,100.0
E001,T1-0000,2013.0,260.43952,221,3772.985,-9.472,63.486,72.305,43.51,50.16,4258.909,100.433,97.928,100.779,101.459,665.533,663.69,667.483,663.804,88.119,101.276,3.502,8.118,3.039,0.657,0.321,0.228,3.044,14.186,12.887,21.554,NORMAL,0.0,-1.0,100.0
E001,T1-0000,2014.0,260.43979,222,3772.74,-9.47,63.488,72.294,43.505,50.239,4259.646,100.987,97.448,100.91,102.065,664.998,663.964,667.007,662.752,88.162,101.339,3.506,8.119,3.054,0.673,0.317,0.227,3.007,14.241,12.75,21.556,NORMAL,0.0,-1.0,100.0
E001,T1-0000,2015.0,260.44007,223,3772.498,-9.468,63.49,72.284,43.499,50.212,4253.825,100.567,97.46,101.009,101.839,664.644,664.793,664.465,661.49,88.033,101.417,3.51,8.104,3.044,0.658,0.316,0.227,3.022,14.196,12.701,21.545,NORMAL,0.0,-1.0,100.0
E001,T1-0000,2016.0,260.44035,224,3772.259,-9.467,63.492,72.273,43.494,50.191,4248.749,100.237,97.42,100.864,101.113,662.794,665.647,664.161,662.508,88.165,101.303,3.498,8.091,3.048,0.66,0.314,0.227,3.014,14.211,12.606,21.536,NORMAL,0.0,-1.0,100.0
E001,T1-0000,2017.0,260.44063,225,3772.023,-9.465,63.494,72.262,43.488,50.264,4256.636,100.154,98.097,100.441,101.408,661.424,664.126,666.285,662.261,88.177,101.28,3.505,8.11,3.038,0.647,0.316,0.225,2.994,14.188,12.754,21.551,NORMAL,0.0,-1.0,100.0
E001,T1-0000,2018.0,260.4409,226,3771.791,-9.464,63.496,72.251,43.483,50.141,4255.641,99.924,98.305,100.443,101.333,659.649,664.327,665.289,662.928,88.186,101.296,3.502,8.107,3.052,0.658,0.321,0.233,2.973,14.233,12.769,21.549,NORMAL,0.0,-1.0,100.0
E001,T1-0000,2019.0,260.44118,227,3771.561,-9.462,63.497,72.24,43.477,50.212,4257.924,99.531,98.616,100.759,101.396,658.718,665.443,665.901,664.5,88.061,101.225,3.498,8.112,3.051,0.651,0.315,0.232,3.024,14.215,12.487,21.554,NORMAL,0.0,-1.0,100.0
E001,T1-0000,2020.0,260.44146,228,3771.335,-9.461,63.499,72.229,43.471,50.239,4261.535,99.761,98.082,101.212,101.57,662.063,665.202,664.064,665.646,87.943,101.296,3.508,8.121,3.041,0.66,0.317,0.228,2.988,14.156,12.605,21.561,NORMAL,0.0,-1.0,100.0
E001,T1-0000,2021.0,260.44174,229,3771.112,-9.459,63.501,72.218,43.465,50.126,4268.351,99.943,98.375,100.912,101.539,662.519,664.758,663.122,666.013,87.912,101.182,3.507,8.137,3.032,0.663,0.316,0.226,3.006,14.2,12.563,21.574,NORMAL,0.0,-1.0,100.0
E001,T1-0000,2022.0,260.44202,230,3770.891,-9.458,63.503,72.207,43.459,50.064,4266.361,99.856,98.408,101.114,101.883,663.56,663.758,663.08,668.147,87.892,101.256,3.518,8.132,3.078,0.667,0.319,0.228,3.04,14.131,12.76,21.57,NORMAL,0.0,-1.0,100.0
E001,T1-0000,2023.0,260.44229,231,3770.674,-9.457,63.505,72.195,43.453,50.103,4258.536,99.487,98.764,100.535,101.92,662.531,663.659,661.795,665.955,87.853,101.223,3.504,8.111,3.06,0.655,0.316,0.228,3.012,14.195,12.929,21.556,NORMAL,0.0,-1.0,100.0
E001,T1-0000,2024.0,260.44257,232,3770.46,-9.455,63.507,72.184,43.447,50.153,4261.942,99.468,98.863,101.006,101.463,664.923,661.401,661.599,663.848,87.88,101.297,3.503,8.119,3.046,0.652,0.313,0.225,3.057,14.189,12.814,21.562,NORMAL,0.0,-1.0,100.0
E001,T1-0000,2025.0,260.44285,233,3770.25,-9.454,63.508,72.173,43.441,50.146,4259.69,99.629,98.452,101.095,102.309,668.64,663.159,663.314,663.698,87.87,101.262,3.502,8.113,3.048,0.649,0.315,0.224,3.046,14.175,12.599,21.558,NORMAL,0.0,-1.0,100.0
E001,T1-0000,2026.0,260.44313,234,3770.042,-9.452,63.51,72.161,43.435,50.167,4261.505,99.464,98.036,101.201,102.894,669.605,663.086,664.905,661.082,87.814,101.214,3.512,8.117,3.066,0.67,0.312,0.225,3.009,14.171,12.735,21.562,NORMAL,0.0,-1.0,100.0
E001,T1-0000,2027.0,260.4434,235,3769.837,-9.451,63.512,72.15,43.429,50.075,4264.788,98.744,97.546,101.306,103.008,670.923,660.975,661.467,660.591,87.822,101.339,3.511,8.125,3.026,0.66,0.311,0.224,3.086,14.197,13.019,21.568,NORMAL,0.0,-1.0,100.0
E001,T1-0000,2028.0,260.44368,236,3769.636,-9.45,63.513,72.138,43.422,50.087,4259.908,98.274,97.749,101.172,102.78,669.812,661.567,660.922,661.178,87.879,101.253,3.508,8.112,3.043,0.65,0.31,0.221,3.091,14.198,12.467,21.559,NORMAL,0.0,-1.0,100.0
E001,T1-0000,2029.0,260.44396,237,3769.438,-9.449,63.515,72.126,43.416,50.035,4260.958,98.755,97.68,100.515,102.556,666.554,661.913,662.478,663.687,87.661,101.289,3.499,8.114,3.043,0.645,0.309,0.219,3.083,14.205,13.131,21.562,NORMAL,0.0,-1.0,100.0
E001,T1-0000,2030.0,260.44424,238,3769.243,-9.447,63.517,72.114,43.41,50.152,4258.036,99.156,97.677,101.214,102.431,663.784,664.365,662.518,664.785,87.78,101.174,3.508,8.106,3.032,0.655,0.314,0.222,3.083,14.227,12.798,21.556,NORMAL,0.0,-1.0,100.0
E001,T1-0000,2031.0,260.44452,239,3769.051,-9.446,63.518,72.102,43.403,50.132,4255.685,98.824,98.278,100.855,102.01,665.16,664.362,662.023,665.123,87.926,101.267,3.504,8.099,3.047,0.654,0.314,0.224,3.071,14.209,12.905,21.552,NORMAL,0.0,-1.0,100.0
E001,T1-0000,2032.0,260.44479,240,3768.862,-9.445,63.52,72.091,43.397,50.087,4258.437,98.317,98.118,100.333,101.684,663.448,664.339,661.741,663.987,87.874,101.208,3.511,8.105,3.041,0.67,0.315,0.224,3.068,14.205,13.05,21.557,NORMAL,0.0,-1.0,100.0
E001,T1-0000,2033.0,260.44507,241,3768.677,-9.444,63.521,72.079,43.39,50.079,4259.769,98.73,97.909,100.532,101.552,664.31,662.483,660.366,663.965,87.93,101.256,3.507,8.108,3.044,0.66,0.312,0.222,3.027,14.208,12.906,21.56,NORMAL,0.0,-1.0,100.0
E001,T1-0000,2034.0,260.44535,242,3768.494,-9.442,63.523,72.066,43.383,50.083,4259.979,98.165,98.956,100.866,102.482,666.219,663.302,661.1,663.502,87.882,101.155,3.509,8.107,3.062,0.667,0.319,0.222,3.041,14.191,12.736,21.561,NORMAL,0.0,-1.0,100.0
E001,T1-0000,2035.0,260.44563,243,3768.315,-9.441,63.524,72.054,43.377,50.035,4262.279,98.057,99.198,100.657,102.254,664.992,661.614,662.771,660.579,87.911,101.272,3.51,8.112,3.034,0.654,0.313,0.226,3.042,14.2,12.878,21.565,NORMAL,0.0,-1.0,100.0
E001,T1-0000,2036.0,260.4459,244,3768.139,-9.44,63.526,72.042,43.37,50.081,4258.497,97.477,99.012,101.233,102.413,666.852,665.812,663.71,659.415,87.973,101.18,3.502,8.102,3.057,0.654,0.317,0.227,3.062,14.197,12.836,21.559,NORMAL,0.0,-1.0,100.0
E001,T1-0000,2037.0,260.44618,245,3767.966,-9.439,63.527,72.03,43.363,50.069,4254.13,97.145,99.335,101.271,102.609,662.165,667.547,664.169,663.431,87.963,101.225,3.505,8.09,3.035,0.658,0.318,0.228,3.047,14.183,12.97,21.55,NORMAL,0.0,-1.0,100.0
E001,T1-0000,2038.0,260.44646,246,3767.797,-9.438,63.528,72.017,43.356,50.114,4251.501,96.98,98.352,101.651,102.456,662.059,666.372,663.165,662.796,87.836,101.26,3.504,8.083,3.05,0.664,0.32,0.227,3.024,14.195,12.983,21.546,NORMAL,0.0,-1.0,100.0
E001,T1-0000,2039.0,260.44674,247,3767.63,-9.437,63.53,72.005,43.349,50.116,4253.179,96.898,98.644,101.537,102.296,665.212,668.556,663.283,664.434,87.889,101.301,3.51,8.086,3.044,0.657,0.319,0.229,3.017,14.178,13.111,21.549,NORMAL,0.0,-1.0,100.0
E001,T1-0000,2040.0,260.44702,248,3767.467,-9.436,63.531,71.992,43.342,50.117,4256.267,97.306,98.496,100.508,101.863,663.02,669.175,663.491,667.201,87.897,101.158,3.504,8.093,3.058,0.644,0.319,0.233,2.975,14.201,12.687,21.555,NORMAL,0.0,-1.0,100.0
E001,T1-0000,2041.0,260.44729,249,3767.307,-9.435,63.533,71.98,43.335,50.121,4252.493,97.818,98.347,100.599,102.124,663.776,666.813,667.172,666.329,87.984,101.276,3.507,8.083,3.05,0.671,0.318,0.229,2.942,14.209,12.999,21.548,NORMAL,0.0,-1.0,100.0
E001,T1-0000,2042.0,260.44757,250,3767.15,-9.434,63.534,71.967,43.328,50.047,4249.256,98.216,97.711,100.211,102.215,663.814,665.453,666.3,665.646,88.148,101.255,3.507,8.074,3.046,0.671,0.317,0.231,2.963,14.187,12.928,21.542,NORMAL,0.0,-1.0,100.0
E001,T1-0000,2043.0,260.44785,251,3766.997,-9.433,63.535,71.954,43.32,50.091,4257.314,98.488,97.318,100.567,102.212,662.094,664.926,666.951,663.418,88.121,101.072,3.503,8.094,3.059,0.675,0.325,0.229,2.963,14.207,12.804,21.558,NORMAL,0.0,-1.0,100.0
E001,T1-0000,2044.0,260.44813,252,3766.846,-9.432,63.536,71.942,43.313,49.926,4256.119,99.231,97.712,100.712,101.757,662.089,663.621,666.731,662.587,88.186,101.113,3.5,8.09,3.045,0.664,0.32,0.229,2.917,14.222,13.06,21.556,NORMAL,0.0,-1.0,100.0
E001,T1-0000,2045.0,260.4484,253,3766.699,-9.431,63.538,71.929,43.306,50.033,4255.883,99.159,97.568,100.931,101.054,659.911,664.909,667.805,663.526,88.088,101.217,3.51,8.088,3.056,0.65,0.317,0.229,2.932,14.208,12.904,21.556,NORMAL,0.0,-1.0,100.0
E001,T1-0000,2046.0,260.44868,254,3766.555,-9.43,63.539,71.916,43.298,50.041,4254.261,98.506,97.495,100.567,101.331,661.367,664.754,669.45,664.094,88.196,101.254,3.503,8.083,3.048,0.643,0.312,0.23,2.947,14.192,13.013,21.553,NORMAL,0.0,-1.0,100.0
E001,T1-0000,2047.0,260.44896,255,3766.415,-9.429,63.54,71.903,43.291,50.041,4253.325,98.631,97.327,100.879,101.519,662.943,662.224,668.503,663.551,88.128,101.22,3.507,8.08,3.071,0.65,0.31,0.231,2.916,14.236,13.073,21.551,NORMAL,0.0,-1.0,100.0
E001,T1-0000,2048.0,260.44924,0,3766.277,-9.428,63.541,71.89,43.283,50.132,4253.573,98.825,96.816,100.867,101.974,665.007,662.389,669.167,667.555,88.083,101.147,3.507,8.08,3.051,0.655,0.317,0.228,2.966,14.2,12.785,21.552,NORMAL,0.0,-1.0,100.0
E001,T1-0000,2049.0,260.44952,1,3766.143,-9.427,63.542,71.877,43.276,50.134,4247.353,99.1,96.404,100.383,102.296,662.95,660.657,667.697,668.495,88.136,101.371,3.5,8.063,3.048,0.658,0.312,0.227,2.935,14.174,13.224,21.541,NORMAL,0.0,-1.0,100.0
E001,T1-0000,2050.0,260.44979,2,3766.012,-9.426,63.543,71.864,43.268,49.951,4251.632,99.253,95.987,100.281,102.08,665.219,660.86,666.336,667.571,88.14,101.27,3.503,8.073,3.054,0.665,0.316,0.225,2.923,14.222,13.149,21.549,NORMAL,0.0,-1.0,100.0
E001,T1-0000,2051.0,260.45007,3,3765.885,-9.425,63.544,71.85,43.26,50.026,4254.523,98.585,96.495,100.446,102.816,667.962,660.666,665.292,667.895,88.165,101.175,3.506,8.079,3.047,0.66,0.324,0.226,2.934,14.206,13.177,21.555,NORMAL,0.0,-1.0,100.0
E001,T1-0000,2052.0,260.45035,4,3765.76,-9.425,63.545,71.837,43.252,50.003,4250.782,98.764,96.106,99.848,102.804,663.398,660.19,665.431,667.745,88.044,101.128,3.504,8.069,3.041,0.651,0.321,0.224,2.98,14.185,13.385,21.548,NORMAL,0.0,-1.0,100.0
E001,T1-0000,2053.0,260.45063,5,3765.639,-9.424,63.546,71.824,43.245,50.053,4249.542,98.205,95.786,100.15,103.482,662.592,661.581,664.077,666.26,88.017,101.294,3.5,8.065,3.046,0.647,0.32,0.224,2.971,14.188,13.159,21.546,NORMAL,0.0,-1.0,100.0
E001,T1-0000,2054.0,260.4509,6,3765.521,-9.423,63.547,71.81,43.237,50.026,4247.065,98.485,95.639,99.372,103.951,661.121,662.238,664.427,665.73,88.244,101.162,3.504,8.058,3.047,0.653,0.325,0.222,3.005,14.186,12.964,21.541,NORMAL,0.0,-1.0,100.0
E001,T1-0000,2055.0,260.45118,7,3765.407,-9.422,63.548,71.797,43.229,50.075,4239.016,98.432,95.835,99.65,103.67,660.142,664.106,667.735,666.363,88.18,101.198,3.495,8.037,3.067,0.644,0.322,0.224,3.012,14.175,13.082,21.527,NORMAL,0.0,-1.0,100.0
E001,T1-0000,2056.0,260.45146,8,3765.296,-9.422,63.549,71.783,43.221,50.022,4242.497,98.283,96.354,99.821,103.539,660.951,663.317,665.61,664.784,88.092,101.107,3.499,8.045,3.056,0.657,0.316,0.223,3.017,14.199,13.138,21.533,NORMAL,0.0,-1.0,100.0
E001,T1-0000,2057.0,260.45174,9,3765.188,-9.421,63.55,71.769,43.213,49.969,4246.719,98.092,96.594,99.67,103.29,661.084,662.995,665.435,664.55,88.053,101.177,3.498,8.055,3.027,0.658,0.314,0.227,3.039,14.181,13.187,21.542,NORMAL,0.0,-1.0,100.0
E001,T1-0000,2058.0,260.45202,10,3765.083,-9.42,63.551,71.756,43.204,50.058,4242.453,98.021,96.575,99.332,103.644,660.962,660.333,665.063,665.131,87.944,101.072,3.502,8.043,3.068,0.675,0.312,0.226,3.013,14.213,13.295,21.534,NORMAL,0.0,-1.0,100.0
E001,T1-0000,2059.0,260.45229,11,3764.981,-9.42,63.552,71.742,43.196,49.964,4243.511,98.164,96.453,99.717,103.077,663.428,659.096,663.922,662.941,88.067,101.251,3.494,8.045,3.052,0.658,0.314,0.225,3.063,14.203,13.241,21.536,NORMAL,0.0,-1.0,100.0
E001,T1-0000,2060.0,260.45257,12,3764.883,-9.419,63.552,71.728,43.188,49.972,4243.393,97.89,96.86,100.019,102.965,665.685,662.269,665.907,663.032,87.949,101.12,3.508,8.043,3.054,0.664,0.314,0.225,3.03,14.216,13.233,21.536,NORMAL,0.0,-1.0,100.0
E001,T1-0000,2061.0,260.45285,13,3764.788,-9.418,63.553,71.714,43.18,49.974,4244.622,98.061,96.951,100.142,102.479,666.797,661.359,664.392,661.825,88.043,101.119,3.506,8.046,3.057,0.658,0.316,0.226,3.034,14.211,13.012,21.539,NORMAL,0.0,-1.0,100.0
E001,T1-0000,2062.0,260.45313,14,3764.697,-9.418,63.554,71.7,43.171,49.987,4244.641,97.8,97.14,100.375,102.951,663.455,660.631,666.197,662.426,87.849,100.993,3.497,8.045,3.038,0.663,0.32,0.224,3.001,14.204,13.353,21.539,NORMAL,0.0,-1.0,100.0
E001,T1-0000,2063.0,260.4534,15,3764.608,-9.417,63.555,71.686,43.163,49.84,4241.867,98.013,97.13,100.889,102.385,663.399,663.07,663.565,662.568,87.852,101.205,3.501,8.037,3.043,0.677,0.317,0.226,2.987,14.158,13.367,21.534,NORMAL,0.0,-1.0,100.0
E001,T1-0000,2064.0,260.45368,16,3764.523,-9.417,63.555,71.672,43.154,49.91,4241.051,98.032,97.075,100.544,101.984,665.484,660.804,662.58,665.108,87.905,101.165,3.496,8.034,3.055,0.659,0.318,0.229,2.974,14.189,12.935,21.533,NORMAL,0.0,-1.0,100.0
E001,T1-0000,2065.0,260.45396,17,3764.442,-9.416,63.556,71.658,43.146,49.936,4241.817,98.16,97.131,100.914,102.076,666.308,657.069,664.329,660.682,87.739,101.185,3.494,8.035,3.06,0.648,0.32,0.226,2.974,14.172,13.314,21.535,NORMAL,0.0,-1.0,100.0
E001,T1-0000,2066.0,260.45424,18,3764.363,-9.416,63.557,71.644,43.137,49.929,4244.248,98.508,96.892,100.439,101.901,664.035,660.53,666.868,660.898,87.897,101.113,3.488,8.04,3.054,0.642,0.318,0.233,2.985,14.196,13.029,21.54,NORMAL,0.0,-1.0,100.0
E001,T1-0000,2067.0,260.45452,19,3764.288,-9.415,63.557,71.629,43.128,50.011,4243.374,97.859,97.295,100.204,102.376,665.676,661.996,667.055,658.754,87.825,101.09,3.502,8.037,3.055,0.65,0.313,0.23,3.026,14.187,13.315,21.538,NORMAL,0.0,-1.0,100.0
E001,T1-0000,2068.0,260.45479,20,3764.216,-9.415,63.558,71.615,43.12,49.881,4241.037,98.16,97.128,100.721,102.364,667.027,662.47,667.218,660.363,87.775,101.158,3.503,8.03,3.06,0.667,0.312,0.231,3.017,14.144,13.295,21.534,NORMAL,0.0,-1.0,100.0
E001,T1-0000,2069.0,260.45507,21,3764.148,-9.414,63.559,71.6,43.111,49.972,4242.03,97.86,97.29,100.738,102.349,662.743,665.623,667.867,659.903,87.765,101.136,3.497,8.032,3.039,0.674,0.31,0.229,3.005,14.202,13.273,21.536,NORMAL,0.0,-1.0,100.0
E001,T1-0000,2070.0,260.45535,22,3764.082,-9.414,63.559,71.586,43.102,49.844,4238.196,97.905,97.701,100.627,101.734,665.082,666.184,668.284,660.452,87.752,101.046,3.495,8.021,3.064,0.658,0.32,0.23,2.989,14.224,13.194,21.529,NORMAL,0.0,-1.0,100.0
E001,T1-0000,2071.0,260.45563,23,3764.02,-9.413,63.56,71.571,43.093,49.936,4245.69,98.042,98.052,100.981,102.126,665.229,663.807,668.169,664.371,87.687,101.093,3.502,8.039,3.035,0.644,0.316,0.235,2.948,14.193,13.41,21.544,NORMAL,0.0,-1.0,100.0
E001,T1-0000,2072.0,260.4559,24,3763.962,-9.413,63.56,71.557,43.084,49.919,4245.455,98.257,97.717,100.913,102.624,664.207,664.67,667.681,663.648,87.755,101.076,3.508,8.038,3.038,0.646,0.323,0.232,2.964,14.196,13.128,21.544,NORMAL,0.0,-1.0,100.0
E001,T1-0000,2073.0,260.45618,25,3763.906,-9.413,63.561,71.542,43.075,49.973,4243.812,97.964,97.9,100.671,102.378,662.983,665.268,667.577,665.663,87.749,101.101,3.501,8.032,3.057,0.635,0.327,0.234,2.974,14.163,13.269,21.541,NORMAL,0.0,-1.0,100.0
E001,T1-0000,2074.0,260.45646,26,3763.855,-9.412,63.561,71.527,43.066,49.805,4239.776,98.18,97.564,100.052,101.978,663.172,664.336,667.207,662.591,87.887,101.081,3.493,8.021,3.065,0.627,0.323,0.229,2.983,14.203,13.107,21.534,NORMAL,0.0,-1.0,100.0
E001,T1-0000,2075.0,260.45674,27,3763.806,-9.412,63.561,71.513,43.057,49.831,4234.671,97.973,97.726,99.873,101.768,660.419,664.055,666.042,662.984,87.869,101.094,3.495,8.007,3.054,0.632,0.319,0.226,2.959,14.185,13.402,21.524,NORMAL,0.0,-1.0,100.0
E001,T1-0000,2076.0,260.45702,28,3763.76,-9.412,63.562,71.498,43.048,49.935,4245.583,97.839,97.667,100.126,100.864,660.71,664.048,665.298,662.402,87.965,101.104,3.506,8.034,3.043,0.632,0.321,0.226,2.949,14.21,13.263,21.545,NORMAL,0.0,-1.0,100.0
E001,T1-0000,2077.0,260.45729,29,3763.718,-9.411,63.562,71.483,43.038,49.849,4243.289,97.249,97.927,100.457,101.514,659.335,663.352,665.702,662.376,87.88,101.107,3.5,8.027,3.053,0.646,0.318,0.228,2.93,14.21,13.546,21.541,NORMAL,0.0,-1.0,100.0
E001,T1-0000,2078.0,260.45757,30,3763.68,-9.411,63.562,71.468,43.029,49.855,4237.917,97.488,97.466,100.866,101.813,658.996,663.797,664.815,661.553,87.961,101.115,3.498,8.012,3.035,0.648,0.316,0.231,2.959,14.18,13.329,21.531,NORMAL,0.0,-1.0,100.0
E001,T1-0000,2079.0,260.45785,31,3763.644,-9.411,63.563,71.453,43.02,49.858,4237.507,97.716,97.823,100.573,101.806,660.393,663.641,666.435,663.7,87.854,101.148,3.502,8.01,3.048,0.641,0.315,0.234,2.977,14.197,13.475,21.531,NORMAL,0.0,-1.0,100.0
E001,T1-0000,2080.0,260.45813,32,3763.612,-9.411,63.563,71.438,43.01,49.856,4236.018,97.943,97.818,100.172,102.26,664.025,664.625,664.258,667.444,87.99,101.13,3.499,8.005,3.05,0.632,0.315,0.233,2.985,14.197,13.136,21.528,NORMAL,0.0,-1.0,100.0
E001,T1-0000,2081.0,260.4584,33,3763.583,-9.411,63.563,71.423,43.001,49.9,4240.098,97.916,98.053,100.002,102.161,663.258,663.667,664.886,666.247,88.031,101.068,3.505,8.014,3.051,0.629,0.312,0.234,2.925,14.203,13.259,21.537,NORMAL,0.0,-1.0,100.0
E001,T1-0000,2082.0,260.45868,34,3763.558,-9.41,63.563,71.407,42.991,49.87,4234.67,97.782,98.217,100.134,102.328,664.343,663.83,665.942,665.371,88.011,101.094,3.498,7.999,3.039,0.634,0.316,0.232,2.887,14.2,13.55,21.527,NORMAL,0.0,-1.0,100.0
E001,T1-0000,2083.0,260.45896,35,3763.536,-9.41,63.564,71.392,42.981,49.72,4238.238,98.043,98.029,99.533,102.353,667.041,664.411,666.917,660.955,88.098,101.073,3.494,8.007,3.049,0.634,0.319,0.23,2.923,14.201,13.5,21.534,NORMAL,0.0,-1.0,100.0
E001,T1-0000,2084.0,260.45924,36,3763.517,-9.41,63.564,71.377,42.972,49.849,4235.465,97.245,98.136,99.496,102.499,666.561,662.562,667.361,664.673,88.128,101.132,3.5,7.999,3.054,0.643,0.318,0.233,2.934,14.215,13.367,21.529,NORMAL,0.0,-1.0,100.0
E001,T1-0000,2085.0,260.45952,37,3763.502,-9.41,63.564,71.361,42.962,49.773,4235.994,97.435,97.715,100.125,102.015,664.984,661.302,663.269,666.578,87.98,101.027,3.493,7.999,3.051,0.642,0.313,0.23,2.887,14.174,13.419,21.53,NORMAL,0.0,-1.0,100.0
E001,T1-0000,2086.0,260.45979,38,3763.489,-9.41,63.564,71.346,42.952,49.864,4236.447,97.117,98.072,100.986,102.167,663.664,658.052,662.935,665.494,87.855,101.115,3.491,7.999,3.033,0.654,0.321,0.229,2.949,14.207,13.796,21.531,NORMAL,0.0,-1.0,100.0
E001,T1-0000,2087.0,260.46007,39,3763.481,-9.41,63.564,71.33,42.942,49.855,4233.553,97.061,98.182,100.971,102.569,664.476,658.515,663.933,665.462,87.898,100.952,3.493,7.991,3.077,0.652,0.315,0.227,2.918,14.201,13.503,21.526,NORMAL,0.0,-1.0,100.0
E001,T1-0000,2088.0,260.46035,40,3763.475,-9.41,63.564,71.315,42.933,49.8,4233.772,96.839,98.464,100.773,102.179,661.888,659.006,665.055,665.847,87.986,101.067,3.489,7.99,3.033,0.666,0.314,0.226,2.904,14.225,13.428,21.527,NORMAL,0.0,-1.0,100.0
E001,T1-0000,2089.0,260.46063,41,3763.473,-9.41,63.564,71.299,42.923,49.779,4233.557,96.557,98.019,100.043,101.941,663.669,661.77,663.17,665.622,87.986,101.029,3.497,7.989,3.038,0.671,0.31,0.231,2.912,14.192,13.687,21.527,NORMAL,0.0,-1.0,100.0
E001,T1-0000,2090.0,260.4609,42,3763.474,-9.41,63.564,71.284,42.913,49.767,4232.431,96.63,98.475,100.623,102.182,663.683,661.608,663.282,664.078,87.76,101.009,3.497,7.985,3.049,0.69,0.307,0.228,2.876,14.19,13.509,21.525,NORMAL,0.0,-1.0,100.0
E001,T1-0000,2091.0,260.46118,43,3763.478,-9.41,63.564,71.268,42.903,49.741,4235.291,96.488,98.56,100.843,101.577,662.839,659.051,662.56,663.475,87.95,101.091,3.496,7.991,3.036,0.682,0.311,0.226,2.872,14.176,13.721,21.531,NORMAL,0.0,-1.0,100.0
E001,T1-0000,2092.0,260.46146,44,3763.486,-9.41,63.564,71.252,42.893,49.771,4233.044,96.059,98.809,100.264,101.811,663.197,661.141,661.125,663.63,87.953,101.07,3.496,7.984,3.059,0.67,0.308,0.224,2.854,14.212,13.773,21.527,NORMAL,0.0,-1.0,100.0
E001,T1-0000,2093.0,260.46174,45,3763.497,-9.41,63.564,71.236,42.882,49.809,4230.676,96.406,98.906,100.416,101.68,662.979,659.462,663.154,663.546,87.961,101.071,3.493,7.977,3.062,0.682,0.315,0.227,2.901,14.138,13.64,21.523,NORMAL,0.0,-1.0,100.0
E001,T1-0000,2094.0,260.46202,46,3763.512,-9.41,63.564,71.22,42.872,49.753,4234.548,97.631,99.07,100.754,102.105,659.906,660.501,662.086,662.225,88.07,101.016,3.495,7.985,3.041,0.677,0.31,0.224,2.937,14.189,13.562,21.531,NORMAL,0.0,-1.0,100.0
E001,T1-0000,2095.0,260.46229,47,3763.529,-9.41,63.564,71.204,42.862,49.642,4230.715,97.52,99.3,100.425,102.193,660.324,659.727,662.624,663.213,88.066,101.091,3.495,7.974,3.038,0.658,0.318,0.225,2.901,14.204,13.556,21.524,NORMAL,0.0,-1.0,100.0
E001,T1-0000,2096.0,260.46257,48,3763.551,-9.41,63.563,71.188,42.852,49.659,4232.532,96.855,99.655,100.698,102.314,659.383,659.396,661.709,662.196,87.937,100.913,3.495,7.977,3.045,0.645,0.317,0.223,2.866,14.218,13.656,21.527,NORMAL,0.0,-1.0,100.0
E001,T1-0000,2097.0,260.46285,49,3763.575,-9.41,63.563,71.172,42.841,49.857,4230.826,96.998,99.712,100.684,102.349,661.427,661.509,659.852,664.041,88.023,100.89,3.497,7.972,3.044,0.666,0.313,0.221,2.829,14.188,13.413,21.525,NORMAL,0.0,-1.0,100.0
E001,T1-0000,2098.0,260.46313,50,3763.603,-9.411,63.563,71.156,42.831,49.673,4228.614,97.66,99.565,100.258,102.435,660.166,660.957,661.057,660.223,87.969,101.077,3.499,7.965,3.063,0.655,0.316,0.221,2.869,14.214,13.942,21.521,NORMAL,0.0,-1.0,100.0
E001,T1-0000,2099.0,260.4634,51,3763.634,-9.411,63.563,71.14,42.82,49.675,4226.476,97.828,99.17,100.983,102.488,659.06,662.803,663.155,662.364,88.075,101.135,3.498,7.959,3.041,0.645,0.315,0.22,2.859,14.198,13.367,21.517,NORMAL,0.0,-1.0,100.0
E001,T1-0000,2100.0,260.46368,52,3763.668,-9.411,63.562,71.124,42.81,49.739,4231.97,97.856,99.233,100.877,101.528,658.914,662.606,662.269,662.114,88.093,100.989,3.498,7.971,3.047,0.646,0.313,0.222,2.844,14.191,13.602,21.528,NORMAL,0.0,-1.0,100.0
E001,T1-0000,2101.0,260.46396,53,3763.706,-9.411,63.562,71.107,42.799,49.688,4230.155,97.725,99.141,101.228,101.545,657.791,662.385,663.755,661.125,87.976,101.148,3.495,7.966,3.047,0.638,0.31,0.224,2.912,14.196,13.739,21.525,NORMAL,0.0,-1.0,100.0
E001,T1-0000,2102.0,260.46424,54,3763.747,-9.412,63.562,71.091,42.789,49.62,4221.315,98.212,99.388,101.248,101.706,658.202,661.902,665.398,663.001,87.878,101.017,3.487,7.942,3.047,0.647,0.316,0.223,2.905,14.224,13.658,21.508,NORMAL,0.0,-1.0,100.0
E001,T1-0000,2103.0,260.46452,55,3763.791,-9.412,63.561,71.075,42.778,49.686,4228.686,98.005,98.933,100.69,101.755,658.262,659.406,663.905,664.388,87.867,101.027,3.494,7.959,3.045,0.64,0.314,0.228,2.861,14.176,13.658,21.523,NORMAL,0.0,-1.0,100.0
E001,T1-0000,2104.0,260.46479,56,3763.839,-9.412,63.561,71.058,42.767,49.667,4226.551,97.798,98.782,100.226,101.759,660.171,660.289,663.283,665.218,87.85,101.045,3.505,7.953,3.05,0.653,0.311,0.228,2.886,14.186,13.816,21.519,NORMAL,0.0,-1.0,100.0
E001,T1-0000,2105.0,260.46507,57,3763.89,-9.412,63.561,71.042,42.756,49.722,4228.21,98.069,98.293,100.471,101.549,658.53,660.893,665.563,666.5,87.693,101.059,3.496,7.956,3.049,0.66,0.312,0.233,2.898,14.203,13.861,21.523,NORMAL,0.0,-1.0,100.0
E001,T1-0000,2106.0,260.46535,58,3763.944,-9.413,63.56,71.025,42.746,49.683,4224.658,97.883,98.032,100.306,101.303,659.193,661.163,663.629,667.317,87.66,101.052,3.493,7.946,3.031,0.65,0.311,0.238,2.934,14.171,13.798,21.516,NORMAL,0.0,-1.0,100.0
E001,T1-0000,2107.0,260.46563,59,3764.001,-9.413,63.56,71.008,42.735,49.572,4221.531,97.93,97.993,100.435,101.483,658.571,662.096,661.954,666.729,87.637,100.907,3.487,7.937,3.052,0.645,0.309,0.233,2.97,14.191,13.755,21.511,NORMAL,0.0,-1.0,100.0
E001,T1-0000,2108.0,260.4659,60,3764.062,-9.414,63.559,70.992,42.724,49.66,4221.402,97.889,98.297,100.117,101.553,660.501,662.675,660.838,664.949,87.731,100.97,3.488,7.936,3.018,0.643,0.314,0.231,2.945,14.216,13.626,21.511,NORMAL,0.0,-1.0,100.0
E001,T1-0000,2109.0,260.46618,61,3764.126,-9.414,63.559,70.975,42.713,49.552,4219.528,98.507,97.914,100.079,101.326,659.832,665.284,661.559,664.758,87.683,101.054,3.493,7.93,3.053,0.653,0.311,0.229,2.936,14.18,14.009,21.508,NORMAL,0.0,-1.0,100.0
E001,T1-0000,2110.0,260.46646,62,3764.194,-9.414,63.558,70.958,42.702,49.563,4220.267,99.252,97.98,99.529,101.297,659.636,665.079,663.151,664.899,87.747,101.0,3.492,7.93,3.045,0.641,0.308,0.225,2.97,14.178,13.835,21.509,NORMAL,0.0,-1.0,100.0
E001,T1-0000,2111.0,260.46674,63,3764.265,-9.415,63.558,70.941,42.691,49.626,4221.348,99.498,97.666,99.871,102.066,660.341,666.866,664.619,667.415,87.815,101.085,3.493,7.931,3.055,0.656,0.307,0.231,3.007,14.204,13.508,21.512,NORMAL,0.0,-1.0,100.0
E001,T1-0000,2112.0,260.46702,64,3764.339,-9.415,63.557,70.925,42.679,49.584,4223.978,98.98,97.577,99.519,102.397,662.824,664.732,663.969,664.707,87.575,101.035,3.493,7.937,3.063,0.675,0.306,0.236,2.975,14.194,13.528,21.517,NORMAL,0.0,-1.0,100.0
E001,T1-0000,2113.0,260.46729,65,3764.416,-9.416,63.556,70.908,42.668,49.52,4226.676,99.632,96.973,99.679,102.054,659.42,664.628,664.576,662.535,87.858,100.959,3.494,7.942,3.061,0.656,0.309,0.234,2.937,14.205,13.829,21.523,NORMAL,0.0,-1.0,100.0
E001,T1-0000,2114.0,260.46757,66,3764.497,-9.416,63.556,70.891,42.657,49.598,4223.188,99.259,97.378,99.949,101.458,658.036,664.978,662.803,661.402,87.873,101.05,3.494,7.932,3.052,0.642,0.309,0.231,2.918,14.233,13.437,21.516,NORMAL,0.0,-1.0,100.0
E001,T1-0000,2115.0,260.46785,67,3764.581,-9.417,63.555,70.874,42.646,49.643,4217.918,98.848,97.159,100.07,101.733,656.727,662.685,661.71,663.157,87.978,100.997,3.489,7.917,3.072,0.665,0.312,0.23,2.875,14.206,13.54,21.507,NORMAL,0.0,-1.0,100.0
E001,T1-0000,2116.0,260.46813,68,3764.668,-9.418,63.554,70.857,42.634,49.588,4221.443,98.22,97.073,99.841,101.681,656.484,664.116,662.007,663.081,87.898,100.915,3.49,7.925,3.049,0.673,0.312,0.228,2.91,14.207,13.665,21.514,NORMAL,0.0,-1.0,100.0
E001,T1-0000,2117.0,260.4684,69,3764.759,-9.418,63.553,70.839,42.623,49.537,4223.816,98.085,96.304,99.415,101.88,657.433,661.251,662.282,664.061,88.014,100.985,3.503,7.929,3.062,0.677,0.312,0.23,2.922,14.205,13.854,21.519,NORMAL,0.0,-1.0,100.0
E001,T1-0000,2118.0,260.46868,70,3764.853,-9.419,63.553,70.822,42.612,49.541,4217.919,97.623,97.24,99.321,101.837,660.445,659.635,662.247,663.468,88.072,101.036,3.491,7.913,3.071,0.668,0.309,0.227,2.937,14.19,13.69,21.508,NORMAL,0.0,-1.0,100.0
E001,T1-0000,2119.0,260.46896,71,3764.95,-9.419,63.552,70.805,42.6,49.602,4218.258,97.417,97.08,98.99,101.689,662.909,660.801,662.251,663.464,87.981,100.989,3.494,7.912,3.044,0.664,0.31,0.231,2.997,14.196,13.6,21.509,NORMAL,0.0,-1.0,100.0
E001,T1-0000,2120.0,260.46924,72,3765.05,-9.42,63.551,70.788,42.589,49.575,4218.352,98.078,96.817,99.134,100.918,662.684,659.679,661.625,662.86,87.962,100.982,3.499,7.911,3.043,0.648,0.312,0.234,2.982,14.201,13.877,21.51,NORMAL,0.0,-1.0,100.0
E001,T1-0000,2121.0,260.46952,73,3765.154,-9.421,63.55,70.77,42.577,49.51,4219.59,98.074,97.049,99.35,100.804,661.16,662.946,661.822,664.9,87.964,100.937,3.492,7.913,3.049,0.643,0.31,0.235,3.022,14.192,13.573,21.512,NORMAL,0.0,-1.0,100.0
E001,T1-0000,2122.0,260.46979,74,3765.261,-9.421,63.549,70.753,42.565,49.479,4217.276,97.93,96.829,99.239,100.217,659.361,662.231,658.404,663.538,88.002,100.905,3.495,7.906,3.045,0.633,0.307,0.23,3.001,14.199,13.598,21.508,NORMAL,0.0,-1.0,100.0
E001,T1-0000,2123.0,260.47007,75,3765.371,-9.422,63.548,70.736,42.554,49.484,4216.427,98.274,97.219,100.012,99.182,658.397,664.091,660.864,662.244,87.986,100.977,3.494,7.902,3.034,0.651,0.309,0.227,3.032,14.142,13.847,21.507,NORMAL,0.0,-1.0,100.0
E001,T1-0000,2124.0,260.47035,76,3765.485,-9.423,63.548,70.718,42.542,49.462,4218.599,97.952,97.262,100.363,99.54,660.269,663.618,660.011,660.346,88.138,100.932,3.492,7.906,3.039,0.64,0.312,0.228,3.027,14.172,14.083,21.512,NORMAL,0.0,-1.0,100.0
E001,T1-0000,2125.0,260.47063,77,3765.601,-9.424,63.547,70.701,42.53,49.571,4219.078,98.172,98.15,100.225,100.064,660.409,663.484,658.621,661.26,88.064,100.97,3.494,7.906,3.047,0.63,0.314,0.227,3.009,14.225,13.931,21.513,NORMAL,0.0,-1.0,100.0
E001,T1-0000,2126.0,260.4709,78,3765.722,-9.424,63.546,70.683,42.518,49.53,4213.927,98.616,98.055,100.789,100.514,663.346,662.253,658.129,659.273,88.108,100.883,3.49,7.892,3.066,0.641,0.32,0.226,2.971,14.199,13.916,21.504,NORMAL,0.0,-1.0,100.0
E001,T1-0000,2127.0,260.47118,79,3765.845,-9.425,63.545,70.666,42.506,49.43,4214.563,99.094,97.89,100.133,100.898,663.202,659.13,660.046,656.659,87.883,100.925,3.484,7.892,3.045,0.633,0.317,0.226,2.991,14.226,13.948,21.505,NORMAL,0.0,-1.0,100.0
E001,T1-0000,2128.0,260.47146,80,3765.971,-9.426,63.543,70.648,42.495,49.453,4216.47,98.784,98.016,99.741,101.231,664.773,659.923,663.487,656.936,87.884,100.901,3.492,7.896,3.052,0.643,0.32,0.223,2.984,14.195,13.851,21.509,NORMAL,0.0,-1.0,100.0
E001,T1-0000,2129.0,260.47174,81,3766.101,-9.427,63.542,70.63,42.483,49.501,4214.595,98.697,98.22,99.696,101.462,663.988,658.865,663.339,656.728,87.946,100.89,3.485,7.89,3.056,0.654,0.32,0.224,2.964,14.21,13.766,21.506,NORMAL,0.0,-1.0,100.0
E001,T1-0000,2130.0,260.47202,82,3766.234,-9.428,63.541,70.612,42.471,49.407,4210.75,98.379,98.206,100.119,101.225,664.546,658.623,663.162,657.849,88.194,100.958,3.481,7.879,3.056,0.666,0.315,0.228,2.973,14.165,13.998,21.499,NORMAL,0.0,-1.0,100.0
E001,T1-0000,2131.0,260.47229,83,3766.371,-9.429,63.54,70.595,42.459,49.493,4214.914,98.091,97.439,100.434,100.892,661.687,657.189,661.307,658.739,87.983,100.902,3.491,7.888,3.042,0.668,0.319,0.225,3.0,14.175,13.853,21.508,NORMAL,0.0,-1.0,100.0
E001,T1-0000,2132.0,260.47257,84,3766.51,-9.43,63.539,70.577,42.446,49.329,4214.609,97.563,97.143,100.886,100.746,659.965,655.708,663.468,658.718,87.975,100.915,3.485,7.885,3.056,0.667,0.316,0.226,2.972,14.247,14.031,21.508,NORMAL,0.0,-1.0,100.0
E001,T1-0000,2133.0,260.47285,85,3766.653,-9.43,63.538,70.559,42.434,49.421,4212.663,97.145,97.422,101.096,101.324,660.733,655.024,663.501,658.156,87.926,100.989,3.488,7.879,3.035,0.664,0.317,0.227,2.988,14.219,14.087,21.504,NORMAL,0.0,-1.0,100.0
E001,T1-0000,2134.0,260.47313,86,3766.799,-9.431,63.537,70.541,42.422,49.457,4210.149,97.219,97.223,101.389,101.294,658.867,657.134,664.127,658.037,88.006,100.83,3.49,7.871,3.047,0.681,0.315,0.226,2.983,14.165,14.068,21.5,NORMAL,0.0,-1.0,100.0
E001,T1-0000,2135.0,260.4734,87,3766.948,-9.432,63.535,70.523,42.41,49.436,4209.843,96.611,97.907,100.957,101.201,659.613,656.097,661.297,656.093,87.946,100.979,3.484,7.869,3.037,0.672,0.311,0.226,3.007,14.188,14.049,21.5,NORMAL,0.0,-1.0,100.0
E001,T1-0000,2136.0,260.47368,88,3767.101,-9.433,63.534,70.505,42.398,49.427,4211.219,96.844,98.227,100.789,101.605,661.689,655.3,662.049,658.872,87.906,100.799,3.488,7.871,3.077,0.668,0.317,0.225,2.981,14.163,13.862,21.503,NORMAL,0.0,-1.0,100.0
E001,T1-0000,2137.0,260.47396,89,3767.257,-9.434,63.533,70.487,42.385,49.369,4209.263,96.829,98.547,101.136,101.719,662.772,658.16,665.723,659.299,87.883,100.849,3.485,7.865,3.037,0.654,0.314,0.229,2.973,14.183,13.843,21.5,NORMAL,0.0,-1.0,100.0
E001,T1-0000,2138.0,260.47424,90,3767.416,-9.435,63.532,70.469,42.373,49.362,4211.64,96.565,98.265,101.156,101.361,660.596,657.973,666.336,661.255,88.064,100.945,3.491,7.87,3.038,0.677,0.312,0.23,2.951,14.181,13.918,21.505,NORMAL,0.0,-1.0,100.0
E001,T1-0000,2139.0,260.47452,91,3767.578,-9.436,63.53,70.451,42.361,49.36,4214.709,96.319,98.065,100.849,101.665,661.803,658.635,666.419,661.065,88.033,100.89,3.49,7.876,3.052,0.663,0.308,0.227,2.96,14.196,14.059,21.511,NORMAL,0.0,-1.0,100.0
E001,T1-0000,2140.0,260.47479,92,3767.743,-9.438,63.529,70.433,42.348,49.438,4216.394,96.066,98.076,100.58,101.553,661.201,660.901,663.957,663.998,88.02,100.922,3.491,7.878,3.062,0.659,0.309,0.227,2.974,14.218,14.024,21.514,NORMAL,0.0,-1.0,100.0
E001,T1-0000,2141.0,260.47507,93,3767.912,-9.439,63.528,70.414,42.336,49.384,4215.422,95.873,97.841,100.574,101.699,664.635,661.471,662.45,663.546,87.841,100.929,3.49,7.874,3.052,0.66,0.309,0.224,2.982,14.205,14.12,21.513,NORMAL,0.0,-1.0,100.0
E001,T1-0000,2142.0,260.47535,94,3768.084,-9.44,63.526,70.396,42.323,49.349,4209.935,95.881,97.862,100.991,101.411,662.231,661.864,663.86,662.035,87.898,100.913,3.489,7.859,3.046,0.68,0.327,0.229,2.945,14.202,14.262,21.503,NORMAL,0.0,-1.0,100.0
E001,T1-0000,2143.0,260.47563,95,3768.259,-9.441,63.525,70.378,42.31,49.269,4207.466,96.228,97.79,101.41,101.601,662.272,664.096,663.319,663.852,87.869,100.78,3.484,7.852,3.05,0.679,0.32,0.227,2.895,14.182,13.993,21.499,NORMAL,0.0,-1.0,100.0
E001,T1-0000,2144.0,260.4759,96,3768.437,-9.442,63.523,70.36,42.298,49.357,4200.711,95.66,97.427,101.402,102.02,660.821,662.316,661.221,662.064,87.956,100.8,3.487,7.833,3.042,0.671,0.329,0.225,2.921,14.185,14.209,21.486,NORMAL,0.0,-1.0,100.0
E001,T1-0000,2145.0,260.47618,97,3768.618,-9.443,63.522,70.341,42.285,49.3,4206.258,95.715,97.584,102.18,102.338,661.94,660.154,661.433,662.347,87.877,100.93,3.488,7.846,3.062,0.661,0.333,0.227,2.924,14.199,14.289,21.497,NORMAL,0.0,-1.0,100.0
E001,T1-0000,2146.0,260.47646,98,3768.803,-9.444,63.52,70.323,42.272,49.242,4209.962,95.101,98.345,102.205,102.046,659.934,659.406,660.291,661.068,87.762,100.854,3.491,7.854,3.059,0.655,0.33,0.226,2.886,14.19,13.963,21.505,NORMAL,0.0,-1.0,100.0
E001,T1-0000,2147.0,260.47674,99,3768.99,-9.446,63.519,70.304,42.26,49.227,4205.78,96.149,98.042,102.306,102.218,660.857,661.017,662.233,657.961,87.814,100.947,3.481,7.842,3.046,0.652,0.329,0.224,2.929,14.195,14.362,21.497,NORMAL,0.0,-1.0,100.0
E001,T1-0000,2148.0,260.47702,100,3769.181,-9.447,63.517,70.286,42.247,49.302,4201.428,96.513,98.398,102.287,101.882,661.323,659.569,664.379,659.843,87.802,100.834,3.483,7.83,3.03,0.648,0.323,0.225,2.942,14.186,14.171,21.49,NORMAL,0.0,-1.0,100.0
E001,T1-0000,2149.0,260.47729,101,3769.375,-9.448,63.515,70.267,42.234,49.24,4199.042,96.085,98.098,102.139,102.053,661.311,661.862,663.832,660.367,87.749,100.868,3.481,7.822,3.06,0.655,0.322,0.225,2.932,14.207,13.812,21.486,NORMAL,0.0,-1.0,100.0
E001,T1-0000,2150.0,260.47757,102,3769.573,-9.449,63.514,70.249,42.221,49.179,4208.079,96.395,97.054,102.502,101.915,662.247,660.623,662.962,662.335,87.691,100.769,3.483,7.843,3.071,0.653,0.317,0.223,2.946,14.195,14.277,21.503,NORMAL,0.0,-1.0,100.0
E001,T1-0000,2151.0,260.47785,103,3769.773,-9.451,63.512,70.23,42.208,49.166,4205.081,96.191,96.804,102.606,101.825,658.52,660.853,660.869,663.623,87.853,100.73,3.481,7.834,3.026,0.645,0.313,0.229,2.912,14.173,14.091,21.498,NORMAL,0.0,-1.0,100.0
E001,T1-0000,2152.0,260.47813,104,3769.977,-9.452,63.511,70.211,42.195,49.151,4201.785,96.44,97.402,102.288,101.767,660.329,662.002,661.293,662.47,87.851,100.865,3.482,7.824,3.051,0.65,0.313,0.226,2.94,14.183,13.953,21.492,NORMAL,0.0,-1.0,100.0
E001,T1-0000,2153.0,260.4784,105,3770.183,-9.453,63.509,70.193,42.182,49.346,4201.397,96.917,98.016,102.105,102.005,661.531,660.526,663.763,661.582,87.911,100.808,3.483,7.822,3.052,0.64,0.31,0.226,2.958,14.202,13.983,21.492,NORMAL,0.0,-1.0,100.0
E001,T1-0000,2154.0,260.47868,106,3770.393,-9.455,63.507,70.174,42.169,49.324,4199.676,97.02,98.732,101.704,102.483,659.507,660.119,663.699,660.374,88.031,100.787,3.479,7.816,3.048,0.65,0.31,0.224,3.002,14.205,14.129,21.489,NORMAL,0.0,-1.0,100.0
E001,T1-0000,2155.0,260.47896,107,3770.606,-9.456,63.505,70.155,42.156,49.245,4200.716,96.808,99.03,101.671,102.569,659.102,659.703,661.238,657.548,88.109,100.849,3.484,7.817,3.057,0.66,0.31,0.223,2.996,14.184,14.031,21.491,NORMAL,0.0,-1.0,100.0
E001,T1-0000,2156.0,260.47924,108,3770.822,-9.458,63.504,70.136,42.143,49.184,4198.933,97.249,98.21,101.172,102.592,659.898,660.078,659.538,660.824,88.138,100.803,3.485,7.81,3.045,0.646,0.307,0.228,2.996,14.186,14.077,21.488,NORMAL,0.0,-1.0,100.0
E001,T1-0000,2157.0,260.47952,109,3771.041,-9.459,63.502,70.117,42.13,49.153,4196.495,97.161,98.567,101.013,102.178,659.213,657.846,661.318,659.951,88.078,100.851,3.484,7.803,3.037,0.64,0.314,0.225,3.047,14.202,14.008,21.484,NORMAL,0.0,-1.0,100.0
E001,T1-0000,2158.0,260.47979,110,3771.264,-9.46,63.5,70.098,42.117,49.075,4197.85,96.814,98.865,101.298,101.952,656.902,657.66,657.467,659.375,88.005,100.831,3.479,7.804,3.049,0.639,0.314,0.225,3.05,14.185,14.368,21.487,NORMAL,0.0,-1.0,100.0
E001,T1-0000,2159.0,260.48007,111,3771.489,-9.462,63.498,70.08,42.104,49.137,4199.441,98.092,98.784,101.298,101.844,658.912,659.209,659.981,659.023,88.136,100.862,3.483,7.807,3.044,0.638,0.312,0.223,3.009,14.223,13.881,21.491,NORMAL,0.0,-1.0,100.0
E001,T1-0000,2160.0,260.48035,112,3771.717,-9.463,63.496,70.061,42.09,49.175,4195.841,97.931,98.656,101.074,101.762,658.092,657.04,663.787,658.143,88.033,100.86,3.48,7.796,3.049,0.643,0.309,0.221,3.016,14.217,14.249,21.484,NORMAL,0.0,-1.0,100.0
E001,T1-0000,2161.0,260.48063,113,3872.955,-10.121,62.668,55.0,32.302,41.562,3973.843,97.161,98.317,100.979,101.918,650.876,645.566,655.51,645.289,88.166,100.715,3.361,6.136,3.058,0.637,0.314,0.228,3.05,14.214,14.133,21.406,NORMAL,0.0,-1.0,100.0
E001,T1-0000,2162.0,260.4809,114,3862.437,-10.053,62.753,55.0,32.346,41.536,3847.92,96.861,98.813,101.698,101.258,642.682,640.28,647.646,640.644,88.27,100.777,3.292,5.877,3.07,0.631,0.307,0.224,3.068,14.183,14.417,21.166,NORMAL,0.0,-1.0,100.0
E001,T1-0000,2163.0,260.48118,115,3851.92,-9.985,62.839,55.0,32.391,41.718,3781.256,97.204,99.234,101.462,101.092,637.939,638.468,642.511,637.977,88.155,100.69,3.254,5.743,3.048,0.622,0.3,0.222,3.028,14.182,14.272,21.038,NORMAL,0.0,-1.0,100.0
E001,T1-0000,2164.0,260.48146,116,3841.402,-9.916,62.925,55.0,32.435,41.769,3740.488,97.222,98.795,101.714,101.358,634.146,635.208,636.513,634.781,88.331,100.676,3.246,5.664,3.051,0.609,0.302,0.219,2.966,14.176,14.21,20.959,NORMAL,0.0,-1.0,100.0
E001,T1-0000,2165.0,260.48174,117,3830.884,-9.848,63.011,55.0,32.479,41.783,3727.991,96.938,98.789,101.535,101.23,630.879,633.249,631.055,631.047,88.18,100.608,3.23,5.644,3.058,0.614,0.299,0.218,2.968,14.176,14.017,20.934,NORMAL,0.0,-1.0,100.0
E001,T1-0000,2166.0,260.48202,118,3820.366,-9.78,63.097,55.0,32.523,41.903,3720.445,96.967,98.729,101.274,100.61,629.712,629.849,630.245,630.908,88.27,100.656,3.234,5.635,3.053,0.624,0.299,0.217,2.968,14.175,14.321,20.918,NORMAL,0.0,-1.0,100.0
E001,T1-0000,2167.0,260.48229,119,3809.849,-9.711,63.183,55.0,32.568,41.924,3712.573,96.514,99.562,100.955,99.891,629.738,631.79,629.18,628.669,88.2,100.42,3.23,5.625,3.047,0.633,0.3,0.215,2.958,14.219,14.212,20.901,NORMAL,0.0,-1.0,100.0
E001,T1-0000,2168.0,260.48257,120,3799.331,-9.643,63.269,55.0,32.612,41.938,3709.909,96.411,99.102,100.181,100.082,628.93,631.871,629.058,627.824,88.146,100.512,3.226,5.626,3.054,0.634,0.297,0.219,2.933,14.185,14.175,20.895,NORMAL,0.0,-1.0,100.0
E001,T1-0000,2169.0,260.48285,121,3788.813,-9.574,63.356,55.0,32.657,41.958,3708.804,96.263,99.343,100.595,99.904,630.324,630.287,630.981,627.344,88.039,100.37,3.227,5.63,3.04,0.618,0.295,0.216,2.971,14.214,14.222,20.891,NORMAL,0.0,-1.0,100.0
E001,T1-0000,2170.0,260.48313,122,3778.295,-9.506,63.442,55.0,32.701,42.005,3712.394,96.152,98.92,99.96,99.709,630.374,629.483,631.403,627.287,88.037,100.446,3.222,5.644,3.04,0.604,0.291,0.214,3.005,14.219,14.316,20.896,NORMAL,0.0,-1.0,100.0
E001,T1-0000,2171.0,260.4834,123,3767.778,-9.438,63.529,55.0,32.746,42.19,3703.252,96.127,98.707,100.279,99.463,630.438,626.946,631.247,628.531,88.091,100.448,3.231,5.631,3.053,0.625,0.288,0.216,3.037,14.187,14.184,20.877,NORMAL,0.0,-1.0,100.0
E001,T1-0000,2172.0,260.48368,124,3757.26,-9.369,63.615,55.0,32.791,42.212,3703.025,95.989,98.483,100.543,99.817,628.772,626.294,634.68,628.094,88.004,100.176,3.226,5.637,3.041,0.609,0.291,0.218,3.052,14.226,14.307,20.875,NORMAL,0.0,-1.0,100.0
E001,T1-0000,2173.0,260.48396,125,3746.742,-9.301,63.702,55.0,32.835,42.296,3706.364,96.146,98.62,100.182,100.262,627.172,625.79,633.181,626.471,88.169,100.209,3.224,5.65,3.049,0.621,0.289,0.217,3.094,14.207,14.02,20.88,NORMAL,0.0,-1.0,100.0
E001,T1-0000,2174.0,260.48424,126,3736.224,-9.233,63.789,55.0,32.88,42.33,3713.399,96.004,98.494,100.146,100.706,628.678,626.336,633.1,631.442,88.218,100.191,3.228,5.671,3.07,0.656,0.286,0.216,3.121,14.237,14.394,20.892,NORMAL,0.0,-1.0,100.0
E001,T1-0000,2175.0,260.48452,127,3725.707,-9.164,63.876,55.0,32.925,42.313,3708.286,95.512,98.65,99.609,100.247,628.964,626.911,632.114,631.739,88.087,100.089,3.224,5.667,3.039,0.632,0.288,0.213,3.128,14.178,14.32,20.881,NORMAL,0.0,-1.0,100.0
E001,T1-0000,2176.0,260.48479,128,3715.189,-9.096,63.963,55.0,32.97,42.369,3717.215,96.09,98.484,99.238,100.477,629.166,628.449,630.108,630.966,88.18,99.996,3.23,5.692,3.051,0.614,0.29,0.215,3.101,14.173,14.462,20.896,NORMAL,0.0,-1.0,100.0
E001,T1-0000,2177.0,260.48507,129,3704.671,-9.028,64.05,55.0,33.015,42.454,3715.659,96.725,98.947,99.019,100.756,629.636,630.586,624.305,631.412,88.167,100.179,3.23,5.695,3.054,0.607,0.287,0.214,3.1,14.186,14.076,20.891,NORMAL,0.0,-1.0,100.0
E001,T1-0000,2178.0,260.48535,130,3694.153,-8.959,64.137,55.0,33.06,42.574,3716.876,97.038,98.874,98.533,100.856,629.881,631.68,625.932,632.634,88.2,100.063,3.23,5.704,3.023,0.616,0.286,0.211,3.105,14.176,14.088,20.892,NORMAL,0.0,-1.0,100.0
E001,T1-0000,2179.0,260.48563,131,3683.636,-8.891,64.224,55.0,33.105,42.564,3718.001,96.938,98.426,98.125,100.551,630.328,632.602,625.606,631.1,88.192,100.051,3.24,5.713,3.05,0.611,0.285,0.212,3.077,14.223,14.24,20.893,NORMAL,0.0,-1.0,100.0
E001,T1-0000,2180.0,260.4859,132,3673.118,-8.822,64.312,55.0,33.15,42.756,3719.271,97.592,98.487,98.072,100.589,631.666,631.768,627.635,631.186,88.119,99.995,3.237,5.722,3.02,0.616,0.283,0.211,3.085,14.175,14.236,20.894,NORMAL,0.0,-1.0,100.0
E001,T1-0000,2181.0,260.48618,133,3662.6,-8.754,64.399,55.0,33.195,42.729,3721.227,97.357,98.252,97.462,100.374,630.929,630.44,629.61,630.625,88.235,99.88,3.245,5.733,3.039,0.636,0.282,0.213,3.048,14.204,14.32,20.896,NORMAL,0.0,-1.0,100.0
E001,T1-0000,2182.0,260.48646,134,3652.083,-8.686,64.487,55.0,33.24,42.725,3724.273,97.208,98.184,97.632,100.855,632.345,633.336,630.448,629.972,87.986,99.898,3.24,5.746,3.056,0.624,0.285,0.216,3.053,14.247,14.144,20.9,NORMAL,0.0,-1.0,100.0
E001,T1-0000,2183.0,260.48674,135,3641.565,-8.617,64.574,55.0,33.285,42.829,3726.528,97.368,98.996,97.552,100.741,630.038,635.09,627.665,630.99,88.173,99.846,3.244,5.757,3.05,0.622,0.287,0.215,3.048,14.206,14.397,20.903,NORMAL,0.0,-1.0,100.0
E001,T1-0000,2184.0,260.48702,136,3631.047,-8.549,64.662,55.0,33.33,42.863,3722.597,97.386,98.495,97.656,101.014,631.432,635.431,629.101,632.032,88.063,99.867,3.236,5.755,3.045,0.61,0.287,0.215,3.0,14.238,14.284,20.894,NORMAL,0.0,-1.0,100.0
E001,T1-0000,2185.0,260.48729,137,3620.529,-8.481,64.75,55.0,33.376,42.933,3726.798,97.738,98.824,97.902,100.724,632.262,632.111,631.568,630.615,88.026,99.713,3.247,5.77,3.066,0.608,0.292,0.215,3.025,14.179,14.395,20.9,NORMAL,0.0,-1.0,100.0
E001,T1-0000,2186.0,260.48757,138,3610.012,-8.412,64.838,55.0,33.421,42.993,3729.232,97.583,98.771,98.01,99.988,630.804,633.342,628.804,632.206,88.134,99.711,3.248,5.782,3.064,0.596,0.297,0.217,2.98,14.201,14.485,20.903,NORMAL,0.0,-1.0,100.0
E001,T1-0000,2187.0,260.48785,139,3599.494,-8.344,64.926,55.0,33.466,42.963,3733.036,97.747,98.56,97.905,100.267,630.613,634.689,629.031,630.655,88.166,99.726,3.253,5.797,3.036,0.61,0.294,0.218,2.981,14.206,14.419,20.909,NORMAL,0.0,-1.0,100.0
E001,T1-0000,2188.0,260.48813,140,3588.976,-8.276,65.014,55.0,33.512,43.132,3733.235,97.443,98.606,97.567,100.834,630.593,630.766,628.294,632.384,88.188,99.674,3.246,5.803,3.062,0.606,0.294,0.217,3.006,14.199,14.129,20.907,NORMAL,0.0,-1.0,100.0
E001,T1-0000,2189.0,260.4884,141,3578.458,-8.207,65.103,55.0,33.557,43.245,3736.131,97.703,99.272,97.623,101.423,631.395,632.089,628.56,633.625,88.18,99.769,3.248,5.816,3.037,0.652,0.297,0.215,3.008,14.234,14.514,20.911,NORMAL,0.0,-1.0,100.0
E001,T1-0000,2190.0,260.48868,142,3567.941,-8.139,65.191,55.0,33.603,43.235,3739.191,97.943,99.245,97.494,101.123,630.317,632.873,629.628,632.506,88.225,99.566,3.253,5.829,3.049,0.635,0.295,0.213,2.98,14.177,14.553,20.915,NORMAL,0.0,-1.0,100.0
E001,T1-0000,2191.0,260.48896,143,3557.423,-8.07,65.279,55.0,33.648,43.261,3736.432,97.812,99.685,97.467,101.044,630.634,635.165,631.124,633.288,88.099,99.579,3.262,5.83,3.046,0.656,0.292,0.212,2.939,14.179,14.33,20.909,NORMAL,0.0,-1.0,100.0
E001,T1-0000,2192.0,260.48924,144,3546.905,-8.002,65.368,55.0,33.694,43.451,3740.88,97.777,100.107,97.384,101.029,631.769,634.008,631.554,633.172,88.067,99.549,3.258,5.846,3.036,0.636,0.292,0.212,2.989,14.201,14.561,20.915,NORMAL,0.0,-1.0,100.0
E001,T1-0000,2193.0,260.48952,145,3536.387,-7.934,65.457,55.0,33.74,43.328,3742.153,97.724,100.08,97.453,100.566,633.347,638.09,632.687,635.784,88.354,99.578,3.267,5.856,3.046,0.619,0.29,0.211,2.983,14.194,14.372,20.916,NORMAL,0.0,-1.0,100.0
E001,T1-0000,2194.0,260.48979,146,3525.87,-7.865,65.545,55.0,33.786,43.49,3741.955,97.025,99.663,97.206,101.086,635.131,638.41,633.38,637.943,88.122,99.476,3.247,5.861,3.049,0.614,0.29,0.211,3.028,14.199,14.335,20.914,NORMAL,0.0,-1.0,100.0
E001,T1-0000,2195.0,260.49007,147,3515.352,-7.797,65.634,55.0,33.831,43.542,3749.782,97.366,98.93,97.854,101.146,635.379,636.14,632.21,637.005,88.154,99.445,3.262,5.885,3.067,0.624,0.29,0.214,3.073,14.193,14.52,20.928,NORMAL,0.0,-1.0,100.0
E001,T1-0000,2196.0,260.49035,148,3504.834,-7.729,65.723,55.0,33.877,43.632,3749.284,97.513,98.887,98.602,101.018,635.582,634.991,631.248,637.356,88.032,99.54,3.261,5.891,3.034,0.612,0.289,0.212,3.043,14.17,14.314,20.925,NORMAL,0.0,-1.0,100.0
E001,T1-0000,2197.0,260.49063,149,3494.316,-7.66,65.812,55.0,33.923,43.631,3745.091,97.669,98.704,98.469,101.415,636.417,634.465,629.743,637.85,88.03,99.521,3.263,5.888,3.052,0.623,0.291,0.213,3.068,14.239,14.206,20.915,NORMAL,0.0,-1.0,100.0
E001,T1-0000,2198.0,260.4909,150,3483.799,-7.592,65.901,55.0,33.969,43.783,3749.025,97.553,98.825,98.016,101.408,637.036,633.814,629.603,636.354,87.998,99.475,3.259,5.903,3.045,0.614,0.288,0.212,3.068,14.161,14.681,20.921,NORMAL,0.0,-1.0,100.0
E001,T1-0000,2199.0,260.49118,151,3473.281,-7.524,65.991,55.0,34.015,43.814,3748.147,97.403,98.616,97.81,101.159,637.202,635.052,631.878,632.747,88.124,99.398,3.258,5.908,3.062,0.612,0.292,0.216,3.036,14.19,14.388,20.918,NORMAL,0.0,-1.0,100.0
E001,T1-0000,2200.0,260.49146,152,3462.763,-7.455,66.08,55.0,34.061,43.915,3746.487,97.546,98.489,98.093,100.695,637.236,635.533,632.286,634.271,87.969,99.327,3.265,5.911,3.045,0.613,0.29,0.214,2.986,14.203,14.572,20.913,NORMAL,0.0,-1.0,100.0
E001,T1-0000,2201.0,260.49174,153,3452.245,-7.387,66.169,55.0,34.107,43.808,3749.108,97.708,98.126,98.156,100.281,636.75,633.348,630.043,631.767,88.142,99.42,3.266,5.923,3.048,0.611,0.29,0.213,2.958,14.183,14.509,20.917,NORMAL,0.0,-1.0,100.0
E001,T1-0000,2202.0,260.49202,154,3441.728,-7.318,66.259,55.0,34.153,43.916,3745.826,98.239,97.719,98.621,100.47,638.46,632.963,631.244,628.964,88.059,99.361,3.262,5.923,3.062,0.612,0.292,0.214,2.925,14.186,14.525,20.909,NORMAL,0.0,-1.0,100.0
E001,T1-0000,2203.0,260.49229,155,3431.21,-7.25,66.348,55.0,34.199,43.994,3748.792,98.064,97.326,97.861,100.397,637.615,633.225,629.919,632.837,87.99,99.389,3.265,5.936,3.051,0.606,0.298,0.214,2.969,14.221,14.253,20.913,NORMAL,0.0,-1.0,100.0
E001,T1-0000,2204.0,260.49257,156,3420.692,-7.182,66.438,55.0,34.246,44.089,3747.642,98.038,97.636,97.229,100.763,637.958,634.936,633.098,634.11,88.153,99.161,3.268,5.94,3.055,0.606,0.294,0.212,2.982,14.238,14.477,20.909,NORMAL,0.0,-1.0,100.0
E001,T1-0000,2205.0,260.49285,157,3410.175,-7.113,66.528,55.0,34.292,44.155,3753.839,97.924,97.89,97.792,100.867,638.037,636.155,633.172,633.307,88.069,99.232,3.266,5.96,3.065,0.607,0.293,0.212,2.985,14.163,14.833,20.919,NORMAL,0.0,-1.0,100.0
E001,T1-0000,2206.0,260.49313,158,3399.657,-7.045,66.618,55.0,34.338,44.149,3756.302,97.544,97.55,98.202,100.491,637.911,635.493,633.481,632.855,88.099,99.353,3.28,5.972,3.06,0.617,0.296,0.213,2.978,14.185,14.591,20.922,NORMAL,0.0,-1.0,100.0
E001,T1-0000,2207.0,260.4934,159,3389.139,-6.977,66.708,55.0,34.385,44.196,3756.641,97.572,97.26,97.74,100.233,637.21,636.891,633.715,633.934,88.08,99.182,3.269,5.979,3.05,0.632,0.294,0.215,3.02,14.21,14.237,20.921,NORMAL,0.0,-1.0,100.0
E001,T1-0000,2208.0,260.49368,160,3378.621,-6.908,66.798,55.0,34.431,44.271,3759.687,97.606,97.31,97.653,99.731,638.117,636.791,636.999,634.395,87.951,99.174,3.276,5.993,3.049,0.62,0.289,0.215,3.037,14.215,14.306,20.925,NORMAL,0.0,-1.0,100.0
E001,T1-0000,2209.0,260.49396,161,3368.104,-6.84,66.888,55.0,34.478,44.342,3764.091,97.693,97.423,97.867,99.5,636.418,639.193,635.907,634.565,88.156,99.2,3.282,6.009,3.025,0.613,0.287,0.221,2.986,14.223,14.522,20.932,NORMAL,0.0,-1.0,100.0
E001,T1-0000,2210.0,260.49424,162,3357.586,-6.772,66.979,55.0,34.524,44.443,3762.479,97.895,97.388,97.732,99.352,638.278,637.162,637.103,634.707,88.175,99.23,3.273,6.012,3.047,0.638,0.292,0.22,3.0,14.196,14.37,20.927,NORMAL,0.0,-1.0,100.0
E001,T1-0000,2211.0,260.49452,163,3347.068,-6.703,67.069,55.0,34.571,44.496,3761.385,97.612,97.05,97.454,99.087,636.832,634.671,637.83,637.728,88.165,99.185,3.275,6.017,3.06,0.638,0.295,0.225,2.995,14.195,14.507,20.924,NORMAL,0.0,-1.0,100.0
E001,T1-0000,2212.0,260.49479,164,3336.55,-6.635,67.16,55.0,34.618,44.53,3763.013,97.822,96.84,97.386,98.643,637.801,633.595,635.991,638.252,88.087,99.141,3.273,6.027,3.037,0.639,0.296,0.223,2.958,14.198,14.696,20.925,NORMAL,0.0,-1.0,100.0
E001,T1-0000,2213.0,260.49507,165,3326.033,-6.566,67.25,55.0,34.664,44.622,3763.118,97.577,96.86,97.328,98.733,639.16,633.137,636.209,640.309,88.143,99.192,3.283,6.034,3.06,0.623,0.293,0.224,2.926,14.235,14.401,20.924,NORMAL,0.0,-1.0,100.0
E001,T1-0000,2214.0,260.49535,166,3315.515,-6.498,67.341,55.0,34.711,44.7,3759.313,98.249,96.756,97.54,98.819,640.254,633.448,635.264,638.241,88.304,99.146,3.269,6.032,3.034,0.619,0.291,0.225,2.936,14.196,14.526,20.915,NORMAL,0.0,-1.0,100.0
E001,T1-0000,2215.0,260.49563,167,3304.997,-6.43,67.432,55.0,34.758,44.787,3766.25,97.814,96.674,97.867,99.408,637.625,636.154,634.555,637.404,88.201,99.149,3.279,6.054,3.049,0.631,0.299,0.225,2.914,14.196,14.371,20.926,NORMAL,0.0,-1.0,100.0
E001,T1-0000,2216.0,260.4959,168,3294.479,-6.361,67.523,55.0,34.805,44.862,3769.136,97.92,96.457,97.584,99.328,636.836,636.473,633.672,639.496,88.147,99.06,3.278,6.067,3.042,0.625,0.301,0.221,2.934,14.202,14.366,20.93,NORMAL,0.0,-1.0,100.0
E001,T1-0000,2217.0,260.49618,169,3283.962,-6.293,67.614,55.0,34.852,44.743,3773.635,97.996,96.073,97.78,99.269,638.147,634.915,636.492,642.747,88.239,99.098,3.282,6.084,3.037,0.613,0.297,0.218,2.93,14.232,14.462,20.937,NORMAL,0.0,-1.0,100.0
E001,T1-0000,2218.0,260.49646,170,3273.444,-6.225,67.705,55.0,34.899,44.881,3773.648,97.569,95.848,97.502,99.697,641.453,638.65,637.496,640.852,88.408,99.164,3.287,6.091,3.053,0.607,0.292,0.216,2.966,14.233,14.597,20.935,NORMAL,0.0,-1.0,100.0
E001,T1-0000,2219.0,260.49674,171,3262.926,-6.156,67.796,55.0,34.946,44.907,3770.091,97.206,95.561,97.315,99.327,642.05,637.814,636.116,641.569,88.336,98.992,3.282,6.089,3.061,0.601,0.294,0.214,2.998,14.219,14.643,20.927,NORMAL,0.0,-1.0,100.0
E001,T1-0000,2220.0,260.49702,172,3252.408,-6.088,67.887,55.0,34.993,44.973,3773.531,97.094,95.487,97.821,99.81,641.878,638.372,637.668,642.104,88.369,99.241,3.283,6.104,3.069,0.592,0.298,0.213,2.959,14.188,14.761,20.932,NORMAL,0.0,-1.0,100.0
E001,T1-0000,2221.0,260.49729,173,3241.891,-6.019,67.979,55.0,35.04,45.063,3777.823,96.872,95.003,97.372,99.67,641.765,638.696,638.48,643.032,88.286,99.126,3.287,6.12,3.06,0.603,0.296,0.211,2.97,14.196,14.651,20.938,NORMAL,0.0,-1.0,100.0
E001,T1-0000,2222.0,260.49757,174,3231.373,-5.951,68.07,55.0,35.087,45.088,3779.715,96.158,95.35,97.114,99.975,642.276,638.958,635.575,644.078,88.234,98.983,3.283,6.131,3.068,0.61,0.291,0.213,2.953,14.181,14.616,20.94,NORMAL,0.0,-1.0,100.0
E001,T1-0000,2223.0,260.49785,175,3220.855,-5.883,68.162,55.0,35.134,45.219,3782.36,95.871,95.699,97.329,99.928,639.174,640.026,636.317,642.714,88.201,99.099,3.296,6.144,3.046,0.615,0.291,0.214,2.953,14.2,14.585,20.944,NORMAL,0.0,-1.0,100.0
E001,T1-0000,2224.0,260.49813,176,3210.337,-5.814,68.253,55.0,35.181,45.233,3784.955,95.781,96.324,97.54,99.493,640.59,638.192,641.578,642.203,88.092,99.077,3.29,6.157,3.042,0.629,0.291,0.218,2.924,14.182,14.693,20.947,NORMAL,0.0,-1.0,100.0
E001,T1-0000,2225.0,260.4984,177,3199.82,-5.746,68.345,55.0,35.229,45.312,3788.441,96.044,95.878,98.074,99.666,637.714,635.487,638.758,641.805,88.151,99.161,3.289,6.172,3.064,0.643,0.297,0.219,2.956,14.216,14.459,20.952,NORMAL,0.0,-1.0,100.0
E001,T1-0000,2226.0,260.49868,178,3189.302,-5.678,68.437,55.0,35.276,45.423,3785.841,96.559,95.543,98.049,99.352,640.652,640.235,640.87,644.157,87.959,98.899,3.293,6.173,3.054,0.635,0.299,0.22,2.965,14.194,14.813,20.945,NORMAL,0.0,-1.0,100.0
E001,T1-0000,2227.0,260.49896,179,3178.784,-5.609,68.529,55.0,35.324,45.434,3787.82,96.45,96.103,97.992,99.193,640.848,639.41,640.62,643.714,88.065,98.919,3.296,6.184,3.05,0.621,0.296,0.226,2.971,14.215,14.743,20.947,NORMAL,0.0,-1.0,100.0
E001,T1-0000,2228.0,260.49924,180,3168.267,-5.541,68.621,55.0,35.371,45.501,3789.775,96.179,95.641,97.773,99.085,643.072,641.744,642.631,643.416,87.833,98.962,3.302,6.196,3.06,0.608,0.299,0.222,2.956,14.17,14.676,20.95,NORMAL,0.0,-1.0,100.0
E001,T1-0000,2229.0,260.49952,181,3157.749,-5.473,68.713,55.0,35.419,45.508,3792.919,96.338,95.388,97.96,99.091,641.809,641.103,642.319,641.494,87.854,98.934,3.298,6.21,3.055,0.606,0.294,0.222,2.916,14.216,14.707,20.954,NORMAL,0.0,-1.0,100.0
E001,T1-0000,2230.0,260.49979,182,3147.231,-5.404,68.806,55.0,35.466,45.656,3794.51,96.636,95.462,98.68,99.072,640.633,642.994,639.814,642.386,88.004,98.918,3.294,6.22,3.052,0.598,0.29,0.227,2.853,14.18,14.572,20.955,NORMAL,0.0,-1.0,100.0
E001,T1-0000,2231.0,260.50007,183,3136.713,-5.336,68.898,55.0,35.514,45.689,3797.478,96.319,95.539,98.582,99.078,641.498,641.929,638.866,641.92,87.929,98.966,3.304,6.234,3.068,0.621,0.287,0.226,2.884,14.183,14.582,20.959,NORMAL,0.0,-1.0,100.0
E001,T1-0000,2232.0,260.50035,184,3126.196,-5.267,68.991,55.0,35.561,45.796,3793.52,96.423,96.187,99.795,99.191,641.554,642.145,640.141,641.536,88.099,99.023,3.302,6.232,3.051,0.621,0.287,0.222,2.914,14.187,14.801,20.95,NORMAL,0.0,-1.0,100.0
E001,T1-0000,2233.0,260.50063,185,3115.678,-5.199,69.083,55.0,35.609,45.796,3794.155,96.711,96.385,99.73,99.118,639.618,640.785,643.541,640.114,87.933,98.794,3.297,6.24,3.045,0.622,0.285,0.219,2.891,14.187,14.627,20.949,NORMAL,0.0,-1.0,100.0
E001,T1-0000,2234.0,260.5009,186,3105.16,-5.131,69.176,55.0,35.657,45.981,3797.169,96.851,95.623,100.084,99.101,642.767,641.499,638.422,638.081,87.921,98.846,3.299,6.254,3.042,0.623,0.293,0.225,2.91,14.2,15.003,20.954,NORMAL,0.0,-1.0,100.0
E001,T1-0000,2235.0,260.50118,187,3094.642,-5.062,69.269,55.0,35.705,45.978,3797.716,97.25,96.147,100.164,99.034,646.734,640.727,640.637,641.009,87.908,98.95,3.302,6.262,3.062,0.642,0.289,0.227,2.912,14.18,14.559,20.953,NORMAL,0.0,-1.0,100.0
E001,T1-0000,2236.0,260.50146,188,3084.125,-4.994,69.362,55.0,35.753,45.974,3801.101,96.804,96.134,99.872,99.319,645.491,640.855,640.891,647.235,87.744,98.815,3.297,6.277,3.045,0.657,0.288,0.227,2.896,14.2,14.791,20.958,NORMAL,0.0,-1.0,100.0
E001,T1-0000,2237.0,260.50174,189,3073.607,-4.926,69.455,55.0,35.801,46.035,3807.858,96.936,95.632,100.13,99.363,644.636,644.227,643.218,646.494,87.724,98.903,3.308,6.299,3.054,0.642,0.287,0.23,2.914,14.175,14.65,20.969,NORMAL,0.0,-1.0,100.0
E001,T1-0000,2238.0,260.50202,190,3063.089,-4.857,69.548,55.0,35.849,46.137,3810.639,96.908,95.963,99.666,99.423,647.32,645.702,644.475,644.451,87.884,98.919,3.305,6.313,3.047,0.637,0.287,0.234,2.888,14.202,14.692,20.972,NORMAL,0.0,-1.0,100.0
E001,T1-0000,2239.0,260.50229,191,3052.571,-4.789,69.641,55.0,35.897,46.189,3809.137,96.658,96.084,99.565,98.836,648.143,645.151,642.888,644.055,87.819,98.741,3.31,6.316,3.043,0.624,0.289,0.23,2.927,14.221,14.701,20.968,NORMAL,0.0,-1.0,100.0
E001,T1-0000,2240.0,260.50257,192,3042.054,-4.721,69.734,55.0,35.945,46.239,3811.995,96.25,96.328,99.88,98.482,648.497,645.465,641.391,644.331,87.752,98.854,3.315,6.33,3.066,0.626,0.3,0.229,2.912,14.18,14.889,20.972,NORMAL,0.0,-1.0,100.0
E001,T1-0000,2241.0,260.50285,193,3031.536,-4.652,69.828,55.0,35.993,46.355,3812.129,96.538,96.608,99.905,98.533,645.827,648.16,643.836,644.021,87.621,98.834,3.31,6.337,3.039,0.649,0.3,0.224,2.965,14.21,14.756,20.97,NORMAL,0.0,-1.0,100.0
E001,T1-0000,2242.0,260.50313,194,3021.018,-4.584,69.921,55.0,36.041,46.438,3808.205,96.392,96.733,99.62,98.002,647.337,646.869,644.524,644.236,87.687,98.828,3.309,6.335,3.052,0.636,0.295,0.221,2.971,14.159,14.792,20.961,NORMAL,0.0,-1.0,100.0
E001,T1-0000,2243.0,260.5034,195,3010.5,-4.515,70.015,55.0,36.089,46.445,3806.973,96.3,96.355,99.308,98.359,650.486,645.624,642.985,643.962,87.715,98.919,3.307,6.339,3.047,0.618,0.295,0.223,2.959,14.169,14.739,20.957,NORMAL,0.0,-1.0,100.0
E001,T1-0000,2244.0,260.50368,196,2999.983,-4.447,70.109,55.0,36.138,46.514,3812.286,96.506,96.133,99.483,98.278,649.507,647.569,645.787,642.626,87.626,98.866,3.306,6.359,3.041,0.606,0.295,0.222,2.994,14.176,14.501,20.965,NORMAL,0.0,-1.0,100.0
E001,T1-0000,2245.0,260.50396,197,2989.465,-4.379,70.202,55.0,36.186,46.57,3817.635,96.924,95.73,99.07,98.328,647.733,648.811,644.04,642.379,87.498,98.686,3.314,6.378,3.062,0.603,0.294,0.223,2.973,14.213,14.65,20.974,NORMAL,0.0,-1.0,100.0
E001,T1-0000,2246.0,260.50424,198,2978.947,-4.31,70.296,55.0,36.234,46.534,3817.076,96.987,95.963,98.53,98.539,648.099,647.082,644.27,642.433,87.504,98.807,3.309,6.384,3.042,0.604,0.294,0.225,2.947,14.19,14.94,20.971,NORMAL,0.0,-1.0,100.0
E001,T1-0000,2247.0,260.50452,199,2968.429,-4.242,70.39,55.0,36.283,46.724,3814.534,96.148,96.097,98.391,98.18,647.776,649.809,644.761,642.931,87.605,98.726,3.316,6.385,3.052,0.603,0.292,0.224,2.977,14.192,14.714,20.965,NORMAL,0.0,-1.0,100.0
E001,T1-0000,2248.0,260.50479,200,2957.912,-4.174,70.485,55.0,36.331,46.716,3820.777,96.297,96.103,98.431,97.729,644.539,646.167,646.702,643.59,87.669,98.739,3.313,6.407,3.043,0.61,0.293,0.222,2.98,14.182,14.628,20.975,NORMAL,0.0,-1.0,100.0
E001,T1-0000,2249.0,260.50507,201,2947.394,-4.105,70.579,55.0,36.38,46.853,3824.562,96.488,96.208,97.947,97.313,645.76,648.898,646.749,647.086,87.695,98.731,3.31,6.422,3.044,0.601,0.296,0.22,3.016,14.186,14.701,20.98,NORMAL,0.0,-1.0,100.0
E001,T1-0000,2250.0,260.50535,202,2936.876,-4.037,70.673,55.0,36.429,46.873,3823.738,96.502,96.429,97.861,97.56,650.785,648.955,646.967,648.989,87.771,98.606,3.318,6.427,3.044,0.607,0.304,0.222,3.004,14.194,14.704,20.977,NORMAL,0.0,-1.0,100.0
E001,T1-0000,2251.0,260.50563,203,2926.359,-3.969,70.768,55.0,36.477,46.994,3824.468,95.954,96.022,97.399,98.205,648.634,650.157,645.367,648.832,87.844,98.743,3.321,6.436,3.076,0.61,0.301,0.22,3.011,14.262,14.62,20.977,NORMAL,0.0,-1.0,100.0
E001,T1-0000,2252.0,260.5059,204,2915.841,-3.9,70.862,55.0,36.526,47.074,3825.942,95.619,96.404,97.715,98.228,650.146,651.982,647.245,649.857,87.817,98.749,3.317,6.446,3.026,0.604,0.3,0.22,2.996,14.198,14.582,20.978,NORMAL,0.0,-1.0,100.0
E001,T1-0000,2253.0,260.50618,205,2905.323,-3.832,70.957,55.0,36.575,47.1,3829.479,96.272,96.845,97.824,98.528,647.149,650.88,645.477,645.971,87.79,98.767,3.316,6.462,3.063,0.608,0.301,0.218,2.992,14.211,14.923,20.983,NORMAL,0.0,-1.0,100.0
E001,T1-0000,2254.0,260.50646,206,2894.805,-3.763,71.051,55.0,36.624,47.094,3828.227,96.113,97.361,97.982,97.944,646.416,649.851,648.228,647.521,87.862,98.697,3.323,6.466,3.057,0.618,0.31,0.219,2.995,14.24,14.838,20.979,NORMAL,0.0,-1.0,100.0
E001,T1-0000,2255.0,260.50674,207,2884.288,-3.695,71.146,55.0,36.673,47.153,3826.998,95.754,97.629,97.368,98.475,648.672,652.895,647.676,648.408,87.788,98.725,3.326,6.47,3.066,0.609,0.307,0.216,3.018,14.198,14.757,20.975,NORMAL,0.0,-1.0,100.0
E001,T1-0000,2256.0,260.50702,208,2873.77,-3.627,71.241,55.0,36.721,47.274,3830.343,96.205,97.353,97.105,98.845,650.6,650.779,645.888,647.506,87.733,98.677,3.319,6.485,3.073,0.614,0.306,0.217,3.001,14.23,14.754,20.979,NORMAL,0.0,-1.0,100.0
E001,T1-0000,2257.0,260.50729,209,2863.252,-3.558,71.336,55.0,36.77,47.324,3828.598,96.05,97.83,97.973,99.361,649.245,651.305,645.029,647.519,87.719,98.692,3.321,6.488,3.049,0.635,0.303,0.216,3.023,14.222,14.631,20.974,NORMAL,0.0,-1.0,100.0
E001,T1-0000,2258.0,260.50757,210,2852.734,-3.49,71.431,55.0,36.82,47.32,3831.757,95.412,98.354,98.331,99.524,648.971,651.62,646.439,649.504,87.943,98.789,3.321,6.503,3.039,0.627,0.3,0.218,3.066,14.211,14.684,20.978,NORMAL,0.0,-1.0,100.0
E001,T1-0000,2259.0,260.50785,211,2842.217,-3.422,71.527,55.0,36.869,47.472,3835.045,95.937,97.272,97.896,100.045,646.075,651.599,645.697,650.721,87.845,98.802,3.329,6.517,3.029,0.665,0.299,0.218,3.088,14.186,14.696,20.983,NORMAL,0.0,-1.0,100.0
E001,T1-0000,2260.0,260.50813,212,2831.699,-3.353,71.622,55.0,36.918,47.548,3838.707,95.795,97.373,97.553,100.071,644.479,651.175,643.838,650.383,87.844,98.646,3.327,6.533,3.058,0.653,0.3,0.216,3.056,14.187,14.679,20.988,NORMAL,0.0,-1.0,100.0
E001,T1-0000,2261.0,260.5084,213,2821.181,-3.285,71.718,55.0,36.967,47.569,3840.873,95.543,96.902,97.47,100.394,646.596,649.615,644.857,651.127,87.847,98.703,3.325,6.546,3.048,0.65,0.296,0.217,3.053,14.213,14.757,20.991,NORMAL,0.0,-1.0,100.0
E001,T1-0000,2262.0,260.50868,214,2810.663,-3.217,71.813,55.0,37.016,47.729,3840.553,95.193,97.015,97.565,100.084,644.982,651.296,647.255,650.781,87.843,98.654,3.328,6.552,3.04,0.642,0.292,0.216,2.998,14.197,14.61,20.988,NORMAL,0.0,-1.0,100.0
E001,T1-0000,2263.0,260.50896,215,2800.146,-3.148,71.909,55.0,37.066,47.717,3842.07,95.151,96.893,98.212,100.037,645.346,651.287,648.334,652.26,87.909,98.762,3.326,6.563,3.064,0.624,0.293,0.22,2.939,14.22,14.686,20.989,NORMAL,0.0,-1.0,100.0
E001,T1-0000,2264.0,260.50924,216,2789.628,-3.08,72.005,55.0,37.115,47.706,3840.931,94.894,95.999,97.279,99.229,647.101,645.845,646.479,650.61,87.863,98.639,3.328,6.567,3.043,0.621,0.291,0.224,2.933,14.223,14.921,20.986,NORMAL,0.0,-1.0,100.0
E001,T1-0000,2265.0,260.50952,217,2779.11,-3.011,72.1,55.0,37.164,47.904,3842.234,94.957,95.889,97.306,99.281,649.273,648.284,647.953,649.267,87.932,98.733,3.328,6.578,3.03,0.61,0.289,0.222,2.952,14.143,14.639,20.986,NORMAL,0.0,-1.0,100.0
E001,T1-0000,2266.0,260.50979,218,2768.592,-2.943,72.196,55.0,37.214,47.83,3842.615,94.94,96.279,96.971,99.875,649.878,647.188,648.432,650.784,87.931,98.706,3.329,6.586,3.049,0.621,0.291,0.226,2.975,14.205,14.791,20.985,NORMAL,0.0,-1.0,100.0
E001,T1-0000,2267.0,260.51007,219,2758.075,-2.875,72.292,55.0,37.263,47.888,3842.756,94.944,96.177,97.144,99.753,650.999,645.621,648.698,648.673,87.84,98.668,3.333,6.593,3.057,0.617,0.29,0.224,3.006,14.214,15.009,20.984,NORMAL,0.0,-1.0,100.0
E001,T1-0000,2268.0,260.51035,220,2747.557,-2.806,72.389,55.0,37.313,47.992,3841.179,94.692,95.983,96.874,99.833,649.731,648.539,649.171,651.609,88.047,98.741,3.33,6.597,3.053,0.609,0.289,0.224,3.003,14.18,14.672,20.979,NORMAL,0.0,-1.0,100.0
E001,T1-0000,2269.0,260.51063,221,2737.039,-2.738,72.485,55.0,37.363,48.08,3842.604,94.536,95.909,96.871,100.284,651.324,649.411,650.643,652.296,87.926,98.553,3.326,6.607,3.052,0.606,0.298,0.222,3.021,14.192,14.87,20.98,NORMAL,0.0,-1.0,100.0
E001,T1-0000,2270.0,260.5109,222,2726.522,-2.67,72.581,55.0,37.412,48.173,3857.856,94.532,95.905,97.098,100.09,651.793,650.859,653.842,650.075,88.096,98.641,3.334,6.651,3.046,0.603,0.294,0.222,3.056,14.231,15.007,21.007,NORMAL,0.0,-1.0,100.0
E001,T1-0000,2271.0,260.51118,223,2716.004,-2.601,72.678,55.0,37.462,48.271,3858.584,95.321,95.919,97.317,99.867,651.339,650.773,654.998,650.216,87.921,98.675,3.331,6.66,3.059,0.596,0.295,0.221,3.055,14.188,14.73,21.007,NORMAL,0.0,-1.0,100.0
E001,T1-0000,2272.0,260.51146,224,2705.486,-2.533,72.774,55.0,37.512,48.282,3854.126,95.292,95.915,97.132,99.829,650.573,648.559,653.057,649.332,88.003,98.784,3.331,6.656,3.064,0.599,0.3,0.218,3.031,14.199,14.861,20.997,NORMAL,0.0,-1.0,100.0
E001,T1-0000,2273.0,260.51174,225,2694.968,-2.465,72.871,55.0,37.562,48.32,3860.777,95.559,95.808,97.764,100.157,651.059,650.541,653.093,650.308,87.904,98.728,3.332,6.679,3.027,0.614,0.302,0.218,3.054,14.204,14.937,21.008,NORMAL,0.0,-1.0,100.0
E001,T1-0000,2274.0,260.51202,226,2684.451,-2.396,72.968,55.0,37.611,48.383,3857.378,95.382,95.422,98.374,100.039,650.545,654.403,654.198,651.699,88.114,98.741,3.334,6.679,3.042,0.603,0.308,0.219,3.053,14.208,14.862,20.999,NORMAL,0.0,-1.0,100.0
E001,T1-0000,2275.0,260.51229,227,2673.933,-2.328,73.065,55.0,37.661,48.474,3854.293,95.856,95.189,98.488,99.785,651.277,653.321,654.447,653.295,88.072,98.733,3.331,6.678,3.061,0.598,0.302,0.22,3.061,14.185,14.89,20.992,NORMAL,0.0,-1.0,100.0
E001,T1-0000,2276.0,260.51257,228,2663.415,-2.259,73.162,55.0,37.711,48.505,3859.299,95.524,94.696,98.025,100.007,652.686,653.56,655.393,656.575,88.096,98.709,3.337,6.698,3.049,0.611,0.302,0.222,3.059,14.198,14.46,20.999,NORMAL,0.0,-1.0,100.0
E001,T1-0000,2277.0,260.51285,229,2652.897,-2.191,73.259,55.0,37.761,48.568,3862.085,95.981,95.054,97.892,100.058,652.653,653.456,654.874,657.082,87.986,98.749,3.341,6.712,3.047,0.602,0.309,0.223,3.03,14.2,14.718,21.003,NORMAL,0.0,-1.0,100.0
E001,T1-0000,2278.0,260.51313,230,2642.38,-2.123,73.356,55.0,37.812,48.682,3869.103,96.155,95.455,97.521,99.511,654.295,652.268,655.052,657.945,88.167,98.639,3.343,6.736,3.034,0.604,0.308,0.22,3.023,14.216,14.92,21.015,NORMAL,0.0,-1.0,100.0
E001,T1-0000,2279.0,260.5134,231,2631.862,-2.054,73.453,55.0,37.862,48.732,3863.299,96.859,95.709,97.509,99.484,656.385,649.67,657.598,656.768,88.12,98.854,3.338,6.729,3.035,0.597,0.302,0.223,3.021,14.233,14.707,21.002,NORMAL,0.0,-1.0,100.0
E001,T1-0000,2280.0,260.51368,232,2621.344,-1.986,73.551,55.0,37.912,48.713,3863.03,96.803,95.706,97.87,99.996,654.433,648.695,655.066,656.733,88.044,98.689,3.335,6.736,3.03,0.591,0.3,0.221,3.061,14.168,14.708,21.0,NORMAL,0.0,-1.0,100.0
E001,T1-0000,2281.0,260.51396,233,2610.826,-1.918,73.648,55.0,37.962,48.826,3868.683,96.813,95.554,97.559,99.802,655.843,649.979,655.604,655.539,88.05,98.706,3.341,6.757,3.043,0.587,0.297,0.219,3.023,14.21,14.894,21.008,NORMAL,0.0,-1.0,100.0
E001,T1-0000,2282.0,260.51424,234,2600.309,-1.849,73.746,55.0,38.013,48.843,3864.895,97.218,95.877,97.675,99.759,655.221,651.379,652.338,655.158,87.947,98.695,3.348,6.755,3.027,0.587,0.302,0.217,2.985,14.209,14.719,21.0,NORMAL,0.0,-1.0,100.0
E001,T1-0000,2283.0,260.51452,235,2589.791,-1.781,73.844,55.0,38.063,48.978,3868.023,97.649,95.799,97.66,99.352,657.716,652.696,650.42,657.605,88.045,98.832,3.341,6.77,3.05,0.586,0.302,0.216,2.999,14.197,14.875,21.004,NORMAL,0.0,-1.0,100.0
E001,T1-0000,2284.0,260.51479,236,2579.273,-1.712,73.942,55.0,38.113,49.025,3872.583,96.644,95.609,97.727,99.417,655.229,652.667,653.921,659.431,88.063,98.804,3.346,6.789,3.043,0.607,0.299,0.214,3.006,14.195,14.675,21.011,NORMAL,0.0,-1.0,100.0
E001,T1-0000,2285.0,260.51507,237,2568.755,-1.644,74.04,55.0,38.164,49.171,3874.793,96.075,95.469,97.895,99.583,655.373,654.175,655.252,658.332,88.014,98.669,3.339,6.802,3.049,0.612,0.295,0.219,2.958,14.192,14.756,21.013,NORMAL,0.0,-1.0,100.0
E001,T1-0000,2286.0,260.51535,238,2558.238,-1.576,74.138,55.0,38.214,49.162,3875.475,95.557,95.385,98.265,99.351,655.044,653.555,652.739,657.745,88.012,98.727,3.346,6.811,3.027,0.63,0.294,0.219,2.931,14.213,15.154,21.013,NORMAL,0.0,-1.0,100.0
E001,T1-0000,2287.0,260.51563,239,2547.72,-1.507,74.236,55.0,38.265,49.151,3876.2,95.946,95.757,98.026,99.75,656.729,655.75,650.493,656.212,88.149,98.753,3.352,6.82,3.045,0.617,0.292,0.22,2.976,14.16,14.89,21.012,NORMAL,0.0,-1.0,100.0
E001,T1-0000,2288.0,260.5159,240,2537.202,-1.439,74.334,55.0,38.316,49.303,3876.272,95.339,96.066,98.284,99.592,657.238,657.913,650.843,657.609,88.073,98.755,3.343,6.827,3.038,0.609,0.291,0.217,2.941,14.205,14.658,21.011,NORMAL,0.0,-1.0,100.0
E001,T1-0000,2289.0,260.51618,241,2526.684,-1.371,74.432,55.0,38.366,49.372,3879.382,95.886,95.889,99.102,99.192,656.769,657.57,654.331,659.401,88.052,98.726,3.349,6.842,3.045,0.609,0.291,0.218,2.959,14.211,14.812,21.015,NORMAL,0.0,-1.0,100.0
E001,T1-0000,2290.0,260.51646,242,2516.167,-1.302,74.531,55.0,38.417,49.349,3878.813,95.794,96.119,99.429,99.795,657.92,657.012,654.816,659.228,88.202,98.791,3.344,6.849,3.072,0.612,0.292,0.222,2.942,14.182,15.182,21.012,NORMAL,0.0,-1.0,100.0
E001,T1-0000,2291.0,260.51674,243,2505.649,-1.234,74.63,55.0,38.468,49.487,3881.582,95.385,96.213,99.465,100.2,658.141,654.966,656.679,658.849,88.026,98.79,3.341,6.863,3.044,0.609,0.29,0.222,2.942,14.194,15.101,21.015,NORMAL,0.0,-1.0,100.0
E001,T1-0000,2292.0,260.51702,244,2495.131,-1.166,74.728,55.0,38.519,49.57,3882.138,95.788,96.57,99.928,99.851,657.057,656.807,655.124,660.057,87.928,98.845,3.345,6.872,3.051,0.608,0.293,0.22,2.888,14.204,14.985,21.015,NORMAL,0.0,-1.0,100.0
E001,T1-0000,2293.0,260.51729,245,2484.614,-1.097,74.827,55.0,38.57,49.561,3886.476,96.228,97.366,99.949,100.312,655.076,653.859,657.601,659.631,88.083,98.915,3.348,6.89,3.053,0.617,0.301,0.219,2.871,14.223,14.872,21.021,NORMAL,0.0,-1.0,100.0
E001,T1-0000,2294.0,260.51757,246,2474.096,-1.029,74.926,55.0,38.621,49.647,3884.488,95.955,97.864,99.667,100.362,659.652,654.92,655.376,657.269,88.082,98.829,3.355,6.892,3.045,0.63,0.296,0.221,2.879,14.203,15.002,21.015,NORMAL,0.0,-1.0,100.0
E001,T1-0000,2295.0,260.51785,247,2463.578,-0.96,75.025,55.0,38.672,49.854,3882.107,95.368,97.886,99.837,100.313,657.473,654.791,654.027,656.253,88.057,98.73,3.349,6.894,3.056,0.619,0.293,0.222,2.866,14.21,15.099,21.009,NORMAL,0.0,-1.0,100.0
E001,T1-0000,2296.0,260.51813,248,2453.06,-0.892,75.124,55.0,38.723,49.799,3878.393,95.42,98.211,99.648,100.46,657.317,654.764,657.229,657.418,88.061,98.814,3.344,6.892,3.032,0.612,0.291,0.224,2.876,14.202,14.963,21.0,NORMAL,0.0,-1.0,100.0
E001,T1-0000,2297.0,260.5184,249,2442.543,-0.824,75.223,55.0,38.774,49.915,3881.077,95.049,98.224,99.578,100.459,656.031,655.763,659.071,655.863,87.979,98.877,3.352,6.907,3.042,0.624,0.289,0.229,2.902,14.196,15.031,21.004,NORMAL,0.0,-1.0,100.0
E001,T1-0000,2298.0,260.51868,250,2432.025,-0.755,75.323,55.0,38.825,49.875,3883.425,95.517,98.094,99.151,100.157,653.966,654.971,655.819,654.853,87.844,98.819,3.351,6.92,3.035,0.632,0.288,0.225,2.91,14.183,14.95,21.006,NORMAL,0.0,-1.0,100.0
E001,T1-0000,2299.0,260.51896,251,2421.507,-0.687,75.422,55.0,38.876,50.097,3886.239,95.294,98.575,99.704,100.497,655.945,655.753,657.53,655.442,88.084,98.877,3.351,6.935,3.03,0.626,0.288,0.223,2.921,14.237,14.935,21.01,NORMAL,0.0,-1.0,100.0
E001,T1-0000,2300.0,260.51924,252,2410.989,-0.619,75.522,55.0,38.928,50.111,3883.349,95.6,98.951,99.266,101.129,658.115,658.39,658.185,655.988,88.047,98.755,3.344,6.935,3.043,0.616,0.288,0.221,2.955,14.21,14.856,21.003,NORMAL,0.0,-1.0,100.0
E001,T1-0000,2301.0,260.51952,253,2400.472,-0.55,75.621,55.0,38.979,50.136,3888.732,95.927,98.385,99.59,101.222,657.626,657.527,660.504,655.331,87.871,98.844,3.354,6.956,3.045,0.631,0.29,0.22,3.013,14.175,14.836,21.011,NORMAL,0.0,-1.0,100.0
E001,T1-0000,2302.0,260.51979,254,2389.954,-0.482,75.721,55.0,39.031,50.18,3892.593,96.252,97.637,99.779,100.801,657.64,657.28,660.268,655.464,87.939,98.797,3.352,6.973,3.046,0.639,0.289,0.218,3.021,14.173,15.022,21.016,NORMAL,0.0,-1.0,100.0
E001,T1-0000,2303.0,260.52007,255,2379.436,-0.414,75.821,55.0,39.082,50.302,3894.168,96.474,97.435,99.725,100.757,657.604,659.831,659.723,657.983,88.031,98.929,3.359,6.984,3.064,0.645,0.29,0.217,3.004,14.187,15.136,21.018,NORMAL,0.0,-1.0,100.0
E001,T1-0000,2304.0,260.52035,0,2368.918,-0.345,75.921,55.0,39.134,50.411,3897.733,96.406,97.793,99.621,100.404,658.492,660.439,661.838,658.816,87.862,98.886,3.346,7.001,3.051,0.647,0.292,0.216,3.021,14.211,14.995,21.023,NORMAL,0.0,-1.0,100.0
E001,T1-0000,2305.0,260.52063,1,2358.401,-0.277,76.021,55.0,39.185,50.508,3901.104,96.755,97.603,99.822,100.143,658.114,660.117,663.549,658.408,87.964,98.877,3.356,7.017,3.054,0.637,0.296,0.218,3.016,14.193,14.785,21.027,NORMAL,0.0,-1.0,100.0
E001,T1-0000,2306.0,260.5209,2,2347.883,-0.208,76.121,55.0,39.237,50.527,3900.216,97.043,97.792,100.088,100.018,656.568,658.792,662.773,659.17,88.106,98.903,3.357,7.022,3.049,0.621,0.293,0.216,3.056,14.171,15.091,21.024,NORMAL,0.0,-1.0,100.0
E001,T1-0000,2307.0,260.52118,3,2337.365,-0.14,76.221,55.0,39.288,50.527,3905.248,97.071,98.143,100.131,99.589,656.115,654.255,662.131,657.744,88.151,98.867,3.356,7.042,3.07,0.637,0.301,0.216,3.06,14.211,14.575,21.031,NORMAL,0.0,-1.0,100.0
E001,T1-0000,2308.0,260.52146,4,2326.847,-0.072,76.322,55.0,39.34,50.656,3909.892,96.9,98.538,100.364,99.646,656.724,658.984,663.274,657.917,88.05,98.897,3.361,7.061,3.071,0.629,0.298,0.215,3.055,14.214,14.615,21.038,NORMAL,0.0,-1.0,100.0
E001,T1-0000,2309.0,260.52174,5,2316.33,-0.003,76.422,55.0,39.392,50.663,3908.267,96.85,98.631,100.433,99.649,657.134,663.009,662.322,656.952,88.247,99.01,3.358,7.065,3.064,0.637,0.297,0.214,3.046,14.226,14.982,21.034,NORMAL,0.0,-1.0,100.0
E001,T1-0000,2310.0,260.52202,6,2305.812,0.065,76.523,55.0,39.444,50.779,3912.197,96.72,98.568,100.301,100.248,658.975,664.045,661.848,659.986,88.066,98.917,3.363,7.082,3.049,0.637,0.301,0.218,3.049,14.209,15.231,21.039,NORMAL,0.0,-1.0,100.0
E001,T1-0000,2311.0,260.52229,7,2295.294,0.133,76.623,55.0,39.496,50.825,3908.664,96.802,98.209,100.473,99.921,659.076,666.956,661.441,660.672,88.021,98.996,3.356,7.081,3.064,0.635,0.301,0.216,3.062,14.193,14.914,21.031,NORMAL,0.0,-1.0,100.0
E001,T1-0000,2312.0,260.52257,8,2284.776,0.202,76.724,55.0,39.548,50.803,3907.692,97.422,98.091,100.196,99.618,661.257,664.495,659.528,663.063,88.067,98.893,3.359,7.086,3.05,0.621,0.296,0.218,3.051,14.193,15.105,21.027,NORMAL,0.0,-1.0,100.0
E001,T1-0000,2313.0,260.52285,9,2274.259,0.27,76.825,55.0,39.6,50.999,3909.178,96.854,97.727,100.143,99.982,661.518,662.551,661.188,662.388,88.146,98.859,3.368,7.098,3.047,0.611,0.298,0.219,3.065,14.193,14.844,21.028,NORMAL,0.0,-1.0,100.0
E001,T1-0000,2314.0,260.52313,10,2263.741,0.338,76.926,55.0,39.652,51.08,3913.036,96.913,97.551,99.769,100.113,662.24,662.093,663.652,663.89,88.25,98.999,3.36,7.115,3.03,0.608,0.297,0.219,3.055,14.189,14.745,21.033,NORMAL,0.0,-1.0,100.0
E001,T1-0000,2315.0,260.5234,11,2253.223,0.407,77.027,55.0,39.704,51.074,3919.538,96.694,97.765,100.316,100.012,661.943,663.61,662.027,663.1,88.233,98.837,3.367,7.139,3.035,0.605,0.302,0.219,3.097,14.202,15.044,21.044,NORMAL,0.0,-1.0,100.0
E001,T1-0000,2316.0,260.52368,12,2242.706,0.475,77.129,55.0,39.756,51.25,3917.859,96.866,97.606,100.481,100.308,660.963,667.243,659.453,664.589,88.303,98.968,3.361,7.142,3.035,0.642,0.302,0.218,3.048,14.189,15.045,21.039,NORMAL,0.0,-1.0,100.0
E001,T1-0000,2317.0,260.52396,13,2232.188,0.544,77.23,55.0,39.808,51.244,3918.48,97.244,97.739,100.506,100.639,663.854,666.059,659.422,663.329,88.26,98.947,3.368,7.152,3.064,0.656,0.304,0.22,3.031,14.166,14.665,21.038,NORMAL,0.0,-1.0,100.0
E001,T1-0000,2318.0,260.52424,14,2221.67,0.612,77.331,55.0,39.861,51.259,3918.57,97.161,97.921,100.515,100.968,662.966,665.249,659.413,663.868,88.371,98.98,3.361,7.159,3.023,0.652,0.302,0.218,3.008,14.182,14.885,21.037,NORMAL,0.0,-1.0,100.0
E001,T1-0000,2319.0,260.52452,15,2211.152,0.68,77.433,55.0,39.913,51.352,3912.357,97.469,98.515,100.286,100.915,663.094,664.34,661.415,663.898,88.193,99.029,3.361,7.151,3.049,0.638,0.305,0.219,3.013,14.179,15.128,21.023,NORMAL,0.0,-1.0,100.0
E001,T1-0000,2320.0,260.52479,16,2200.635,0.749,77.535,55.0,39.965,51.447,3914.248,97.361,98.137,100.034,100.756,661.524,662.194,663.361,661.981,88.32,98.878,3.368,7.164,3.046,0.646,0.301,0.22,2.996,14.21,14.994,21.025,NORMAL,0.0,-1.0,100.0
E001,T1-0000,2321.0,260.52507,17,2190.117,0.817,77.637,55.0,40.018,51.536,3921.561,97.302,97.828,99.78,100.549,661.021,663.948,663.02,663.283,88.445,99.057,3.36,7.19,3.061,0.636,0.297,0.217,2.942,14.159,15.073,21.037,NORMAL,0.0,-1.0,100.0
E001,T1-0000,2322.0,260.52535,18,2179.599,0.885,77.738,55.0,40.07,51.587,3923.15,97.015,97.577,99.64,100.241,662.276,664.681,664.225,664.012,88.362,99.066,3.372,7.202,3.058,0.636,0.294,0.215,2.97,14.197,14.999,21.038,NORMAL,0.0,-1.0,100.0
E001,T1-0000,2323.0,260.52563,19,2169.081,0.954,77.84,55.0,40.123,51.675,3923.78,97.454,97.262,99.315,100.544,664.435,667.477,665.309,662.828,88.476,99.004,3.366,7.211,3.061,0.63,0.295,0.214,2.947,14.158,15.241,21.037,NORMAL,0.0,-1.0,100.0
E001,T1-0000,2324.0,260.5259,20,2158.564,1.022,77.943,55.0,40.176,51.692,3924.307,97.047,97.262,99.657,100.678,666.714,670.344,666.221,662.478,88.441,99.09,3.37,7.22,3.073,0.629,0.293,0.218,2.957,14.187,14.748,21.037,NORMAL,0.0,-1.0,100.0
E001,T1-0000,2325.0,260.52618,21,2148.046,1.09,78.045,55.0,40.228,51.759,3929.838,97.185,97.104,99.744,101.035,667.935,668.197,665.592,662.724,88.414,99.067,3.366,7.242,3.057,0.627,0.295,0.217,2.914,14.156,15.142,21.045,NORMAL,0.0,-1.0,100.0
E001,T1-0000,2326.0,260.52646,22,2137.528,1.159,78.147,55.0,40.281,51.848,3927.542,97.212,97.213,100.056,101.415,667.088,665.116,666.529,662.258,88.398,99.1,3.364,7.244,3.031,0.64,0.3,0.215,2.923,14.161,14.993,21.039,NORMAL,0.0,-1.0,100.0
E001,T1-0000,2327.0,260.52674,23,2127.01,1.227,78.25,55.0,40.334,51.928,3929.884,97.022,97.846,100.128,101.252,661.572,664.086,665.357,663.956,88.316,99.266,3.363,7.258,3.036,0.63,0.299,0.217,2.938,14.166,14.795,21.042,NORMAL,0.0,-1.0,100.0
E001,T1-0000,2328.0,260.52702,24,2116.493,1.296,78.352,55.0,40.387,51.949,3932.876,97.044,98.479,99.823,100.881,666.099,665.373,665.743,667.031,88.25,99.078,3.371,7.274,3.052,0.64,0.302,0.223,2.926,14.212,14.826,21.045,NORMAL,0.0,-1.0,100.0
E001,T1-0000,2329.0,260.52729,25,2105.975,1.364,78.455,55.0,40.44,52.046,3937.955,96.833,98.454,99.247,100.851,667.011,664.98,664.198,665.214,88.412,99.126,3.371,7.294,3.054,0.626,0.298,0.222,2.914,14.214,15.215,21.053,NORMAL,0.0,-1.0,100.0
E001,T1-0000,2330.0,260.52757,26,2095.457,1.432,78.558,55.0,40.493,52.035,3933.626,96.916,99.003,99.896,101.03,667.409,665.054,666.834,663.813,88.542,99.133,3.369,7.291,3.045,0.63,0.298,0.223,2.911,14.219,14.909,21.043,NORMAL,0.0,-1.0,100.0
E001,T1-0000,2331.0,260.52785,27,2084.939,1.501,78.66,55.0,40.546,52.132,3933.066,97.209,99.088,100.37,100.272,667.645,664.808,666.904,667.508,88.365,99.167,3.37,7.298,3.06,0.622,0.3,0.224,2.929,14.182,14.927,21.04,NORMAL,0.0,-1.0,100.0
E001,T1-0000,2332.0,260.52813,28,2074.422,1.569,78.763,55.0,40.599,52.254,3934.984,97.346,99.27,100.052,100.913,667.068,664.784,667.858,665.141,88.391,99.174,3.377,7.31,3.048,0.619,0.298,0.223,2.962,14.18,14.809,21.042,NORMAL,0.0,-1.0,100.0
E001,T1-0000,2333.0,260.5284,29,2063.904,1.637,78.866,55.0,40.652,52.424,3935.463,96.716,99.135,99.685,100.779,665.037,668.044,666.895,666.822,88.466,99.143,3.377,7.319,3.029,0.609,0.302,0.226,2.923,14.21,14.906,21.041,NORMAL,0.0,-1.0,100.0
E001,T1-0000,2334.0,260.52868,30,2053.386,1.706,78.97,55.0,40.705,52.411,3937.666,97.166,99.459,99.918,101.02,670.476,665.163,667.772,666.839,88.338,99.158,3.37,7.333,3.049,0.624,0.298,0.228,2.959,14.193,14.615,21.043,NORMAL,0.0,-1.0,100.0
E001,T1-0000,2335.0,260.52896,31,2042.868,1.774,79.073,55.0,40.758,52.407,3931.083,96.966,99.813,99.576,101.198,667.554,666.259,666.635,667.44,88.399,99.2,3.367,7.324,3.062,0.617,0.296,0.227,2.913,14.204,14.969,21.029,NORMAL,0.0,-1.0,100.0
E001,T1-0000,2336.0,260.52924,32,2032.351,1.843,79.176,55.0,40.812,52.519,3931.836,96.617,100.232,99.295,101.284,669.748,666.525,664.436,668.299,88.341,99.152,3.37,7.334,3.043,0.615,0.294,0.226,2.95,14.19,14.799,21.029,NORMAL,0.0,-1.0,100.0
E001,T1-0000,2337.0,260.52952,33,2021.833,1.911,79.28,55.0,40.865,52.648,3936.053,96.817,99.791,99.519,101.589,668.633,669.1,663.659,668.681,88.456,99.285,3.367,7.353,3.024,0.632,0.298,0.223,2.959,14.193,15.023,21.035,NORMAL,0.0,-1.0,100.0
E001,T1-0000,2338.0,260.52979,34,2011.315,1.979,79.384,55.0,40.918,52.662,3945.993,96.992,100.202,99.379,101.218,667.819,669.485,666.143,669.808,88.274,99.275,3.383,7.386,3.045,0.623,0.295,0.221,2.941,14.195,14.724,21.052,NORMAL,0.0,-1.0,100.0
E001,T1-0000,2339.0,260.53007,35,2000.798,2.048,79.487,55.0,40.972,52.807,3945.747,96.739,99.931,99.357,101.598,669.09,668.392,667.203,668.348,88.39,99.34,3.378,7.394,3.05,0.615,0.296,0.219,2.977,14.198,15.037,21.049,NORMAL,0.0,-1.0,100.0
E001,T1-0000,2340.0,260.53035,36,1990.28,2.116,79.591,55.0,41.025,52.734,3946.32,96.541,99.376,100.086,101.027,668.899,668.898,667.906,669.176,88.451,99.172,3.376,7.403,3.051,0.622,0.3,0.219,2.99,14.202,15.084,21.049,NORMAL,0.0,-1.0,100.0
E001,T1-0000,2341.0,260.53063,37,1979.762,2.184,79.695,55.0,41.079,52.765,3947.015,96.499,99.046,100.118,100.689,668.791,668.338,667.481,667.148,88.389,99.313,3.378,7.413,3.022,0.623,0.298,0.219,3.012,14.21,15.015,21.048,NORMAL,0.0,-1.0,100.0
E001,T1-0000,2342.0,260.5309,38,1969.244,2.253,79.799,55.0,41.133,52.875,3946.799,96.148,99.087,100.98,101.367,669.09,669.83,665.574,665.403,88.246,99.325,3.371,7.42,3.065,0.632,0.294,0.217,3.011,14.224,14.821,21.046,NORMAL,0.0,-1.0,100.0
E001,T1-0000,2343.0,260.53118,39,1958.727,2.321,79.903,55.0,41.186,52.872,3949.044,96.494,99.395,101.438,101.207,671.372,669.757,668.686,667.501,88.175,99.262,3.374,7.434,3.053,0.658,0.294,0.221,3.038,14.182,15.147,21.048,NORMAL,0.0,-1.0,100.0
E001,T1-0000,2344.0,260.53146,40,1948.209,2.389,80.008,55.0,41.24,53.045,3957.001,96.519,99.085,100.997,101.152,671.875,670.905,668.455,666.07,88.284,99.285,3.381,7.463,3.057,0.642,0.293,0.219,3.054,14.204,14.818,21.061,NORMAL,0.0,-1.0,100.0
E001,T1-0000,2345.0,260.53174,41,1937.691,2.458,80.112,55.0,41.294,53.128,3955.169,96.4,98.683,100.809,101.255,670.501,669.698,669.273,668.278,88.318,99.372,3.377,7.466,3.059,0.644,0.293,0.22,3.044,14.222,15.299,21.056,NORMAL,0.0,-1.0,100.0
E001,T1-0000,2346.0,260.53202,42,1927.173,2.526,80.217,55.0,41.348,53.148,3956.463,96.11,98.823,101.448,101.271,669.746,669.621,672.114,671.337,88.015,99.28,3.374,7.478,3.04,0.649,0.292,0.226,3.042,14.189,15.26,21.056,NORMAL,0.0,-1.0,100.0
E001,T1-0000,2347.0,260.53229,43,1916.656,2.595,80.321,55.0,41.402,53.245,3957.426,96.014,98.441,100.824,101.284,670.327,668.339,670.937,673.543,88.098,99.345,3.38,7.488,3.067,0.648,0.293,0.224,3.015,14.22,14.814,21.056,NORMAL,0.0,-1.0,100.0
E001,T1-0000,2348.0,260.53257,44,1906.138,2.663,80.426,55.0,41.456,53.339,3955.442,96.495,98.245,100.793,101.376,670.271,670.776,672.912,675.11,88.149,99.417,3.384,7.491,3.038,0.648,0.294,0.221,2.985,14.211,15.164,21.051,NORMAL,0.0,-1.0,100.0
E001,T1-0000,2349.0,260.53285,45,1895.62,2.731,80.531,55.0,41.51,53.333,3961.323,96.175,97.985,101.043,101.739,672.704,670.816,670.637,674.353,88.234,99.338,3.384,7.515,3.051,0.644,0.298,0.218,2.948,14.174,15.046,21.06,NORMAL,0.0,-1.0,100.0
E001,T1-0000,2350.0,260.53313,46,1885.102,2.8,80.636,55.0,41.564,53.441,3962.167,96.531,98.008,101.161,101.355,673.215,673.604,670.506,673.334,88.227,99.24,3.38,7.525,3.062,0.64,0.297,0.218,2.93,14.223,15.016,21.06,NORMAL,0.0,-1.0,100.0
E001,T1-0000,2351.0,260.5334,47,1874.585,2.868,80.741,55.0,41.618,53.618,3955.892,96.377,98.494,101.35,101.271,673.764,672.648,671.931,671.657,88.105,99.519,3.378,7.517,3.039,0.633,0.296,0.224,2.913,14.217,14.734,21.046,NORMAL,0.0,-1.0,100.0
E001,T1-0000,2352.0,260.53368,48,1864.067,2.936,80.846,55.0,41.672,53.574,3955.062,96.97,98.069,101.148,101.215,670.801,675.634,671.968,671.035,88.149,99.382,3.375,7.522,3.043,0.655,0.294,0.226,2.946,14.22,14.84,21.042,NORMAL,0.0,-1.0,100.0
E001,T1-0000,2353.0,260.53396,49,1853.549,3.005,80.951,55.0,41.727,53.786,3961.749,97.036,98.356,100.969,101.015,673.247,673.794,670.791,671.284,88.028,99.338,3.386,7.548,3.061,0.638,0.292,0.229,2.979,14.183,14.962,21.053,NORMAL,0.0,-1.0,100.0
E001,T1-0000,2354.0,260.53424,50,1843.031,3.073,81.057,55.0,41.781,53.769,3965.84,96.792,98.505,100.666,100.868,675.376,674.532,673.578,672.739,88.079,99.433,3.38,7.567,3.076,0.626,0.291,0.227,2.96,14.209,15.059,21.059,NORMAL,0.0,-1.0,100.0
E001,T1-0000,2355.0,260.53452,51,1832.514,3.141,81.162,55.0,41.835,53.884,3968.784,96.84,98.628,101.004,100.312,675.644,677.072,669.692,670.448,88.071,99.369,3.391,7.583,3.023,0.615,0.305,0.229,2.967,14.188,15.003,21.063,NORMAL,0.0,-1.0,100.0
E001,T1-0000,2356.0,260.53479,52,1821.996,3.21,81.268,55.0,41.89,53.976,3968.533,97.095,98.487,100.68,100.255,672.325,672.282,671.835,671.335,88.032,99.383,3.388,7.591,3.048,0.62,0.301,0.231,2.982,14.199,15.071,21.06,NORMAL,0.0,-1.0,100.0
E001,T1-0000,2357.0,260.53507,53,1811.478,3.278,81.374,55.0,41.944,53.962,3973.385,97.25,98.474,100.944,100.342,671.467,672.732,672.817,671.248,88.114,99.372,3.387,7.611,3.038,0.634,0.303,0.229,2.934,14.238,14.803,21.068,NORMAL,0.0,-1.0,100.0
E001,T1-0000,2358.0,260.53535,54,1800.96,3.347,81.48,55.0,41.999,54.062,3972.319,97.301,98.761,101.097,100.813,671.255,674.018,673.373,670.637,88.176,99.399,3.382,7.617,3.055,0.649,0.304,0.227,2.953,14.192,14.751,21.064,NORMAL,0.0,-1.0,100.0
E001,T1-0000,2359.0,260.53563,55,1790.443,3.415,81.585,55.0,42.053,54.03,3975.766,97.222,99.382,101.666,100.576,669.386,672.659,673.784,671.668,88.077,99.363,3.396,7.634,3.04,0.636,0.302,0.223,2.936,14.2,14.96,21.068,NORMAL,0.0,-1.0,100.0
E001,T1-0000,2360.0,260.5359,56,1779.925,3.483,81.692,55.0,42.108,54.055,3979.022,96.787,98.611,101.902,101.085,670.813,674.781,672.666,672.036,88.039,99.42,3.392,7.651,3.028,0.628,0.298,0.231,2.938,14.197,15.157,21.073,NORMAL,0.0,-1.0,100.0
E001,T1-0000,2361.0,260.53618,57,1769.407,3.552,81.798,55.0,42.163,54.276,3978.94,96.279,98.821,102.316,101.293,672.768,674.15,676.156,672.513,88.069,99.39,3.383,7.659,3.043,0.616,0.305,0.229,2.922,14.213,14.964,21.071,NORMAL,0.0,-1.0,100.0
E001,T1-0000,2362.0,260.53646,58,1758.89,3.62,81.904,55.0,42.218,54.341,3981.574,95.462,98.881,102.175,101.414,674.464,673.047,673.531,671.744,87.801,99.504,3.392,7.674,3.057,0.635,0.306,0.234,2.968,14.203,14.924,21.074,NORMAL,0.0,-1.0,100.0
E001,T1-0000,2363.0,260.53674,59,1748.372,3.688,82.01,55.0,42.272,54.43,3980.845,95.584,98.674,102.565,101.657,676.742,674.302,672.191,674.739,87.982,99.393,3.394,7.681,3.021,0.634,0.305,0.23,2.927,14.201,14.956,21.07,NORMAL,0.0,-1.0,100.0
E001,T1-0000,2364.0,260.53702,60,1737.854,3.757,82.117,55.0,42.327,54.396,3978.184,95.732,98.254,102.495,101.634,673.975,677.036,668.38,673.803,88.105,99.304,3.395,7.682,3.064,0.625,0.307,0.231,2.935,14.162,14.922,21.063,NORMAL,0.0,-1.0,100.0
E001,T1-0000,2365.0,260.53729,61,1727.336,3.825,82.224,55.0,42.382,54.552,3981.765,96.035,98.405,101.881,101.863,672.392,673.928,671.254,673.428,87.966,99.452,3.394,7.699,3.052,0.615,0.301,0.234,2.985,14.207,15.1,21.068,NORMAL,0.0,-1.0,100.0
E001,T1-0000,2366.0,260.53757,62,1716.819,3.893,82.33,55.0,42.437,54.528,3991.038,95.88,98.403,101.789,102.291,672.893,672.076,673.671,674.534,88.152,99.384,3.393,7.732,3.053,0.617,0.302,0.23,3.006,14.207,15.059,21.084,NORMAL,0.0,-1.0,100.0
E001,T1-0000,2367.0,260.53785,63,1706.301,3.962,82.437,55.0,42.492,54.696,3992.161,95.929,98.052,101.264,101.985,674.309,671.698,677.231,673.649,88.158,99.411,3.391,7.743,3.066,0.62,0.301,0.229,2.99,14.206,15.096,21.084,NORMAL,0.0,-1.0,100.0
E001,T1-0000,2368.0,260.53813,64,1695.783,4.03,82.544,55.0,42.548,54.768,3993.697,96.039,98.25,101.216,101.821,671.914,672.412,676.267,672.401,88.188,99.431,3.399,7.755,3.058,0.624,0.299,0.225,2.998,14.2,15.049,21.085,NORMAL,0.0,-1.0,100.0
E001,T1-0000,2369.0,260.5384,65,1685.265,4.099,82.651,55.0,42.603,54.776,3990.691,96.4,98.088,100.636,102.13,674.072,678.399,673.877,673.358,88.16,99.557,3.391,7.756,3.014,0.621,0.303,0.231,3.06,14.185,14.9,21.077,NORMAL,0.0,-1.0,100.0
E001,T1-0000,2370.0,260.53868,66,1674.748,4.167,82.758,55.0,42.658,54.945,3990.496,96.661,98.026,100.237,101.7,673.9,674.768,674.696,673.449,88.041,99.634,3.395,7.763,3.064,0.615,0.299,0.229,3.065,14.227,15.12,21.075,NORMAL,0.0,-1.0,100.0
E001,T1-0000,2371.0,260.53896,67,1664.23,4.235,82.866,55.0,42.713,55.016,3987.776,96.763,97.77,100.43,102.09,672.929,674.439,676.23,674.591,87.916,99.462,3.393,7.765,3.056,0.631,0.304,0.225,3.047,14.167,14.928,21.068,NORMAL,0.0,-1.0,100.0
E001,T1-0000,2372.0,260.53924,68,1653.712,4.304,82.973,55.0,42.769,55.082,3989.355,97.123,97.866,100.634,102.606,675.316,674.476,674.327,674.028,88.103,99.509,3.399,7.777,3.042,0.628,0.304,0.234,3.032,14.194,15.076,21.069,NORMAL,0.0,-1.0,100.0
E001,T1-0000,2373.0,260.53952,69,1643.194,4.372,83.081,55.0,42.824,55.09,3992.727,97.292,97.554,100.519,102.204,673.759,674.948,673.835,674.07,88.146,99.405,3.402,7.795,3.056,0.624,0.303,0.235,3.107,14.19,14.773,21.074,NORMAL,0.0,-1.0,100.0
E001,T1-0000,2374.0,260.53979,70,1632.677,4.44,83.188,55.0,42.88,55.15,3992.803,97.771,98.036,100.369,101.906,672.767,675.098,674.636,677.11,87.956,99.592,3.396,7.803,3.057,0.613,0.304,0.231,3.068,14.215,15.094,21.072,NORMAL,0.0,-1.0,100.0
E001,T1-0000,2375.0,260.54007,71,1622.159,4.509,83.296,55.0,42.935,55.292,3997.933,97.851,97.663,100.526,101.746,674.442,674.795,673.769,680.016,87.993,99.587,3.397,7.825,3.049,0.623,0.309,0.227,3.049,14.237,15.148,21.08,NORMAL,0.0,-1.0,100.0
E001,T1-0000,2376.0,260.54035,72,1611.641,4.577,83.404,55.0,42.991,55.351,3998.644,97.843,97.537,100.223,101.173,675.618,673.101,673.681,680.213,88.007,99.518,3.397,7.836,3.039,0.619,0.31,0.224,2.984,14.225,15.018,21.079,NORMAL,0.0,-1.0,100.0
E001,T1-0000,2377.0,260.54063,73,1601.123,4.645,83.512,55.0,43.046,55.272,3999.562,98.109,97.962,100.172,101.025,675.411,671.257,673.093,678.781,87.964,99.49,3.397,7.846,3.082,0.617,0.309,0.221,3.032,14.192,15.236,21.079,NORMAL,0.0,-1.0,100.0
E001,T1-0000,2378.0,260.5409,74,1590.606,4.714,83.62,55.0,43.102,55.379,3998.315,97.786,97.737,100.043,100.953,672.644,669.52,677.144,680.841,88.165,99.622,3.392,7.851,3.061,0.637,0.305,0.22,3.002,14.213,15.205,21.074,NORMAL,0.0,-1.0,100.0
E001,T1-0000,2379.0,260.54118,75,1580.088,4.782,83.728,55.0,43.158,55.54,4003.207,97.936,98.069,99.734,100.145,675.774,673.817,677.588,682.054,88.129,99.656,3.401,7.873,3.062,0.63,0.303,0.218,3.022,14.18,15.179,21.082,NORMAL,0.0,-1.0,100.0
E001,T1-0000,2380.0,260.54146,76,1569.57,4.851,83.837,55.0,43.214,55.652,4003.215,98.319,98.217,98.969,100.506,673.044,674.537,677.408,677.4,88.294,99.606,3.403,7.881,3.051,0.641,0.305,0.222,3.059,14.215,15.155,21.08,NORMAL,0.0,-1.0,100.0
E001,T1-0000,2381.0,260.54174,77,1559.053,4.919,83.945,55.0,43.27,55.712,4001.516,98.081,98.556,98.996,100.22,674.983,676.173,677.003,677.461,88.131,99.638,3.401,7.885,3.039,0.632,0.307,0.221,3.021,14.206,15.13,21.075,NORMAL,0.0,-1.0,100.0
E001,T1-0000,2382.0,260.54202,78,1548.535,4.987,84.054,55.0,43.326,55.808,4005.162,98.125,98.564,99.256,100.507,674.969,677.155,674.523,680.145,88.134,99.608,3.399,7.903,3.024,0.627,0.301,0.221,3.058,14.189,14.911,21.08,NORMAL,0.0,-1.0,100.0
E001,T1-0000,2383.0,260.54229,79,1538.017,5.056,84.162,55.0,43.382,55.823,4003.642,97.989,98.752,98.889,100.916,675.717,676.682,677.942,680.464,88.194,99.688,3.403,7.907,3.059,0.624,0.301,0.222,3.062,14.21,14.635,21.075,NORMAL,0.0,-1.0,100.0
E001,T1-0000,2384.0,260.54257,80,1527.499,5.124,84.271,55.0,43.438,55.891,4005.922,98.235,98.515,99.065,100.854,674.927,677.45,677.526,682.451,88.153,99.545,3.393,7.922,3.019,0.622,0.305,0.223,3.0,14.192,14.863,21.077,NORMAL,0.0,-1.0,100.0
E001,T1-0000,2385.0,260.54285,81,1516.982,5.192,84.38,55.0,43.494,55.986,4007.114,98.622,98.163,99.75,100.761,675.696,676.358,675.763,684.101,88.11,99.648,3.401,7.934,3.04,0.615,0.301,0.22,2.95,14.181,14.835,21.077,NORMAL,0.0,-1.0,100.0
E001,T1-0000,2386.0,260.54313,82,1506.464,5.261,84.489,55.0,43.55,56.109,4009.11,99.095,97.932,99.727,101.12,675.925,675.039,674.775,680.933,87.986,99.614,3.4,7.948,3.058,0.618,0.304,0.221,2.988,14.19,14.948,21.079,NORMAL,0.0,-1.0,100.0
E001,T1-0000,2387.0,260.5434,83,1495.946,5.329,84.598,55.0,43.606,56.02,4012.096,99.087,97.704,100.334,101.171,677.519,676.551,675.221,677.346,88.161,99.67,3.402,7.964,3.048,0.618,0.3,0.222,2.963,14.202,14.817,21.083,NORMAL,0.0,-1.0,100.0
E001,T1-0000,2388.0,260.54368,84,1485.428,5.398,84.707,55.0,43.663,56.165,4014.652,99.363,97.518,100.255,101.354,678.57,676.498,676.005,678.74,88.158,99.721,3.409,7.98,3.07,0.613,0.296,0.22,2.969,14.17,15.042,21.086,NORMAL,0.0,-1.0,100.0
E001,T1-0000,2389.0,260.54396,85,1474.911,5.466,84.817,55.0,43.719,56.281,4015.409,99.056,97.976,100.235,101.267,676.962,678.217,677.484,678.972,88.089,99.62,3.409,7.99,3.049,0.619,0.297,0.218,2.995,14.201,14.693,21.085,NORMAL,0.0,-1.0,100.0
E001,T1-0000,2390.0,260.54424,86,1464.393,5.534,84.926,55.0,43.775,56.296,4014.306,98.822,97.921,100.449,101.488,677.483,677.451,676.742,678.43,88.247,99.552,3.399,7.995,3.049,0.644,0.298,0.216,2.999,14.22,14.839,21.081,NORMAL,0.0,-1.0,100.0
E001,T1-0000,2391.0,260.54452,87,1453.875,5.603,85.036,55.0,43.832,56.406,4013.489,98.413,96.908,100.775,100.897,677.765,678.889,678.232,678.125,88.311,99.685,3.406,8.002,3.03,0.638,0.301,0.215,2.994,14.168,15.082,21.078,NORMAL,0.0,-1.0,100.0
E001,T1-0000,2392.0,260.54479,88,1443.357,5.671,85.145,55.0,43.888,56.524,4017.372,98.392,96.635,100.981,100.806,682.026,679.457,678.644,677.535,87.995,99.714,3.405,8.021,3.035,0.633,0.308,0.214,2.975,14.233,14.873,21.083,NORMAL,0.0,-1.0,100.0
E001,T1-0000,2393.0,260.54507,89,1432.84,5.739,85.255,55.0,43.945,56.594,4021.238,99.632,97.564,101.304,101.294,681.233,675.84,681.163,679.08,88.128,99.625,3.41,8.04,3.044,0.623,0.304,0.215,2.952,14.17,15.102,21.088,NORMAL,0.0,-1.0,100.0
E001,T1-0000,2394.0,260.54535,90,1422.322,5.808,85.365,55.0,44.002,56.599,4018.298,100.187,97.566,101.479,101.681,681.531,678.274,679.369,678.804,87.984,99.79,3.405,8.041,3.053,0.638,0.309,0.22,2.97,14.183,14.877,21.081,NORMAL,0.0,-1.0,100.0
E001,T1-0000,2395.0,260.54563,91,1411.804,5.876,85.475,55.0,44.058,56.652,4019.56,99.467,97.738,101.439,101.766,682.719,681.717,678.851,681.721,87.996,99.705,3.407,8.053,3.065,0.642,0.309,0.218,2.98,14.195,15.107,21.081,NORMAL,0.0,-1.0,100.0
E001,T1-0000,2396.0,260.5459,92,1401.286,5.944,85.585,55.0,44.115,56.732,4021.726,99.337,97.462,102.073,101.835,682.217,680.919,682.628,682.046,87.95,99.69,3.409,8.068,3.058,0.638,0.304,0.218,2.968,14.23,15.012,21.083,NORMAL,0.0,-1.0,100.0
E001,T1-0000,2397.0,260.54618,93,1390.769,6.013,85.696,55.0,44.172,56.819,4027.833,98.771,97.786,101.834,101.696,681.847,681.675,682.256,685.592,88.124,99.766,3.412,8.093,3.046,0.657,0.303,0.221,2.972,14.235,14.773,21.093,NORMAL,0.0,-1.0,100.0
E001,T1-0000,2398.0,260.54646,94,1380.251,6.081,85.806,55.0,44.229,56.971,4027.26,97.878,97.402,101.812,101.646,683.089,681.04,682.936,686.888,88.186,99.717,3.414,8.1,3.052,0.646,0.301,0.22,2.972,14.164,15.063,21.09,NORMAL,0.0,-1.0,100.0
E001,T1-0000,2399.0,260.54674,95,1369.733,6.15,85.916,55.0,44.286,56.887,4025.12,97.394,97.292,101.657,102.037,679.956,682.841,680.887,684.364,88.023,99.686,3.416,8.102,3.073,0.631,0.305,0.222,2.999,14.218,14.938,21.084,NORMAL,0.0,-1.0,100.0
